id,page,raw_text,clean_text,title,theme,text_type,notes
page_1,1,"ANKARA - 2023
TÜRKÇE
8
DERS KİTABI
YAZAR
Osman BABADAĞ
",ANKARA - 2023 TÜRKÇE 8 DERS KİTABI YAZAR Osman BABADAĞ,,,,
page_2,2,"Görsel Tasarım Uzmanı
Fatih SAĞLAM
YÜMER
Grafik Tasarım Uzmanı
YÜMER
MEB HAYAT BOYU ÖĞRENME GENEL MÜDÜRLÜĞÜ YAYINLARI
AÇIK ÖĞRETİM OKULLARI
Copyright  c  MEB
Her hakkı saklıdır. MillÎ Eğitim Bakanlığına aittir. Tümü ya da bölümleri izin 
alınmadan hiçbir şekilde çoğaltılamaz, basılamaz ve dağıtılamaz.
","Görsel Tasarım Uzmanı Fatih SAĞLAM YÜMER Grafik Tasarım Uzmanı YÜMER MEB HAYAT BOYU ÖĞRENME GENEL MÜDÜRLÜĞÜ YAYINLARI AÇIK ÖĞRETİM OKULLARI Copyright c MEB Her hakkı saklıdır. MillÎ Eğitim Bakanlığına aittir. Tümü ya da bölümleri izin alınmadan hiçbir şekilde çoğaltılamaz, basılamaz ve dağıtılamaz.",,,,
page_3,3,"İSTİKLÂL MARŞI
Korkma, sönmez bu şafaklarda yüzen al sancak;
Sönmeden yurdumun üstünde tüten en son ocak.
O benim milletimin yıldızıdır, parlayacak;
O benimdir, o benim milletimindir ancak.
Çatma, kurban olayım, çehreni ey nazlı hilâl!
Kahraman ırkıma bir gül! Ne bu şiddet, bu celâl?
Sana olmaz dökülen kanlarımız sonra helâl.
Hakkıdır Hakk’a tapan milletimin istiklâl.
Ben ezelden beridir hür yaşadım, hür yaşarım.
Hangi çılgın bana zincir vuracakmış? Şaşarım!
Kükremiş sel gibiyim, bendimi çiğner, aşarım.
Yırtarım dağları, enginlere sığmam, taşarım.
Garbın âfâkını sarmışsa çelik zırhlı duvar,
Benim iman dolu göğsüm gibi serhaddim var.
Ulusun, korkma! Nasıl böyle bir imanı boğar,
Medeniyyet dediğin tek dişi kalmış canavar?
Arkadaş, yurduma alçakları uğratma sakın;
Siper et gövdeni, dursun bu hayâsızca akın.
Doğacaktır sana va’dettiği günler Hakk’ın;
Kim bilir, belki yarın, belki yarından da yakın.
Bastığın yerleri toprak diyerek geçme, tanı:
Düşün altındaki binlerce kefensiz yatanı.
Sen şehit oğlusun, incitme, yazıktır, atanı:
Verme, dünyaları alsan da bu cennet vatanı.
Kim bu cennet vatanın uğruna olmaz ki feda?
Şüheda fışkıracak toprağı sıksan, şüheda!
Cânı, cânânı, bütün varımı alsın da Huda,
Etmesin tek vatanımdan beni dünyada cüda.
Ruhumun senden İlâhî, şudur ancak emeli:
Değmesin mabedimin göğsüne nâmahrem eli.
Bu ezanlar -ki şehadetleri dinin temeli-
Ebedî yurdumun üstünde benim inlemeli.
O zaman vecd ile bin secde eder -varsa- taşım,
Her cerîhamdan İlâhî, boşanıp kanlı yaşım,
Fışkırır ruh-ı mücerret gibi yerden na’şım;
O zaman yükselerek arşa değer belki başım.
Dalgalan sen de şafaklar gibi ey şanlı hilâl!
Olsun artık dökülen kanlarımın hepsi helâl.
Ebediyyen sana yok, ırkıma yok izmihlâl;
Hakkıdır hür yaşamış bayrağımın hürriyet;
Hakkıdır Hakk’a tapan milletimin istiklâl!
Mehmet Âkif ERSOY
","İSTİKLÂL MARŞI Korkma, sönmez bu şafaklarda yüzen al sancak; Sönmeden yurdumun üstünde tüten en son ocak. O benim milletimin yıldızıdır, parlayacak; O benimdir, o benim milletimindir ancak. Çatma, kurban olayım, çehreni ey nazlı hilâl! Kahraman ırkıma bir gül! Ne bu şiddet, bu celâl? Sana olmaz dökülen kanlarımız sonra helâl. Hakkıdır Hakk’a tapan milletimin istiklâl. Ben ezelden beridir hür yaşadım, hür yaşarım. Hangi çılgın bana zincir vuracakmış? Şaşarım! Kükremiş sel gibiyim, bendimi çiğner, aşarım. Yırtarım dağları, enginlere sığmam, taşarım. Garbın âfâkını sarmışsa çelik zırhlı duvar, Benim iman dolu göğsüm gibi serhaddim var. Ulusun, korkma! Nasıl böyle bir imanı boğar, Medeniyyet dediğin tek dişi kalmış canavar? Arkadaş, yurduma alçakları uğratma sakın; Siper et gövdeni, dursun bu hayâsızca akın. Doğacaktır sana va’dettiği günler Hakk’ın; Kim bilir, belki yarın, belki yarından da yakın. Bastığın yerleri toprak diyerek geçme, tanı: Düşün altındaki binlerce kefensiz yatanı. Sen şehit oğlusun, incitme, yazıktır, atanı: Verme, dünyaları alsan da bu cennet vatanı. Kim bu cennet vatanın uğruna olmaz ki feda? Şüheda fışkıracak toprağı sıksan, şüheda! Cânı, cânânı, bütün varımı alsın da Huda, Etmesin tek vatanımdan beni dünyada cüda. Ruhumun senden İlâhî, şudur ancak emeli: Değmesin mabedimin göğsüne nâmahrem eli. Bu ezanlar -ki şehadetleri dinin temeli- Ebedî yurdumun üstünde benim inlemeli. O zaman vecd ile bin secde eder -varsa- taşım, Her cerîhamdan İlâhî, boşanıp kanlı yaşım, Fışkırır ruh-ı mücerret gibi yerden na’şım; O zaman yükselerek arşa değer belki başım. Dalgalan sen de şafaklar gibi ey şanlı hilâl! Olsun artık dökülen kanlarımın hepsi helâl. Ebediyyen sana yok, ırkıma yok izmihlâl; Hakkıdır hür yaşamış bayrağımın hürriyet; Hakkıdır Hakk’a tapan milletimin istiklâl! Mehmet Âkif ERSOY",,,,
page_4,4,"Mustafa Kemal Atatürk
     GENÇLİĞE HİTABE
Ey Türk gençliği! Birinci vazifen, Türk istiklâlini, Türk Cumhuriyetini, ilelebet 
muhafaza ve müdafaa etmektir. 
Mevcudiyetinin ve istikbalinin yegâne temeli budur. Bu temel, senin en kıymetli 
hazinendir. İstikbalde dahi, seni bu hazineden mahrumetmek isteyecek dâhilî ve 
hâricî bedhahların olacaktır. Bir gün, istiklâl ve cumhuriyeti müdafaa 
mecburiyetine düşersen, vazifeye atılmak için, içinde bulunacağın vaziyetin imkân 
ve şeraitini düşünmeyeceksin! Bu imkân ve şerait, çok namüsait bir mahiyette 
tezahür edebilir. İstiklâl ve cumhuriyetine kastedecek düşmanlar, bütün dünyada 
emsali görülmemiş bir galibiyetin mümessili olabilirler. Cebren ve hile ile aziz 
vatanın bütün kaleleri zapt edilmiş, bütün tersanelerine girilmiş, bütün orduları 
dağıtılmış ve memleketin her köşesi bilfiil işgal edilmiş olabilir. Bütün bu şeraitten 
daha elîm ve daha vahim olmak üzere, memleketin dâhilinde iktidara sahip olanlar 
gaflet ve dalâlet ve hattâ hıyanet içinde bulunabilirler. Hattâ bu iktidar sahipleri 
şahsî menfaatlerini, müstevlîlerin siyasî emelleriyle tevhit edebilirler. Millet, fakr u 
zaruret içinde harap ve bîtap düşmüş olabilir.
Ey Türk istikbalinin evlâdı! İşte, bu ahval ve şerait içinde dahi vazifen, Türk 
istiklâl ve cumhuriyetini kurtarmaktır. Muhtaç olduğun kudret, damarlarındaki  
asil kanda mevcuttur.
","Mustafa Kemal Atatürk GENÇLİĞE HİTABE Ey Türk gençliği! Birinci vazifen, Türk istiklâlini, Türk Cumhuriyetini, ilelebet muhafaza ve müdafaa etmektir. Mevcudiyetinin ve istikbalinin yegâne temeli budur. Bu temel, senin en kıymetli hazinendir. İstikbalde dahi, seni bu hazineden mahrumetmek isteyecek dâhilî ve hâricî bedhahların olacaktır. Bir gün, istiklâl ve cumhuriyeti müdafaa mecburiyetine düşersen, vazifeye atılmak için, içinde bulunacağın vaziyetin imkân ve şeraitini düşünmeyeceksin! Bu imkân ve şerait, çok namüsait bir mahiyette tezahür edebilir. İstiklâl ve cumhuriyetine kastedecek düşmanlar, bütün dünyada emsali görülmemiş bir galibiyetin mümessili olabilirler. Cebren ve hile ile aziz vatanın bütün kaleleri zapt edilmiş, bütün tersanelerine girilmiş, bütün orduları dağıtılmış ve memleketin her köşesi bilfiil işgal edilmiş olabilir. Bütün bu şeraitten daha elîm ve daha vahim olmak üzere, memleketin dâhilinde iktidara sahip olanlar gaflet ve dalâlet ve hattâ hıyanet içinde bulunabilirler. Hattâ bu iktidar sahipleri şahsî menfaatlerini, müstevlîlerin siyasî emelleriyle tevhit edebilirler. Millet, fakr u zaruret içinde harap ve bîtap düşmüş olabilir. Ey Türk istikbalinin evlâdı! İşte, bu ahval ve şerait içinde dahi vazifen, Türk istiklâl ve cumhuriyetini kurtarmaktır. Muhtaç olduğun kudret, damarlarındaki asil kanda mevcuttur.",,,,
page_5,5,"MUSTAFA KEMAL ATATÜRK
",MUSTAFA KEMAL ATATÜRK,,,,
page_6,6,,,,,,
page_7,7,"İÇİNDEKİLER
1.TEMA: DOĞA VE EVREN
3.TEMA: ERDEMLER
2.TEMA:  MILLÎ KÜLTÜRÜMÜZ
İlkbahar ......................................................................................................................................... 12
Rize'de Sel ..................................................................................................................................... 16
Tilki ................................................................................................................................................ 25
Ölçme ve Değerlendirme Soruları.............................................................................................. 39
Sarı Sıcak ....................................................................................................................................... 72
Hınk Davası .................................................................................................................................. 87
Dostluk Derken ............................................................................................................................ 90
Ölçme ve Değerlendirme Soruları.............................................................................................. 102
Olamam ......................................................................................................................................... 44
Dükkânlarına Alamet Koyan Çarşı Esnafı  ............................................................................... 48
Oğuz Kağan Destanı .................................................................................................................... 53
Ölçme ve Değerlendirme Soruları.............................................................................................. 67
",İÇİNDEKİLER 1.TEMA: DOĞA VE EVREN 3.TEMA: ERDEMLER 2.TEMA: MILLÎ KÜLTÜRÜMÜZ İlkbahar ......................................................................................................................................... 12 Rize'de Sel ..................................................................................................................................... 16 Tilki ................................................................................................................................................ 25 Ölçme ve Değerlendirme Soruları.............................................................................................. 39 Sarı Sıcak ....................................................................................................................................... 72 Hınk Davası .................................................................................................................................. 87 Dostluk Derken ............................................................................................................................ 90 Ölçme ve Değerlendirme Soruları.............................................................................................. 102 Olamam ......................................................................................................................................... 44 Dükkânlarına Alamet Koyan Çarşı Esnafı ............................................................................... 48 Oğuz Kağan Destanı .................................................................................................................... 53 Ölçme ve Değerlendirme Soruları.............................................................................................. 67,,,,
page_8,8,"6. TEMA: OKUMA
5. TEMA: MILLÎ MÜCADELE
Atatürk Kurtuluş Savaşı'nda ....................................................................................................... 128
Mustafa Kemal Paşa ..................................................................................................................... 133
İlber Ortaylı ile Röportaj ............................................................................................................. 138
Ölçme ve Değerlendirme Soruları.............................................................................................. 148
Türk Dili ........................................................................................................................................ 152
Yaşam Boyu Kullanacağımız Bir Araç........................................................................................ 158
Sait Faik'le Bir Görüşme  ............................................................................................................. 163
Ölçme ve Değerlendirme Soruları.............................................................................................. 174
4.TEMA:  ILETIŞIM
Sürekli İletişim İçindeyiz ............................................................................................................ 106
Selam Ver....................................................................................................................................... 112
İletişim ve Hız ............................................................................................................................... 115
Ölçme ve Değerlendirme Soruları.............................................................................................. 127
",6. TEMA: OKUMA 5. TEMA: MILLÎ MÜCADELE Atatürk Kurtuluş Savaşı'nda ....................................................................................................... 128 Mustafa Kemal Paşa ..................................................................................................................... 133 İlber Ortaylı ile Röportaj ............................................................................................................. 138 Ölçme ve Değerlendirme Soruları.............................................................................................. 148 Türk Dili ........................................................................................................................................ 152 Yaşam Boyu Kullanacağımız Bir Araç........................................................................................ 158 Sait Faik'le Bir Görüşme ............................................................................................................. 163 Ölçme ve Değerlendirme Soruları.............................................................................................. 174 4.TEMA: ILETIŞIM Sürekli İletişim İçindeyiz ............................................................................................................ 106 Selam Ver....................................................................................................................................... 112 İletişim ve Hız ............................................................................................................................... 115 Ölçme ve Değerlendirme Soruları.............................................................................................. 127,,,,
page_9,9,"7.TEMA: SANAT
8.TEMA: ZAMAN VE MEKÂN
Âşık Veysel'e Selam ...................................................................................................................... 178
Mesut İnsanlar Fotoğrafhanesi.................................................................................................... 183
Bina ................................................................................................................................................ 190
Ölçme ve Değerlendirme Soruları.............................................................................................. 202
Bir Oda Bir Saat Sesi .................................................................................................................... 208
Bu Güzel İşi Kim Düşündü? ....................................................................................................... 212
Çalıkuşu Yuvası  ........................................................................................................................... 218
Ölçme ve Değerlendirme Soruları.............................................................................................. 226
Cevap Anahtarı............................................................................................................................. 228
Kaynakça ....................................................................................................................................... 230
",7.TEMA: SANAT 8.TEMA: ZAMAN VE MEKÂN Âşık Veysel'e Selam ...................................................................................................................... 178 Mesut İnsanlar Fotoğrafhanesi.................................................................................................... 183 Bina ................................................................................................................................................ 190 Ölçme ve Değerlendirme Soruları.............................................................................................. 202 Bir Oda Bir Saat Sesi .................................................................................................................... 208 Bu Güzel İşi Kim Düşündü? ....................................................................................................... 212 Çalıkuşu Yuvası ........................................................................................................................... 218 Ölçme ve Değerlendirme Soruları.............................................................................................. 226 Cevap Anahtarı............................................................................................................................. 228 Kaynakça ....................................................................................................................................... 230,,,,
page_10,10,"1. TEMA
DOĞA VE EVREN
",1. TEMA DOĞA VE EVREN,,,,
page_11,11,"İlkbahar 
Rize‛de Sel
Tilki 
Türkiye'de Doğal Afetler 
(Dinleme / İzleme Metni)
ANAHTAR KAVRAMLAR
Doğa	
Doğal Afet	
Doğal Yaşam	
Makale	
Anlatım Biçimi
Haber Yazısı	 Deyim,	
Form	
İlkbahar	
Geçiş ve Bağlantı
Atasözü,			
İfadeleri
Özdeyiş	
","İlkbahar Rize‛de Sel Tilki Türkiye'de Doğal Afetler (Dinleme / İzleme Metni) ANAHTAR KAVRAMLAR Doğa Doğal Afet Doğal Yaşam Makale Anlatım Biçimi Haber Yazısı Deyim, Form İlkbahar Geçiş ve Bağlantı Atasözü, İfadeleri Özdeyiş",,,,
page_12,12,"12
Türkçe 8. Sınıf
   İLKBAHAR
Yağmur geçti kar geçti
Soğuk rüzgârlar geçti
Güneşli bahçelerden
Güzel çocuklar geçti
Meliyor kuzucuklar
Seviniyor çocuklar
Ağaçlar dallar taktı
Binbir renkli boncuklar
Taze hayattır bahar
Ne çok ışık renk saçar
Gezdirin eğlendirin
Gürbüz olsun yavrular
Rüzgârlar ese ese
Hayat verir herkese
Civciv bile kapanmaz
İlkbaharda kümese
  Aka GÜNDÜZ
Çocuk Kitabı
Hazırlık 
1. İçinde yaşadığınız çevreyi gözlemleyiniz. İzlenimlerinizden hareketle
OKUMA
Aşağıdaki şiiri vurgu ve tonlamalara dikkat ederek okuyunuz.
insan ve doğa ilişkisi hakkında neler söyleyebilirsiniz?
2. Aşağıdaki şiirin başlığı ve görseli size neler çağrıştırıyor?
       Buna
göre şiirin konusunu tahmin ediniz?
",Türkçe 8. Sınıf İLKBAHAR Yağmur geçti kar geçti Soğuk rüzgârlar geçti Güneşli bahçelerden Güzel çocuklar geçti Meliyor kuzucuklar Seviniyor çocuklar Ağaçlar dallar taktı Binbir renkli boncuklar Taze hayattır bahar Ne çok ışık renk saçar Gezdirin eğlendirin Gürbüz olsun yavrular Rüzgârlar ese ese Hayat verir herkese Civciv bile kapanmaz İlkbaharda kümese Aka GÜNDÜZ Çocuk Kitabı Hazırlık 1. İçinde yaşadığınız çevreyi gözlemleyiniz. İzlenimlerinizden hareketle OKUMA Aşağıdaki şiiri vurgu ve tonlamalara dikkat ederek okuyunuz. insan ve doğa ilişkisi hakkında neler söyleyebilirsiniz? 2. Aşağıdaki şiirin başlığı ve görseli size neler çağrıştırıyor? Buna göre şiirin konusunu tahmin ediniz?,,,,
page_13,13,"13
1. Tema: Doğa ve Evren
1. ÇALIŞMA
Aşağıdaki kutucuklarda numaralar ile verilen metinde geçen sözcükleri an­
lamlarıyla eşleştiriniz. Numaraları açıklamaların  yanındaki boşluğa yazınız.
1 - Hayat vermek
Sağlam, güçlü ve iyi gelişmiş.
.....
2 - Gürbüz
Koyun, kuzu veya keçi bağırmak.
.....
3 - Melemek
Canlılık vermek, canlandırmak
.....
2. ÇALIŞMA
Aşağıdaki soruları okuduğunuz şiire göre cevaplayınız.
1.
Şiirde temayı bulmak için “Bu şiire hâkim olan duygu nedir?” sorusu sorulur. Buna
göre okuduğunuz şiirin ana duygusunu aşağıda boş bırakılan yere yazınız.
Şiirin ana duygusu:	
2.
Baharın gelişiyle tabiatta nasıl değişiklikler gözlemlenmektedir?
3.
Civciv bile kapanmaz
İlkbaharda kümese
Şair bu dizelerle bahar mevsiminin hangi özelliğini vurgulamak istemiş olabilir?
4.
İlkbaharın gelişi, insan yaşamını hangi yönlerden etkiler?
5.
Ağaçlar dallar taktı
Binbir renkli boncuklar!
Bu dizelerde aşağıdaki edebî sanatlardan hangisine yer verilmiştir?
A) Benzetme (teşbih)
B) Kişileştirme (teşhis)
C) Konuşturma (intak)
D) Karşıtlık(tezat)
3. ÇALIŞMA
Şiirin sizde uyandırdığı duygu ve düşünceleri aşağıdaki noktalı yere yazınız.
……………………………………………………………………………………
……………………………………………………………………………………
","1. Tema: Doğa ve Evren 1. ÇALIŞMA Aşağıdaki kutucuklarda numaralar ile verilen metinde geçen sözcükleri an­ lamlarıyla eşleştiriniz. Numaraları açıklamaların yanındaki boşluğa yazınız. 1 - Hayat vermek Sağlam, güçlü ve iyi gelişmiş. ..... 2 - Gürbüz Koyun, kuzu veya keçi bağırmak. ..... 3 - Melemek Canlılık vermek, canlandırmak ..... 2. ÇALIŞMA Aşağıdaki soruları okuduğunuz şiire göre cevaplayınız. 1. Şiirde temayı bulmak için “Bu şiire hâkim olan duygu nedir?” sorusu sorulur. Buna göre okuduğunuz şiirin ana duygusunu aşağıda boş bırakılan yere yazınız. Şiirin ana duygusu: 2. Baharın gelişiyle tabiatta nasıl değişiklikler gözlemlenmektedir? 3. Civciv bile kapanmaz İlkbaharda kümese Şair bu dizelerle bahar mevsiminin hangi özelliğini vurgulamak istemiş olabilir? 4. İlkbaharın gelişi, insan yaşamını hangi yönlerden etkiler? 5. Ağaçlar dallar taktı Binbir renkli boncuklar! Bu dizelerde aşağıdaki edebî sanatlardan hangisine yer verilmiştir? A) Benzetme (teşbih) B) Kişileştirme (teşhis) C) Konuşturma (intak) D) Karşıtlık(tezat) 3. ÇALIŞMA Şiirin sizde uyandırdığı duygu ve düşünceleri aşağıdaki noktalı yere yazınız. …………………………………………………………………………………… ……………………………………………………………………………………",,,,
page_14,14,"14
Türkçe 8. Sınıf
4. ÇALIŞMA
“İlkbahar” adlı şiiri yakın çevrenize okuyunuz. Şiirle ilgili iki soru hazırlayınız.
Bu soruları şiiri okuduğunuz kişilere sorunuz. 
Hazırladığım sorular: 
1. ......................................................................................................................................
2. ......................................................................................................................................
5. ÇALIŞMA
Okuduğunuz “İlkbahar” adlı şiire farklı bir başlık koymak isteseydiniz,
­
ğinizi açıklayınız. 
……………………………………………………………………………………
……………………………………………………………………………………
6. ÇALIŞMA
Aşağıda “İlkbahar” adlı şiirden alınmış bazı dizeler verilmiştir. Bu dizeleri ifa­
de ettikleri duygularla eşleştiriniz. Bu dizelerde hangi duyguya yer verilmediğini 
belirtiniz. 
1 - Güneşli bahçelerden
      Güzel çocuklar geçti
Sevinç
.....
2 - Meliyor kuzucuklar
      Seviniyor çocuklar
Özgürlük
.....
3 - Civciv bile kapanmaz
      İlkbaharda kümese
Özlem
.....
	
	
			
Beğeni
.....
","Türkçe 8. Sınıf 4. ÇALIŞMA “İlkbahar” adlı şiiri yakın çevrenize okuyunuz. Şiirle ilgili iki soru hazırlayınız. Bu soruları şiiri okuduğunuz kişilere sorunuz. Hazırladığım sorular: 1. ...................................................................................................................................... 2. ...................................................................................................................................... 5. ÇALIŞMA Okuduğunuz “İlkbahar” adlı şiire farklı bir başlık koymak isteseydiniz, ­ ğinizi açıklayınız. …………………………………………………………………………………… …………………………………………………………………………………… 6. ÇALIŞMA Aşağıda “İlkbahar” adlı şiirden alınmış bazı dizeler verilmiştir. Bu dizeleri ifa­ de ettikleri duygularla eşleştiriniz. Bu dizelerde hangi duyguya yer verilmediğini belirtiniz. 1 - Güneşli bahçelerden Güzel çocuklar geçti Sevinç ..... 2 - Meliyor kuzucuklar Seviniyor çocuklar Özgürlük ..... 3 - Civciv bile kapanmaz İlkbaharda kümese Özlem ..... Beğeni .....",,,,
page_15,15,"15
1. Tema: Doğa ve Evren
Şiir
Duygu, hayal ve düşüncelerin bir düzene bağlı olarak, çekici bir dil ve ahenk-
li dizeler içinde aktarılmasına şiir denir. Şiir yazan sanatçılara şair denir. Günü-
müzde şair yerine ozan sözü de kullanılmaktadır.
Özellikleri:
+ Şiirler, bir ana duygu etrafında yazılır. Şiirde “duygu” temel unsurdur ama
duygunun dışında “düşünce” ve “hayal” de vardır.
+ Şiirlerde her bir satıra dize (mısra) denir. Şiiri yazarken her dizenin başında-
ki harf büyük harfle yazılır.
+ Şiirler iki, üç, dört dizelik gibi farklı kümelerden oluşur.
+ Şiirde sözcükler ahenk oluşturacak şekilde bir araya getirilir. Bunun için ölçü
ve kafiye gibi ahenk unsurları kullanılır.
+ Her şiirin bir başlığı vardır. Başlığın, şiirde anlatılanlarla uyumla olması ge-
rekir.
BİLGİ KUTUSU
7. ÇALIŞMA
a. Aşağıdaki metinleri okuyunuz.
Baharın Nefesi
Toprak artık kış uykusundan uyandı. 
Takvime 
göre 
baharın 
geldiğini 
müjdeleyen 21 Mart'ı çoktan geride 
bıraktık. Uzun bir kışın ardından, hiç 
bitmeyen soğuk ve 
yağışlı 
havaların 
bitmesiyle 
umut 
kıpırtıları 
içimizi 
ısıtmaya 
başladı 
bile. Havalar 
hâlâ 
zikzaklı 
bir 
seyir 
izlese 
de güneşli 
günlerin habercisi olan cemreler sırasıyla 
havaya, 
suya 
ve 
toprağa 
düştü. 
Ağaçlarda 
tomurcuklar, 
çimlerde 
kır 
çiçekleri açmaya başladı.
Ümit Gülbüz Ceylan, Her Nefes Dergisi
Bahar Şiiri
Bu sabah mutluluğa aç pencereni
Bir güzel arın dünkü kederinden
Bahar geldi bahar geldi güneşin 
doğduğu yerden
Çocuğum uzat ellerini
Ataol BEHRAMOĞLU, Bir Er-
meni General
b. Okuduğunuz bu metinleri karşılaştırınız. Bu iki metnin benzer ve farklı
yönlerini tespit ediniz.
","1. Tema: Doğa ve Evren Şiir Duygu, hayal ve düşüncelerin bir düzene bağlı olarak, çekici bir dil ve ahenk- li dizeler içinde aktarılmasına şiir denir. Şiir yazan sanatçılara şair denir. Günü- müzde şair yerine ozan sözü de kullanılmaktadır. Özellikleri: + Şiirler, bir ana duygu etrafında yazılır. Şiirde “duygu” temel unsurdur ama duygunun dışında “düşünce” ve “hayal” de vardır. + Şiirlerde her bir satıra dize (mısra) denir. Şiiri yazarken her dizenin başında- ki harf büyük harfle yazılır. + Şiirler iki, üç, dört dizelik gibi farklı kümelerden oluşur. + Şiirde sözcükler ahenk oluşturacak şekilde bir araya getirilir. Bunun için ölçü ve kafiye gibi ahenk unsurları kullanılır. + Her şiirin bir başlığı vardır. Başlığın, şiirde anlatılanlarla uyumla olması ge- rekir. BİLGİ KUTUSU 7. ÇALIŞMA a. Aşağıdaki metinleri okuyunuz. Baharın Nefesi Toprak artık kış uykusundan uyandı. Takvime göre baharın geldiğini müjdeleyen 21 Mart'ı çoktan geride bıraktık. Uzun bir kışın ardından, hiç bitmeyen soğuk ve yağışlı havaların bitmesiyle umut kıpırtıları içimizi ısıtmaya başladı bile. Havalar hâlâ zikzaklı bir seyir izlese de güneşli günlerin habercisi olan cemreler sırasıyla havaya, suya ve toprağa düştü. Ağaçlarda tomurcuklar, çimlerde kır çiçekleri açmaya başladı. Ümit Gülbüz Ceylan, Her Nefes Dergisi Bahar Şiiri Bu sabah mutluluğa aç pencereni Bir güzel arın dünkü kederinden Bahar geldi bahar geldi güneşin doğduğu yerden Çocuğum uzat ellerini Ataol BEHRAMOĞLU, Bir Er- meni General b. Okuduğunuz bu metinleri karşılaştırınız. Bu iki metnin benzer ve farklı yönlerini tespit ediniz.",,,,
page_16,16,"16
Türkçe 8. Sınıf
Hazırlık 
1. Doğal afetlerin yaşanmasında insan faktörünün etkisi olduğunu düşü-
nüyor musunuz? Sizi böyle düşünmeye iten sebepler nelerdir?
2. Haber yazılarında, muhabirlerin yaptıkları haberle ilgili görseller
kullanmasının metne katkısı nedir? Okuduğunuz haber yazılarından hare-
ketle belirleyiniz.
Aşağıdaki haber yazısını noktalama işaretlerine dikkat ederek okuyunuz.
RİZE’DE SEL
Rize Valisi’nden çarpık yapılaşma itirafı: Salgın şekilde bina yapma hastalığı­
mız var!
İklim değişikliğinin vurduğu Rize’de, 2 Ağustos’ta, aşırı yağışların etkisiyle oluşan 
sel ve heyelanda ev, işyeri ve fabrikaların zemin ve bodrum katlarını su basmış; iş ma­
kinesi ve araçlar sele kapılmış, ulaşım ve enerji nakil hatlarında hasar oluşmuş, tarım 
arazileri zarar görmüştü. Selin ardından ortaya çıkan görüntü ise doğaya yapılan zara­
rı tekrardan tartışılır hâle getirdi.
“Hep kabahatler bizim. Yağmurun bir kabahati yok”
Yiğitler köyünde oturan İdris Kabil yaptığı açıklamada, dere yataklarının kenar­
larına bıraktıkları ağaç kütükleri ve diğer malzemelerin taşan dere ile birlikte sürük­
","Türkçe 8. Sınıf Hazırlık 1. Doğal afetlerin yaşanmasında insan faktörünün etkisi olduğunu düşü- nüyor musunuz? Sizi böyle düşünmeye iten sebepler nelerdir? 2. Haber yazılarında, muhabirlerin yaptıkları haberle ilgili görseller kullanmasının metne katkısı nedir? Okuduğunuz haber yazılarından hare- ketle belirleyiniz. Aşağıdaki haber yazısını noktalama işaretlerine dikkat ederek okuyunuz. RİZE’DE SEL Rize Valisi’nden çarpık yapılaşma itirafı: Salgın şekilde bina yapma hastalığı­ mız var! İklim değişikliğinin vurduğu Rize’de, 2 Ağustos’ta, aşırı yağışların etkisiyle oluşan sel ve heyelanda ev, işyeri ve fabrikaların zemin ve bodrum katlarını su basmış; iş ma­ kinesi ve araçlar sele kapılmış, ulaşım ve enerji nakil hatlarında hasar oluşmuş, tarım arazileri zarar görmüştü. Selin ardından ortaya çıkan görüntü ise doğaya yapılan zara­ rı tekrardan tartışılır hâle getirdi. “Hep kabahatler bizim. Yağmurun bir kabahati yok” Yiğitler köyünde oturan İdris Kabil yaptığı açıklamada, dere yataklarının kenar­ larına bıraktıkları ağaç kütükleri ve diğer malzemelerin taşan dere ile birlikte sürük­",,,,
page_17,17,"17
1. Tema: Doğa ve Evren
lendiğini belirterek, “Taşan derenin önü malzemelerle tıkanıyor, su yollara ve bize 
zarar veriyor. Dedelerimizden kalma arazilerde su kanalları vardı. Bu kanalları kendi 
menfaatimiz için kapattık. Ne yaptık, fasulye, lahana diktik. Hep kabahatler bizim. 
Yağmurun bir kabahati yok.” dedi.
Rize Valisi: Yüzyıllar boyunca arazinin alıştığı düzen değiştirilmiş
Rize Valisi Erdoğan Bektaş ise “Problemler, bizim henüz çeşitli nedenlerle çöze­
mediğimiz noktalarda oldu. Bu sebepler içerisinde hukuki ve fiili anlaşmazlıklar var. 
Vatandaş dirençleri var. Salarha Vadisi’nde hiç hak etmediğimiz bir tablo ile karşı­
laştık. İşi araştırınca bakıyorsunuz ki yapmak istemişiz, yapamamışız. Çeşitli sebep­
lerden dolayı işler yaptırılmamış. Bunları yapmamız lazım. Sırayı getiremediğimiz 
işlerden oluşan sıkıntılar oldu. Ana dere yataklarında gerekli yatırımların yapıldığını 
söyleyebiliriz. Peki, afet nasıl oluşuyor? Bizim ana derelere ulaşan yan derecikler var. 
Yamaçlarda yağan yağmurun derelere ulaşması gerekiyor. Yüzyıllar boyunca arazinin 
alıştığı düzen değiştirilmiş. Bunu bazen biz, bazen vatandaş değiştiriyor. Yağmur su­
larının biriktiği dereciklerin ana dereye ulaşmasının önüne engeller konmuş. Bu engel 
bir bina, yol, köprü, menfez ya da tarla oluyor. Arkasından su kendi mecrasıyla ana 
yatağa ulaşamayınca birikiyor ve diğer taraftan patlıyor ve afet oluşuyor.” dedi.
“Bir bilene sormak, mühendisten bilgi almak gerekiyor.”
Vali Bektaş, konuşmasını şu sözlerle sürdürdü: “Kamu, yüksek kodlara doğru dere 
ıslah çalışmalarını yapmak zorunda. İtilaflı yerleri çözmek zorundayız. Vatandaşlara 
da düşen görevler var. Yeryüzünün şekli ile oynamadan bir bilene sormak, mühendis­
ten bilgi almak gerekiyor. Suyun yönü değiştiriliyor. Ufacık dereciğin yönü değişince 
yağmurda yamaçlardan çağlayan fışkırıyor. Bunlar nereden geliyor, şaşırıyorsunuz. 
Bunlar, araziye bilinçsiz müdahalelerle oluşuyor. Vatandaşa düşen arazideki doğal su 
yollarına müdahale etmemektir. Eski aktığı gibi akmasını sağlamak ve önüne engel 
koymamaktır. Tıkalı menfez varsa vatandaş açacak, açamıyorsa ilgili kuruma haber 
verecek. Bu iletişimi sağlayarak altyapımızı biraz daha iyi şartlara getirmeliyiz. Salgın 
şekilde bina, yol yapma ve doğaya müdahale etme hastalığımız var. Bunu biraz sınırlı 
tutabilirsek bu coğrafya çok güzel bir coğrafya. Bu coğrafya, insanlarına mutluluk ve 
huzur verir. Değil bizim insanımıza, dışarıdan gelen turistlerimize huzur verir. Biz 
burada huzur bulamıyoruz. Bunun üzerine kafa yormalıyız.”
Fosil yakıtların kullanımı, arazi kullanımı değişiklikleri, ormansızlaştırma ve sa­
nayi süreçleri gibi insan etkileriyle atmosfere salınan sera gazı birikimlerindeki hızlı 
artışın sera etkisini kuvvetlendirmesi sonucunda yerkürenin ortalama yüzey sıcaklık­
larındaki artışı iklim değişikliğine yol açıyor.
www. yesilgazete.org
","1. Tema: Doğa ve Evren lendiğini belirterek, “Taşan derenin önü malzemelerle tıkanıyor, su yollara ve bize zarar veriyor. Dedelerimizden kalma arazilerde su kanalları vardı. Bu kanalları kendi menfaatimiz için kapattık. Ne yaptık, fasulye, lahana diktik. Hep kabahatler bizim. Yağmurun bir kabahati yok.” dedi. Rize Valisi: Yüzyıllar boyunca arazinin alıştığı düzen değiştirilmiş Rize Valisi Erdoğan Bektaş ise “Problemler, bizim henüz çeşitli nedenlerle çöze­ mediğimiz noktalarda oldu. Bu sebepler içerisinde hukuki ve fiili anlaşmazlıklar var. Vatandaş dirençleri var. Salarha Vadisi’nde hiç hak etmediğimiz bir tablo ile karşı­ laştık. İşi araştırınca bakıyorsunuz ki yapmak istemişiz, yapamamışız. Çeşitli sebep­ lerden dolayı işler yaptırılmamış. Bunları yapmamız lazım. Sırayı getiremediğimiz işlerden oluşan sıkıntılar oldu. Ana dere yataklarında gerekli yatırımların yapıldığını söyleyebiliriz. Peki, afet nasıl oluşuyor? Bizim ana derelere ulaşan yan derecikler var. Yamaçlarda yağan yağmurun derelere ulaşması gerekiyor. Yüzyıllar boyunca arazinin alıştığı düzen değiştirilmiş. Bunu bazen biz, bazen vatandaş değiştiriyor. Yağmur su­ larının biriktiği dereciklerin ana dereye ulaşmasının önüne engeller konmuş. Bu engel bir bina, yol, köprü, menfez ya da tarla oluyor. Arkasından su kendi mecrasıyla ana yatağa ulaşamayınca birikiyor ve diğer taraftan patlıyor ve afet oluşuyor.” dedi. “Bir bilene sormak, mühendisten bilgi almak gerekiyor.” Vali Bektaş, konuşmasını şu sözlerle sürdürdü: “Kamu, yüksek kodlara doğru dere ıslah çalışmalarını yapmak zorunda. İtilaflı yerleri çözmek zorundayız. Vatandaşlara da düşen görevler var. Yeryüzünün şekli ile oynamadan bir bilene sormak, mühendis­ ten bilgi almak gerekiyor. Suyun yönü değiştiriliyor. Ufacık dereciğin yönü değişince yağmurda yamaçlardan çağlayan fışkırıyor. Bunlar nereden geliyor, şaşırıyorsunuz. Bunlar, araziye bilinçsiz müdahalelerle oluşuyor. Vatandaşa düşen arazideki doğal su yollarına müdahale etmemektir. Eski aktığı gibi akmasını sağlamak ve önüne engel koymamaktır. Tıkalı menfez varsa vatandaş açacak, açamıyorsa ilgili kuruma haber verecek. Bu iletişimi sağlayarak altyapımızı biraz daha iyi şartlara getirmeliyiz. Salgın şekilde bina, yol yapma ve doğaya müdahale etme hastalığımız var. Bunu biraz sınırlı tutabilirsek bu coğrafya çok güzel bir coğrafya. Bu coğrafya, insanlarına mutluluk ve huzur verir. Değil bizim insanımıza, dışarıdan gelen turistlerimize huzur verir. Biz burada huzur bulamıyoruz. Bunun üzerine kafa yormalıyız.” Fosil yakıtların kullanımı, arazi kullanımı değişiklikleri, ormansızlaştırma ve sa­ nayi süreçleri gibi insan etkileriyle atmosfere salınan sera gazı birikimlerindeki hızlı artışın sera etkisini kuvvetlendirmesi sonucunda yerkürenin ortalama yüzey sıcaklık­ larındaki artışı iklim değişikliğine yol açıyor. www. yesilgazete.org",,,,
page_18,18,"18
Türkçe 8. Sınıf
1. ÇALIŞMA
a. Aşağıda anlamları karışık olarak verilen sözcükleri ipuçlarından hareketle
bulunuz.
b. Yukarıda bulduğunuz sözcüklerden hangileri doğal afetlerle ilişkilidir? Bu
sözcüklerin okuduğunuz haber yazısının tema ve konusunu belirgin hâle getirdiği 
söylenebilir mi?  Niçin?
1. Sürekli yağan yağmurdan veya eriyen
kardan oluşan, geçtiği yerlere zarar veren taş­
kın su, su taşkını.
2. İnsan eliyle büyük değişikliğe uğrama­
mış, doğal yapısını koruyan çevre, tabiat.
3. Çeşitli doğa olaylarının sebep olduğu
yıkım.
4. Karbondioksit, metan, nitröz oksit,
gibi gazlarından oluşan ve atmosferde ısı tut­
ma özelliğine sahip bileşikler.
5. Toprak kayması
6. Akarsu, yatağından çıkarak çevresini
kaplamak
7. Irmak, çay, dere vb.nin, içinde aktıkları
yer, akak, mecra.
8. Çıkar.
....
....
e
y
....
....
k
....
h
y
....
....
....
....
n
....
....
....
a
a
....
....
....
....
t
m
....
...
....
....
....
t
....
n
z
....
....
....
s
g
....
....
....
....
a
ı
","Türkçe 8. Sınıf 1. ÇALIŞMA a. Aşağıda anlamları karışık olarak verilen sözcükleri ipuçlarından hareketle bulunuz. b. Yukarıda bulduğunuz sözcüklerden hangileri doğal afetlerle ilişkilidir? Bu sözcüklerin okuduğunuz haber yazısının tema ve konusunu belirgin hâle getirdiği söylenebilir mi? Niçin? 1. Sürekli yağan yağmurdan veya eriyen kardan oluşan, geçtiği yerlere zarar veren taş­ kın su, su taşkını. 2. İnsan eliyle büyük değişikliğe uğrama­ mış, doğal yapısını koruyan çevre, tabiat. 3. Çeşitli doğa olaylarının sebep olduğu yıkım. 4. Karbondioksit, metan, nitröz oksit, gibi gazlarından oluşan ve atmosferde ısı tut­ ma özelliğine sahip bileşikler. 5. Toprak kayması 6. Akarsu, yatağından çıkarak çevresini kaplamak 7. Irmak, çay, dere vb.nin, içinde aktıkları yer, akak, mecra. 8. Çıkar. .... .... e y .... .... k .... h y .... .... .... .... n .... .... .... a a .... .... .... .... t m .... ... .... .... .... t .... n z .... .... .... s g .... .... .... .... a ı",,,,
page_19,19,"19
1. Tema: Doğa ve Evren
Deyim, Atasözü ve Özdeyiş
Deyim ve atasözlerimiz gibi dilimizin zenginlikleridir. Toplum tarafından 
benimsenen atasözleri ve deyimler günlük konuşma dilinde ve edebî eserlerde 
sıklıkla kullanılır. Bu deyim ve atasözlerini hayatımızda öğüt vermek, ders çıkar-
mak, duygu ve düşüncelerimizi daha kolay bir şekilde anlatmak için kullanırız. 
Aşağıda “ateş pahası” deyiminin öyküsü verilmiştir. Bu deyim, günlük konuşma 
dilinde “bir şeyin değerinin çok üstünde pahalıya satıldığı” anlamında kullanılır. 
Ateş Pahası
Vaktiyle Kanuni Sultan Süleyman adamlarıyla avlanmaya çıkmış. İstan-
bul’dan oldukça uzaklara gitmişler. Çok şiddetli bir yağmura tutulmuşlar. Islan-
mışlar, üstelik havada çok soğukmuş. Bir kömürcü kulübesine sığınmışlar, her 
ne kadar kendilerini tanıtmak istememişlerse de kömürcü işi anlamış. Bunlara 
hemen bol ateş yakmış, ısıtmış, sıcak bir şeyler ikram etmiş. Gidecekleri sırada 
Sultan Süleyman, kömürcüye ateş yaktığından dolayı kaç para borçları 
olduğunu sormuş, o da: “Yüz altın ver, yeter."" demiş. Sultan bu miktarı çok 
bulduysa da “Ne yapalım borç borçtur” demiş ve parayı ödemiş.
Selim Gündüzalp, Deyimler ve Öyküleri
Lord Byron’un “Tabiat, en şefkatli annedir.” gibi söyleyeni belli, kısa, anlam-
lı sözlere özdeyiş (vecize) denir. Bu sözler deneyime ve gözleme dayanır, her-
hangi bir konudaki kişisel görüş ve düşünceleri yansıtır.  
BİLGİ KUTUSU
2. ÇALIŞMA
Aşağıdaki cümlede yer alan deyimi belirleyerek bu deyimin metnin anlamına
katkısını belirtiniz. Bu deyimin nasıl ortaya çıktığını anlatan kısa bir öykü yazınız. 
Ülkemizin doğal güzellikleri yalnızca bizim insanımıza değil, dışarıdan gelen tu­
ristlere de huzur verir. Biz bu güzellikleri koruyamıyoruz. Bunun üzerine kafa yorma­
lıyız.
……………………………………………………………………………………………
……………………………………………………………………………………………
……………………………………………………………………………………………
……………………………………………………………………………………………
","1. Tema: Doğa ve Evren Deyim, Atasözü ve Özdeyiş Deyim ve atasözlerimiz gibi dilimizin zenginlikleridir. Toplum tarafından benimsenen atasözleri ve deyimler günlük konuşma dilinde ve edebî eserlerde sıklıkla kullanılır. Bu deyim ve atasözlerini hayatımızda öğüt vermek, ders çıkar- mak, duygu ve düşüncelerimizi daha kolay bir şekilde anlatmak için kullanırız. Aşağıda “ateş pahası” deyiminin öyküsü verilmiştir. Bu deyim, günlük konuşma dilinde “bir şeyin değerinin çok üstünde pahalıya satıldığı” anlamında kullanılır. Ateş Pahası Vaktiyle Kanuni Sultan Süleyman adamlarıyla avlanmaya çıkmış. İstan- bul’dan oldukça uzaklara gitmişler. Çok şiddetli bir yağmura tutulmuşlar. Islan- mışlar, üstelik havada çok soğukmuş. Bir kömürcü kulübesine sığınmışlar, her ne kadar kendilerini tanıtmak istememişlerse de kömürcü işi anlamış. Bunlara hemen bol ateş yakmış, ısıtmış, sıcak bir şeyler ikram etmiş. Gidecekleri sırada Sultan Süleyman, kömürcüye ateş yaktığından dolayı kaç para borçları olduğunu sormuş, o da: “Yüz altın ver, yeter."" demiş. Sultan bu miktarı çok bulduysa da “Ne yapalım borç borçtur” demiş ve parayı ödemiş. Selim Gündüzalp, Deyimler ve Öyküleri Lord Byron’un “Tabiat, en şefkatli annedir.” gibi söyleyeni belli, kısa, anlam- lı sözlere özdeyiş (vecize) denir. Bu sözler deneyime ve gözleme dayanır, her- hangi bir konudaki kişisel görüş ve düşünceleri yansıtır. BİLGİ KUTUSU 2. ÇALIŞMA Aşağıdaki cümlede yer alan deyimi belirleyerek bu deyimin metnin anlamına katkısını belirtiniz. Bu deyimin nasıl ortaya çıktığını anlatan kısa bir öykü yazınız. Ülkemizin doğal güzellikleri yalnızca bizim insanımıza değil, dışarıdan gelen tu­ ristlere de huzur verir. Biz bu güzellikleri koruyamıyoruz. Bunun üzerine kafa yorma­ lıyız. …………………………………………………………………………………………… …………………………………………………………………………………………… …………………………………………………………………………………………… ……………………………………………………………………………………………",,,,
page_20,20,"20
Türkçe 8. Sınıf
3. ÇALIŞMA
Aşağıdaki soruları okuduğunuz haber yazısına göre cevaplayınız.
1.
Okuduğunuz haber yazısının konusu ve yazılış amacı nedir?
2.
5N 1K (ne, niçin, nasıl, nerede, ne zaman, kim) ifadesi haber yazıları oluşturmada
önemlidir. Haber yazıları, 5N 1K  ’d  e  yer alan sorulara verilen cevaplarla genişler.
Okuduğunuz metni 5N 1K’ye göre değerlendiriniz.
5N 1K
HABER YAZISI
Ne
Niçin
Nasıl
Nerede
Ne zaman
Kim 
3.
Okuduğunuz haber metnini özetleyerek aşağıda boş bırakılan yere yazınız.
.....................................................................................................................................
.....................................................................................................................................
.....................................................................................................................................
.....................................................................................................................................
4.
Rize’de meydana gelen doğal afetin nedenleri nelerdir?
5.
Doğal afetlerin çevreye ve insan yaşamına etkilerini belirleyiniz.
6.
“Hep kabahatler bizim. Yağmurun bir kabahati yok” sözünü metnin bağlamından
hareketle açıklayınız.
7.
Metni hazırlayan haber muhabirinin olaya yaklaşımı nesnel mi yoksa öznel midir?
8.
Yaşanan doğal afetle ilgili Rize Valisi Erdoğan Bektaş’ın görüşleri nelerdir? Metin­
den alıntı yaparak belirtiniz.
9.
Habere konu olan, Rize’de yaşanan bu felaketle ilgili çıkarılacak en önemli ders
nedir?
","Türkçe 8. Sınıf 3. ÇALIŞMA Aşağıdaki soruları okuduğunuz haber yazısına göre cevaplayınız. 1. Okuduğunuz haber yazısının konusu ve yazılış amacı nedir? 2. 5N 1K (ne, niçin, nasıl, nerede, ne zaman, kim) ifadesi haber yazıları oluşturmada önemlidir. Haber yazıları, 5N 1K ’d e yer alan sorulara verilen cevaplarla genişler. Okuduğunuz metni 5N 1K’ye göre değerlendiriniz. 5N 1K HABER YAZISI Ne Niçin Nasıl Nerede Ne zaman Kim 3. Okuduğunuz haber metnini özetleyerek aşağıda boş bırakılan yere yazınız. ..................................................................................................................................... ..................................................................................................................................... ..................................................................................................................................... ..................................................................................................................................... 4. Rize’de meydana gelen doğal afetin nedenleri nelerdir? 5. Doğal afetlerin çevreye ve insan yaşamına etkilerini belirleyiniz. 6. “Hep kabahatler bizim. Yağmurun bir kabahati yok” sözünü metnin bağlamından hareketle açıklayınız. 7. Metni hazırlayan haber muhabirinin olaya yaklaşımı nesnel mi yoksa öznel midir? 8. Yaşanan doğal afetle ilgili Rize Valisi Erdoğan Bektaş’ın görüşleri nelerdir? Metin­ den alıntı yaparak belirtiniz. 9. Habere konu olan, Rize’de yaşanan bu felaketle ilgili çıkarılacak en önemli ders nedir?",,,,
page_21,21,"21
1. Tema: Doğa ve Evren
4. ÇALIŞMA
Aşağıda verilen karikatürde doğa ve evrenle ilgili nasıl bir mesaj verilmek istenmiş
olabilir? Okuduğunuz haber yazısını da göz önünde bulundurarak yorumlayınız.
5. ÇALIŞMA
Rize’de yaşanan sel felaketi gibi doğal afetlerin bir daha yaşanmaması için hangi ted­
birler alınmalıdır? Görüşlerinizi ve çözüm önerilerinizi aşağıda boş bırakılan yere yazınız.
Sorunlar
Sorunların Nedenleri
Çözüm Önerilerim
",1. Tema: Doğa ve Evren 4. ÇALIŞMA Aşağıda verilen karikatürde doğa ve evrenle ilgili nasıl bir mesaj verilmek istenmiş olabilir? Okuduğunuz haber yazısını da göz önünde bulundurarak yorumlayınız. 5. ÇALIŞMA Rize’de yaşanan sel felaketi gibi doğal afetlerin bir daha yaşanmaması için hangi ted­ birler alınmalıdır? Görüşlerinizi ve çözüm önerilerinizi aşağıda boş bırakılan yere yazınız. Sorunlar Sorunların Nedenleri Çözüm Önerilerim,,,,
page_22,22,"22
Türkçe 8. Sınıf
6. ÇALIŞMA
Aşağıdaki görselleri inceleyiniz. Bir haber spikeri olsaydınız  bu görsellerden
hareketle doğal afetlerin insan yaşamına etkilerini nasıl sunardınız?
",Türkçe 8. Sınıf 6. ÇALIŞMA Aşağıdaki görselleri inceleyiniz. Bir haber spikeri olsaydınız bu görsellerden hareketle doğal afetlerin insan yaşamına etkilerini nasıl sunardınız?,,,,
page_23,23,"23
1. Tema: Doğa ve Evren
Haber Metni
Haber, güncel ve ilginç bir olayın nesnel ve gerçeğe uygun bir biçimde kitle ile-
tişim araçlarıyla aktarılmasıdır. Haberler, bireyleri kişisel, yerel, yöresel, ulusal ve 
uluslararası düzeyde; toplumsal, siyasal, ekonomik ve kültürel yaşamdaki gelişme-
lerden haberdar eder. Özetle haber, kişileri bilgilendirir; toplumda kamuoyu 
oluşturur. Haber metinleri yazılırken aşağıdaki hususlara dikkat edilir: 
1. Konusu, toplumun genelini ilgilendiren güncel bir olay olmalıdır.
2. Gerçeklere ve doğru verilere dayandırılmalıdır.
3. Kolay anlaşılır; akıcı, açık ve duru bir dil kullanılmalıdır.
4. Nesnel olmalı ve yorumdan kaçınılmalıdır.
BİLGİ KUTUSU
7. ÇALIŞMA
a. Aşağıdaki haber yazısını okuyunuz.
Çevre Kirliliği Yılda 1.7 Milyon Çocuğun Ölümüne Yol Açıyor!
Dünya Sağlık Örgütü’nün (WHO)
raporunda kirli su, kötü çöp temizliği, 
yetersiz sağlık bilgisi ve uygulamaları, 
açık ve kapalı alanların kirliliği ve ya-
ralanmalar yüzünden her yıl 1 aylık ile 
5 yaş arasında 1.7 milyon çocuğun ya-
şamını yitirdiği belirtildi. Bu ölümle-
rin önlenebilir olduğu belirtilen raporda, ölüme yol açan    nedenlerden  ishal, 
sıtma, zatürrenin başı çektiği belirtildi.
    WHO Genel Direktörü Margaret Chan, çevre kirliliğinin özellikle küçük ço-
cuklar için ölümcül sonuçlara yol açabileceğini belirterek ""Kirli havaya, kirli suya 
karşı organları savunmasız ve bağışıklık sistemleri yeterince gelişmemiş, özellikle 
küçük çocuklar için çevre kirliliği ölümcül olabilir. Buna evdeki sigara dumanı 
bile dâhil."" dedi. 
Genel Ağ Haberi
","1. Tema: Doğa ve Evren Haber Metni Haber, güncel ve ilginç bir olayın nesnel ve gerçeğe uygun bir biçimde kitle ile- tişim araçlarıyla aktarılmasıdır. Haberler, bireyleri kişisel, yerel, yöresel, ulusal ve uluslararası düzeyde; toplumsal, siyasal, ekonomik ve kültürel yaşamdaki gelişme- lerden haberdar eder. Özetle haber, kişileri bilgilendirir; toplumda kamuoyu oluşturur. Haber metinleri yazılırken aşağıdaki hususlara dikkat edilir: 1. Konusu, toplumun genelini ilgilendiren güncel bir olay olmalıdır. 2. Gerçeklere ve doğru verilere dayandırılmalıdır. 3. Kolay anlaşılır; akıcı, açık ve duru bir dil kullanılmalıdır. 4. Nesnel olmalı ve yorumdan kaçınılmalıdır. BİLGİ KUTUSU 7. ÇALIŞMA a. Aşağıdaki haber yazısını okuyunuz. Çevre Kirliliği Yılda 1.7 Milyon Çocuğun Ölümüne Yol Açıyor! Dünya Sağlık Örgütü’nün (WHO) raporunda kirli su, kötü çöp temizliği, yetersiz sağlık bilgisi ve uygulamaları, açık ve kapalı alanların kirliliği ve ya- ralanmalar yüzünden her yıl 1 aylık ile 5 yaş arasında 1.7 milyon çocuğun ya- şamını yitirdiği belirtildi. Bu ölümle- rin önlenebilir olduğu belirtilen raporda, ölüme yol açan nedenlerden ishal, sıtma, zatürrenin başı çektiği belirtildi. WHO Genel Direktörü Margaret Chan, çevre kirliliğinin özellikle küçük ço- cuklar için ölümcül sonuçlara yol açabileceğini belirterek ""Kirli havaya, kirli suya karşı organları savunmasız ve bağışıklık sistemleri yeterince gelişmemiş, özellikle küçük çocuklar için çevre kirliliği ölümcül olabilir. Buna evdeki sigara dumanı bile dâhil."" dedi. Genel Ağ Haberi",,,,
page_24,24,"24
Türkçe 8. Sınıf
b. Okuduğunuz haber yazısına göre çevre kirliliğine neden olan faktörler ne­
lerdir?
……………………………………………………………………………………
……………………………………………………………………………………
c. Okuduğunuz haber yazısına göre çevre kirliğinin neden olduğu en önemli
sonuç nedir?
……………………………………………………………………………………
……………………………………………………………………………………
ç. Her yıl 1.7 milyon çocuğun çevre kirliliğinden dolayı yaşamını yitirmesiyle 
ilgili düşünceleriniz nelerdir?
……………………………………………………………………………………
……………………………………………………………………………………
d. Okuduğunuz haber metniyle ilgili aşağıdaki ifadeleri doğru/yanlış olarak
değerlendiriniz. 
Nesnel bir anlatım vardır.
Doğru
Yanlış
Güncel bir konu işlenmiştir.
Süslü ve sanatlı bir dil kullanılmıştır.
Muhabir, haberle ilgili yorumlarına yer vermiştir.
Haberin konusu görselle desteklenmiştir.
İfadeler
e. Okuduğunuz haber yazısının kaynağı nedir? Bu haberdeki bilgiler güvenilir bir
kaynağa dayanıyor mu?
……………………………………………………………………………………
……………………………………………………………………………………
","Türkçe 8. Sınıf b. Okuduğunuz haber yazısına göre çevre kirliliğine neden olan faktörler ne­ lerdir? …………………………………………………………………………………… …………………………………………………………………………………… c. Okuduğunuz haber yazısına göre çevre kirliğinin neden olduğu en önemli sonuç nedir? …………………………………………………………………………………… …………………………………………………………………………………… ç. Her yıl 1.7 milyon çocuğun çevre kirliliğinden dolayı yaşamını yitirmesiyle ilgili düşünceleriniz nelerdir? …………………………………………………………………………………… …………………………………………………………………………………… d. Okuduğunuz haber metniyle ilgili aşağıdaki ifadeleri doğru/yanlış olarak değerlendiriniz. Nesnel bir anlatım vardır. Doğru Yanlış Güncel bir konu işlenmiştir. Süslü ve sanatlı bir dil kullanılmıştır. Muhabir, haberle ilgili yorumlarına yer vermiştir. Haberin konusu görselle desteklenmiştir. İfadeler e. Okuduğunuz haber yazısının kaynağı nedir? Bu haberdeki bilgiler güvenilir bir kaynağa dayanıyor mu? …………………………………………………………………………………… ……………………………………………………………………………………",,,,
page_25,25,"25
1. Tema: Doğa ve Evren
Hazırlık 
1. “Hayvan hakları savunucusu”, “sokak hayvanları”  ve “doğal yaşam”
sözleri size ne çağrıştırıyor?
2. En sevdiğiniz hayvan hangisidir? Sevdiğiniz bu hayvanı evinizde bes-
lemek ister miydiniz?
3. Çevrenizde bulunan hayvan barınaklarından birini ailenizle birlikte
ziyaret ediniz? Gözlemlerinizi not alınız.
Aşağıdaki metni uygun hızda sessiz okuyunuz.
TİLKİ
Bir Tabiat Bilgini Anlatıyor
Hayvan cinslerinin en güzel ve en zekisiyle tanışmam birkaç yıl öncesine rastlar. 
Sizlere bunu anlatabilmem için güzel bir kış gününe dönmem gerekir.
O sabah uyandığımda köydeki evimin çepeçevre bembeyaz karla örtülmüş oldu­
ğunu çok iyi hatırlarım. Göz alabildiğine uzanan sahada, orman yönünden evin ka­
pısına kadar gelen izlerden vahşi bir hayvanın bir gece önce evime kadar sokulmuş 
olduğunu anladım.
Bu izler benim kedinin izleri olamazdı. Çünkü şöminenin başından ayrılmayı sev­
meyen kedimin adımları daha kısaydı. Bunlar bir köpek izi de olamazdı, Çünkü onlar 
da daha derin iz bırakırlardı. Üstelik ayak izlerinin tam orasındaki kara sürünen kuy­
ruğun bıraktığı iz oldukça belirliydi. 
","1. Tema: Doğa ve Evren Hazırlık 1. “Hayvan hakları savunucusu”, “sokak hayvanları” ve “doğal yaşam” sözleri size ne çağrıştırıyor? 2. En sevdiğiniz hayvan hangisidir? Sevdiğiniz bu hayvanı evinizde bes- lemek ister miydiniz? 3. Çevrenizde bulunan hayvan barınaklarından birini ailenizle birlikte ziyaret ediniz? Gözlemlerinizi not alınız. Aşağıdaki metni uygun hızda sessiz okuyunuz. TİLKİ Bir Tabiat Bilgini Anlatıyor Hayvan cinslerinin en güzel ve en zekisiyle tanışmam birkaç yıl öncesine rastlar. Sizlere bunu anlatabilmem için güzel bir kış gününe dönmem gerekir. O sabah uyandığımda köydeki evimin çepeçevre bembeyaz karla örtülmüş oldu­ ğunu çok iyi hatırlarım. Göz alabildiğine uzanan sahada, orman yönünden evin ka­ pısına kadar gelen izlerden vahşi bir hayvanın bir gece önce evime kadar sokulmuş olduğunu anladım. Bu izler benim kedinin izleri olamazdı. Çünkü şöminenin başından ayrılmayı sev­ meyen kedimin adımları daha kısaydı. Bunlar bir köpek izi de olamazdı, Çünkü onlar da daha derin iz bırakırlardı. Üstelik ayak izlerinin tam orasındaki kara sürünen kuy­ ruğun bıraktığı iz oldukça belirliydi.",,,,
page_26,26,"26
Türkçe 8. Sınıf
İşte bu nedenlerle zihnimde beliren bütün şüpheleri bir tarafa bırakıp o gece bir 
tilkinin evime kadar yaklaşarak gezindiğine kanaat getirdim. Meraktan kurtulamayıp 
izleri takibe başladım, onlar da beni doğruca hayvanın inine götürdüler. Orada sakin 
bir şekilde uzanmış henüz altı yedi aylık bir tilki uyuyordu. Daha bu yaşlarında yeter-
li derecede zeki ve açıkgöz olamadıklarından kolaylıkla yakalayıp onu eve getirdim. 
Tilki yavrusunu büyütmekte ve evcilleştirmekte güçlük çekmedim. Ona gösterdiğim 
şefkate bu kurnaz hayvan, bir köpek kadar karşılık göstermekte gecikmedi.
Şimdi bütün bu olaydan oldukça ilginç bir sorun ortaya çıkıyor. Acaba tilki bazı 
yararlar sağlayacak bir hayvan mıdır?
Hayvanlar, bilindiği gibi yararlı ve zararlı olarak iki sınıfa ayrılırlar. İnsanlar da 
bunların ilkini korur diğeriyle de savaşırlar. Ancak hiçbir hayvan kati bir şekilde 
yararlı veya zararlı değildir. Zararlı bir hayvanın yarar, yararlı bir varlığın ise zarar 
verdiği görülmemiş bir şey değildir.
Bu iddiamızı şöyle bir örnekle açıklayabiliriz: Mayıs böcegi ve benzeri zararlı bö-
cekleri yok etmesi nedeniyle serçe, özellikle tarım alanında çok yararlı bir kuş olarak 
tanınır. Ne var ki yılın bazı devrelerinde tahıl yemeğe olan ihtiyacı nedeniyle zararlı 
olur.
Zararlı olarak bildiğimiz ve kendimizi ondan koruduğumuz yılan ise hiç de ya-
rarsız bir hayvan sayılmaz. Zira büyük zararları olan fareleri ve tarlalara geniş ölçüde 
zarar veren diğer kemiricileri yok etmeleri bakımından büyük faydaları vardır. 
İşte bu durumda ve bu gözlem altında yararlılık kavramı incelenecek olursa eski 
devirlerde çok zararlı olarak bilinen birçok hayvandan bazı yararlar sağlanabileceğini 
ve bunların her iki sınıfta da tanımlanabileceğini görürüz.
","Türkçe 8. Sınıf İşte bu nedenlerle zihnimde beliren bütün şüpheleri bir tarafa bırakıp o gece bir tilkinin evime kadar yaklaşarak gezindiğine kanaat getirdim. Meraktan kurtulamayıp izleri takibe başladım, onlar da beni doğruca hayvanın inine götürdüler. Orada sakin bir şekilde uzanmış henüz altı yedi aylık bir tilki uyuyordu. Daha bu yaşlarında yeter- li derecede zeki ve açıkgöz olamadıklarından kolaylıkla yakalayıp onu eve getirdim. Tilki yavrusunu büyütmekte ve evcilleştirmekte güçlük çekmedim. Ona gösterdiğim şefkate bu kurnaz hayvan, bir köpek kadar karşılık göstermekte gecikmedi. Şimdi bütün bu olaydan oldukça ilginç bir sorun ortaya çıkıyor. Acaba tilki bazı yararlar sağlayacak bir hayvan mıdır? Hayvanlar, bilindiği gibi yararlı ve zararlı olarak iki sınıfa ayrılırlar. İnsanlar da bunların ilkini korur diğeriyle de savaşırlar. Ancak hiçbir hayvan kati bir şekilde yararlı veya zararlı değildir. Zararlı bir hayvanın yarar, yararlı bir varlığın ise zarar verdiği görülmemiş bir şey değildir. Bu iddiamızı şöyle bir örnekle açıklayabiliriz: Mayıs böcegi ve benzeri zararlı bö- cekleri yok etmesi nedeniyle serçe, özellikle tarım alanında çok yararlı bir kuş olarak tanınır. Ne var ki yılın bazı devrelerinde tahıl yemeğe olan ihtiyacı nedeniyle zararlı olur. Zararlı olarak bildiğimiz ve kendimizi ondan koruduğumuz yılan ise hiç de ya- rarsız bir hayvan sayılmaz. Zira büyük zararları olan fareleri ve tarlalara geniş ölçüde zarar veren diğer kemiricileri yok etmeleri bakımından büyük faydaları vardır. İşte bu durumda ve bu gözlem altında yararlılık kavramı incelenecek olursa eski devirlerde çok zararlı olarak bilinen birçok hayvandan bazı yararlar sağlanabileceğini ve bunların her iki sınıfta da tanımlanabileceğini görürüz.",,,,
page_27,27,"27
1. Tema: Doğa ve Evren
Kısa bir sürede yararlı bir hâle getirilebilecek hayvanların arasında, uzaktan kö-
pekle akrabalığı bulunan tilki de ön sırayı alır. Kötü şöhreti bu hayvanı gereği kadar 
tanımamızı önlemiş, değerini yanlış bilmemize sebebiyet vermiştir. Bu arada avcıların 
abartılmış hikâyeleri de bu yanılmaya yardımcı olmuştur.
Avcılar bu hayvana zararlı olduğundan çok kendi avları olan tavşan ve benze-
ri canlılara zararı dokunduğu için düşmandırlar. Zavallı tilki de böylece gür kürkü 
ve kuyruğu nedeniyle katliam devresinde hiç acımayan avcıların kurşunlarına hedef 
olur. Avcılara sorulacak olursa kendilerini haklı çıkartacak çok sebepler bulurlar. Bir 
defa tilki yalnız av hayvanıyla beslenir ve kümes hayvanlarının baş düşmanıdır. İşte 
bu nedenle avcılar yaptıkları işi bir dayanışma olarak düşünürler ve özellikle çiftçileri 
koruduklarına inanırlar.
Bazı bilim insanlarının araştırma sonuçlan ise çok ilginçtir. Tilki her ne kadar 
besinin bir kısmını tavşan ve sülün gibi av hayvanlarını yemekle sağlıyorsa da küçük 
ve orta boydaki kemiricileri imha etmekle tarıma büyük yarar sağladığı da bir 
gerçektir.
Bu kürklü hayvanın dağ keçisi ve yabanî tekenin etini çok sevdiği doğrudur. Ne 
var ki kurbanları daima ihtiyar veya ölüme terkedilmiş olanlardır. Geviş getirenlere 
karşı olan saldırganlığı ise bu hayvan türlerini tüketici olmaktan çok uzaktır.
Tilki, besinine oldukça geniş sayıda zararlı böcek türlerini de dâhil eder. Böylece 
koru ve ormanlarda bir nevi sıhhi temizlik işlemini yapar. Bu hayvanın hastalık veya 
kaza sonucu ölmüş hayvan leşlerini yemesi de vebayı ortadan kaldıran ayrı bir yararlı 
yönüdür. Özellikle tarım ve insan sağlığı yönünden bu kadar faal bir yararlılık örneği 
olan tilkiyi geceleri çalmış olduğu birkaç tavuk veya tavşan için hoş görmek gerekir. 
Bu durumda hiçbir hayvanı tam olarak yararlı veya zararlı sınıfa sokmak mümkün 
değildir.
Şu veya bu türdeki av hayvanlarına “zararlıdır” damgasını vurabilmek için 
oldukça geniş bir inceleme gerekir. Yoksa dış görünüşüne bakıp insanın kendince 
kurmuş olduğu düzene zararı var diye zararlıların öldürülmesi tabiat dengesini 
bozucu bir işlem olur.
Böylece tabiatı ilmi bir şekilde ve çok yakından incelemenin önlemini kavramış 
oluruz. Yüzyıllardır vahşi hayvan damgasını vurmuş olduğumuz tilki sansar, 
kokarca, kartal, atmaca, baykuş ve benzeri birçok hayvanın zannedildiği gibi zararlı 
olmadığını görmüş oluruz.
Doğa Bilimleri Ansiklopedisi
","1. Tema: Doğa ve Evren Kısa bir sürede yararlı bir hâle getirilebilecek hayvanların arasında, uzaktan kö- pekle akrabalığı bulunan tilki de ön sırayı alır. Kötü şöhreti bu hayvanı gereği kadar tanımamızı önlemiş, değerini yanlış bilmemize sebebiyet vermiştir. Bu arada avcıların abartılmış hikâyeleri de bu yanılmaya yardımcı olmuştur. Avcılar bu hayvana zararlı olduğundan çok kendi avları olan tavşan ve benze- ri canlılara zararı dokunduğu için düşmandırlar. Zavallı tilki de böylece gür kürkü ve kuyruğu nedeniyle katliam devresinde hiç acımayan avcıların kurşunlarına hedef olur. Avcılara sorulacak olursa kendilerini haklı çıkartacak çok sebepler bulurlar. Bir defa tilki yalnız av hayvanıyla beslenir ve kümes hayvanlarının baş düşmanıdır. İşte bu nedenle avcılar yaptıkları işi bir dayanışma olarak düşünürler ve özellikle çiftçileri koruduklarına inanırlar. Bazı bilim insanlarının araştırma sonuçlan ise çok ilginçtir. Tilki her ne kadar besinin bir kısmını tavşan ve sülün gibi av hayvanlarını yemekle sağlıyorsa da küçük ve orta boydaki kemiricileri imha etmekle tarıma büyük yarar sağladığı da bir gerçektir. Bu kürklü hayvanın dağ keçisi ve yabanî tekenin etini çok sevdiği doğrudur. Ne var ki kurbanları daima ihtiyar veya ölüme terkedilmiş olanlardır. Geviş getirenlere karşı olan saldırganlığı ise bu hayvan türlerini tüketici olmaktan çok uzaktır. Tilki, besinine oldukça geniş sayıda zararlı böcek türlerini de dâhil eder. Böylece koru ve ormanlarda bir nevi sıhhi temizlik işlemini yapar. Bu hayvanın hastalık veya kaza sonucu ölmüş hayvan leşlerini yemesi de vebayı ortadan kaldıran ayrı bir yararlı yönüdür. Özellikle tarım ve insan sağlığı yönünden bu kadar faal bir yararlılık örneği olan tilkiyi geceleri çalmış olduğu birkaç tavuk veya tavşan için hoş görmek gerekir. Bu durumda hiçbir hayvanı tam olarak yararlı veya zararlı sınıfa sokmak mümkün değildir. Şu veya bu türdeki av hayvanlarına “zararlıdır” damgasını vurabilmek için oldukça geniş bir inceleme gerekir. Yoksa dış görünüşüne bakıp insanın kendince kurmuş olduğu düzene zararı var diye zararlıların öldürülmesi tabiat dengesini bozucu bir işlem olur. Böylece tabiatı ilmi bir şekilde ve çok yakından incelemenin önlemini kavramış oluruz. Yüzyıllardır vahşi hayvan damgasını vurmuş olduğumuz tilki sansar, kokarca, kartal, atmaca, baykuş ve benzeri birçok hayvanın zannedildiği gibi zararlı olmadığını görmüş oluruz. Doğa Bilimleri Ansiklopedisi",,,,
page_28,28,"28
Türkçe 8. Sınıf
1. ÇALIŞMA
Aşağıda sözlük anlamları verilen sözcükleri cümle içerisinde kullanınız. Bu
sözcüklerin metindeki anlamlarıyla kurduğunuz cümlelerdeki anlamlarını karşı­
laştırınız.
evcilleştirmek: Evcil bir duruma getirmek, ehlîleştirmek.
geviş: Bazı hayvanların yutmuş olduğu yiyeceği ağzına getirip yeniden çiğnemesi.
sıhhi: Sağlıkla ilgili, sağlığa yarar.
veba: Hasta farelerden insana geçen bir mikrobun oluşturduğu bulaşıcı, öldürücü 
bir hastalık. 
2. ÇALIŞMA
Aşağıdaki soruları metne göre cevaplayınız.
1.
Metnin konusunu aşağıdaki noktalı yere yazınız.
………………………………………………………………………………………
2.
Yazarın doğayla ilgili izlenimleri nelerdir?
3.
Bu metinde hangi hayvanlardan bahsedilmiştir? Yaşadığınız çevrede bunlardan
hangileri vardır?
4.
Okuduğunuz metinde hayvanlar, yararlı ve zararlı olarak iki sınıfa ayrılmıştır.
Buna göre aşağıda verilen hayvanların insan yaşamına faydalarını ve zararlarını
okuduğunuz metinden hareketle belirleyiniz.
Yararları
Zararları
Tilki
Serçe
Yılan
5. Doğadaki canlıların birbiriyle ilişkisi nedir? Bu ilişki doğal yaşamın sürmesinde
denge oluşturuyor mu?
6.
Okudunuz metinden tilkinin özellikleriyle ilgili çıkarımlarda bulunarak bunlar­
dan iki tanesini aşağıya yazınız.
1
2
","Türkçe 8. Sınıf 1. ÇALIŞMA Aşağıda sözlük anlamları verilen sözcükleri cümle içerisinde kullanınız. Bu sözcüklerin metindeki anlamlarıyla kurduğunuz cümlelerdeki anlamlarını karşı­ laştırınız. evcilleştirmek: Evcil bir duruma getirmek, ehlîleştirmek. geviş: Bazı hayvanların yutmuş olduğu yiyeceği ağzına getirip yeniden çiğnemesi. sıhhi: Sağlıkla ilgili, sağlığa yarar. veba: Hasta farelerden insana geçen bir mikrobun oluşturduğu bulaşıcı, öldürücü bir hastalık. 2. ÇALIŞMA Aşağıdaki soruları metne göre cevaplayınız. 1. Metnin konusunu aşağıdaki noktalı yere yazınız. ……………………………………………………………………………………… 2. Yazarın doğayla ilgili izlenimleri nelerdir? 3. Bu metinde hangi hayvanlardan bahsedilmiştir? Yaşadığınız çevrede bunlardan hangileri vardır? 4. Okuduğunuz metinde hayvanlar, yararlı ve zararlı olarak iki sınıfa ayrılmıştır. Buna göre aşağıda verilen hayvanların insan yaşamına faydalarını ve zararlarını okuduğunuz metinden hareketle belirleyiniz. Yararları Zararları Tilki Serçe Yılan 5. Doğadaki canlıların birbiriyle ilişkisi nedir? Bu ilişki doğal yaşamın sürmesinde denge oluşturuyor mu? 6. Okudunuz metinden tilkinin özellikleriyle ilgili çıkarımlarda bulunarak bunlar­ dan iki tanesini aşağıya yazınız. 1 2",,,,
page_29,29,"29
1. Tema: Doğa ve Evren
3. ÇALIŞMA
Okuduğunuz metnin yardımcı fikirlerini belirlemeye yönelik bir soru cümlesi ve
bu sorunun cevabını aşağıdaki tabloya örnekteki gibi yazınız.
Soru
Cevap
Örnek
Tilki evcilleştirilebilir mi? 
Evet, küçük yaşlarda evcilleştiri­
lebilir.
1. Soru
Makale
Belirli bir konuda, bir görüşü, bir düşünceyi savunmak ve kanıtlamak için 
kaleme alınan yazılara makale denir. Gazete ve dergilerde yayımlanır. Bilim in-
sanları yaptıkları çalışmaların sonuçlarını bilim dünyasına ve geniş kesimlere 
duyurabilmek için araştırma sonuçlarını yayımlarlar. 
Makalenin Özellikleri
+ Güncel ve bilimsel konular ele alınır.
+ Bilgi vermek ve öğretmek amacıyla
yazılır.
+ Nesnel bir bakış açısıyla yayımlanır.
+ Açık ve öz bir anlatım benimsenir.
+ Araştırmaya ve gözleme dayalıdır.
+ Konuyu ilgilendiren diğer kaynak-
lardan yararlanılır.
+ Kanıtlanabilir ve kaynağı belirtil-
miş bilgilere yer verilir.
+ Açıklayıcı, tartışmacı gibi anlatım
biçimleri kullanılır.
BİLGİ KUTUSU
4. ÇALIŞMA
Okuduğunuz metinle ilgili olarak verilen aşağıdaki ifadeleri değerlendiriniz. Bun­
lardan doğru olanlara “D”, yanlış olanlara ise “Y” yazınız.
a. Bu metnin alındığı kaynak belirlidir.
Doğru
Yanlış
b. Metinde kurgusal unsurlara yer verilmiştir.
c. Metinde ileri sürülen “Hiçbir hayvan kat’i bir şekilde yararlı
veya zararlı değildir.” görüşü örneklerle ispatlanmaya çalışılmıştır.
ç. Metinde ortaya konulan düşünceler bilimsel verilerle destek-
lenmiştir.
d. Metinde ağırlıklı olarak açıklayıcı ve tartışmacı anlatım bi-
çimleri kullanılmıştır.
İfadeler
","1. Tema: Doğa ve Evren 3. ÇALIŞMA Okuduğunuz metnin yardımcı fikirlerini belirlemeye yönelik bir soru cümlesi ve bu sorunun cevabını aşağıdaki tabloya örnekteki gibi yazınız. Soru Cevap Örnek Tilki evcilleştirilebilir mi? Evet, küçük yaşlarda evcilleştiri­ lebilir. 1. Soru Makale Belirli bir konuda, bir görüşü, bir düşünceyi savunmak ve kanıtlamak için kaleme alınan yazılara makale denir. Gazete ve dergilerde yayımlanır. Bilim in- sanları yaptıkları çalışmaların sonuçlarını bilim dünyasına ve geniş kesimlere duyurabilmek için araştırma sonuçlarını yayımlarlar. Makalenin Özellikleri + Güncel ve bilimsel konular ele alınır. + Bilgi vermek ve öğretmek amacıyla yazılır. + Nesnel bir bakış açısıyla yayımlanır. + Açık ve öz bir anlatım benimsenir. + Araştırmaya ve gözleme dayalıdır. + Konuyu ilgilendiren diğer kaynak- lardan yararlanılır. + Kanıtlanabilir ve kaynağı belirtil- miş bilgilere yer verilir. + Açıklayıcı, tartışmacı gibi anlatım biçimleri kullanılır. BİLGİ KUTUSU 4. ÇALIŞMA Okuduğunuz metinle ilgili olarak verilen aşağıdaki ifadeleri değerlendiriniz. Bun­ lardan doğru olanlara “D”, yanlış olanlara ise “Y” yazınız. a. Bu metnin alındığı kaynak belirlidir. Doğru Yanlış b. Metinde kurgusal unsurlara yer verilmiştir. c. Metinde ileri sürülen “Hiçbir hayvan kat’i bir şekilde yararlı veya zararlı değildir.” görüşü örneklerle ispatlanmaya çalışılmıştır. ç. Metinde ortaya konulan düşünceler bilimsel verilerle destek- lenmiştir. d. Metinde ağırlıklı olarak açıklayıcı ve tartışmacı anlatım bi- çimleri kullanılmıştır. İfadeler",,,,
page_30,30,"30
Türkçe 8. Sınıf
Geçiş ve Bağlantı İfadeleri
Okuduğunuz metinde geçen “Böylece tabiatı ilmî bir şekilde ve çok yakın-
dan incelemenin önemini kavramış oluruz.” cümlesindeki “böylece” sözcüğü 
geçiş ve bağlantı ifadesidir. Bu ifade anlatılanların bitirildiğini ifade eder. Bunun 
dışında daha önceki sınıflarda öğrendiklerinizle birlikte “oysaki, başka bir deyiş-
le, özellikle, kısaca, böylece, ilk olarak ve son olarak” gibi sözcükler de geçiş ve 
bağlantı ifadeleridir. Anlatımda bir düşünceden başka bir düşünceye geçildiğini 
gösteren bu ifadeler cümleler arasında yönlendirme ya da bağlantı kurarlar. Bu 
ifadelerin kullanıldıkları metinlere katkısı şunlardır:
Oysaki
Aralarında karşıtlık, aykırılık bulunan iki cümleyi “tersine 
olarak, aksine” anlamlarıyla birbirine bağlar.
Başka bir 
deyişle
Söze açıklama getirmek için kullanılır.
İlk olarak
Öncelikli yapılacak olanları belirtmek için kullanılır.
Özellikle
Vurgulamak istenilen durumu belirtmek için kullanılır.
Son olarak Anlatılanların bitirildiğini ifade eder.
Kısaca
Açıklama getiren, özet anlamı kazandıran ifadedir. Kendinden 
önceki cümle veya cümleleri özet veya sonuç cümlesine bağlar.
Böylece
Açıklama getiren, özet anlamı kazandıran ifadedir. Kendinden 
önceki cümle veya cümleleri özet veya sonuç cümlesine bağlar.
BİLGİ KUTUSU
5. ÇALIŞMA
Aşağıdaki parçalardaki geçiş ve bağlantı ifadelerini belirleyerek bunların met­
nin anlamına katkısını değerlendiriniz. 
Tilki, besinine oldukça geniş sayıda zararlı böcek türlerini de dâhil eder. Böylece 
koru ve ormanlarda bir nevi sıhhi temizlik işlemini yapar. Bu hayvanın hastalık veya 
kaza sonucu ölmüş hayvan leşlerini yemesi de vebayı ortadan kaldıran ayrı bir yararlı 
yönüdür. Özellikle tarım ve insan sağlığı yönünden bu kadar faal bir yararlılık örneği 
olan tilkiyi geceleri çalmış olduğu birkaç tavuk veya tavşan için hoş görmek gerekir. 
Bu durumda hiçbir hayvanı tam olarak yararlı veya zararlı sınıfa sokmak mümkün 
değildir.
Bu iddiamızı şöyle bir örnekle açıklayabiliriz: Mayıs böceği ve benzeri zararlı bö­
cekleri yok etmesi nedeniyle serçe, özellikle tarım alanında çok yararlı bir kuş olarak 
tanınır.
","Türkçe 8. Sınıf Geçiş ve Bağlantı İfadeleri Okuduğunuz metinde geçen “Böylece tabiatı ilmî bir şekilde ve çok yakın- dan incelemenin önemini kavramış oluruz.” cümlesindeki “böylece” sözcüğü geçiş ve bağlantı ifadesidir. Bu ifade anlatılanların bitirildiğini ifade eder. Bunun dışında daha önceki sınıflarda öğrendiklerinizle birlikte “oysaki, başka bir deyiş- le, özellikle, kısaca, böylece, ilk olarak ve son olarak” gibi sözcükler de geçiş ve bağlantı ifadeleridir. Anlatımda bir düşünceden başka bir düşünceye geçildiğini gösteren bu ifadeler cümleler arasında yönlendirme ya da bağlantı kurarlar. Bu ifadelerin kullanıldıkları metinlere katkısı şunlardır: Oysaki Aralarında karşıtlık, aykırılık bulunan iki cümleyi “tersine olarak, aksine” anlamlarıyla birbirine bağlar. Başka bir deyişle Söze açıklama getirmek için kullanılır. İlk olarak Öncelikli yapılacak olanları belirtmek için kullanılır. Özellikle Vurgulamak istenilen durumu belirtmek için kullanılır. Son olarak Anlatılanların bitirildiğini ifade eder. Kısaca Açıklama getiren, özet anlamı kazandıran ifadedir. Kendinden önceki cümle veya cümleleri özet veya sonuç cümlesine bağlar. Böylece Açıklama getiren, özet anlamı kazandıran ifadedir. Kendinden önceki cümle veya cümleleri özet veya sonuç cümlesine bağlar. BİLGİ KUTUSU 5. ÇALIŞMA Aşağıdaki parçalardaki geçiş ve bağlantı ifadelerini belirleyerek bunların met­ nin anlamına katkısını değerlendiriniz. Tilki, besinine oldukça geniş sayıda zararlı böcek türlerini de dâhil eder. Böylece koru ve ormanlarda bir nevi sıhhi temizlik işlemini yapar. Bu hayvanın hastalık veya kaza sonucu ölmüş hayvan leşlerini yemesi de vebayı ortadan kaldıran ayrı bir yararlı yönüdür. Özellikle tarım ve insan sağlığı yönünden bu kadar faal bir yararlılık örneği olan tilkiyi geceleri çalmış olduğu birkaç tavuk veya tavşan için hoş görmek gerekir. Bu durumda hiçbir hayvanı tam olarak yararlı veya zararlı sınıfa sokmak mümkün değildir. Bu iddiamızı şöyle bir örnekle açıklayabiliriz: Mayıs böceği ve benzeri zararlı bö­ cekleri yok etmesi nedeniyle serçe, özellikle tarım alanında çok yararlı bir kuş olarak tanınır.",,,,
page_31,31,"31
1. Tema: Doğa ve Evren
İşte bu nedenle avcılar yaptıkları işi bir dayanışma olarak düşünürler ve özellikle 
çiftçileri koruduklarına inanırlar.
……………………………………………………………………………………………
……………………………………………………………………………………………
6. ÇALIŞMA
Aşağıdaki cümleleri kutucuktaki ifadelerden biriyle neden-sonuç bildiren bir
cümle hâline getiriniz. 
çünkü
için
bu nedenle
nedeniyle
bu sebeple
bundan dolayı
bunun için
a. Yanıma şemsiye aldım ……………………………… hava yağmurlu.
b. Tarlayı vaktinde suladığım ………………………… bu sene iyi ürün aldım.
c. Dün   sabah  otobüsü kaçırmış ……………………………………. işe geç kaldı.
ç.  İş yerinde çok çalıştı  …………………………… eve gelince hemen uyuyakaldı.
Anlatım Biçimleri
Sosyal bir varlık olarak kendimizi ifade etme, duygu, düşünce ve hayalleri-
mizi; tanık olduğumuz ya da duyduğumuz olayları söz ya da yazı ile bir başka-
sına aktarma gereği duyarız. Anlatımın temel amacı ele alınan konuda bilgi ver-
mek ya da karşımızdakilerde güzellik duygusu uyandırmaktır. Anlatımımızı da 
bu amaçlar doğrultusunda gerçekleştiririz; söyleyeceklerimizi anlatımın amacı-
mıza göre yönlendirir, biçimlendiririz. Belirlediğimiz amaca göre de açıklayıcı, 
tartışmacı, öyküleyici ya da betimleyici anlatım biçimlerinden birini kullanırız. 
Açıklayıcı anlatım, bir konu üzerinde  bilgi vermek, herhangi bir düşünceyi 
aydınlatmak üzere yapılan anlatım türüdür. Makale, fıkra, eleştiri ve deneme 
gibi bilgilendirci metinlere özgü bir anlatım biçimidir. Açık, anlaşılır bir dil kul-
lanır, öznellikten kaçınılır, nesnel ifadelere yer verilir. Soyutlamalardan, kişisel-
likten kaçınır.
BİLGİ KUTUSU
","1. Tema: Doğa ve Evren İşte bu nedenle avcılar yaptıkları işi bir dayanışma olarak düşünürler ve özellikle çiftçileri koruduklarına inanırlar. …………………………………………………………………………………………… …………………………………………………………………………………………… 6. ÇALIŞMA Aşağıdaki cümleleri kutucuktaki ifadelerden biriyle neden-sonuç bildiren bir cümle hâline getiriniz. çünkü için bu nedenle nedeniyle bu sebeple bundan dolayı bunun için a. Yanıma şemsiye aldım ……………………………… hava yağmurlu. b. Tarlayı vaktinde suladığım ………………………… bu sene iyi ürün aldım. c. Dün sabah otobüsü kaçırmış ……………………………………. işe geç kaldı. ç. İş yerinde çok çalıştı …………………………… eve gelince hemen uyuyakaldı. Anlatım Biçimleri Sosyal bir varlık olarak kendimizi ifade etme, duygu, düşünce ve hayalleri- mizi; tanık olduğumuz ya da duyduğumuz olayları söz ya da yazı ile bir başka- sına aktarma gereği duyarız. Anlatımın temel amacı ele alınan konuda bilgi ver- mek ya da karşımızdakilerde güzellik duygusu uyandırmaktır. Anlatımımızı da bu amaçlar doğrultusunda gerçekleştiririz; söyleyeceklerimizi anlatımın amacı- mıza göre yönlendirir, biçimlendiririz. Belirlediğimiz amaca göre de açıklayıcı, tartışmacı, öyküleyici ya da betimleyici anlatım biçimlerinden birini kullanırız. Açıklayıcı anlatım, bir konu üzerinde bilgi vermek, herhangi bir düşünceyi aydınlatmak üzere yapılan anlatım türüdür. Makale, fıkra, eleştiri ve deneme gibi bilgilendirci metinlere özgü bir anlatım biçimidir. Açık, anlaşılır bir dil kul- lanır, öznellikten kaçınılır, nesnel ifadelere yer verilir. Soyutlamalardan, kişisel- likten kaçınır. BİLGİ KUTUSU",,,,
page_32,32,"32
Türkçe 8. Sınıf
Okuduğunuz “Tilki” adlı metin bilgi vermek amacıyla oluşturulduğu için 
açıklayıcı anlatıma ağırlık verilmiştir. “Hayvanlar, bilindiği gibi yararlı ve za-
rarlı olarak iki sınıfa ayrılırlar.” cümlesinde olduğu gibi açık, anlaşılır bir dille, 
nesnel ifadelerle ele alınan konuda okura bilgi verilmiştir.  
Tartışmacı anlatım, herhangi bir düşünceyi savunmak; karşımızda-
kilerin daha önceki duygu, düşünce, davranış ve kanılarını değiştirerek onları 
ileri sürdüğümüz düşünceye inandırmak amacıyla kullandığımız bir anlatım 
yoludur. Açıklayıcı anlatıma benzer ama ondan farklı özellikler taşır. Bu an-
latım biçiminde savunulan ve karşı çıkılan görüşlere yer verilir. Ele alınan, is-
patlanmak veya çürütülmek istenen düşünce açıklanır; Karşı görüşün neden 
doğru olmadığı ortaya konur, savunulan görüşün neden haklı olduğunu ispata 
çalışılır. Bazen sorular sorulur ve bu sorulara cevaplar aranır. Bu durum anla-
tıma sohbet havası kazandırır. 
“Şimdi bütün bu olaydan oldukça ilginç bir sorun ortaya çıkıyor. Acaba 
tilki bazı yararlar sağlayacak bir hayvan mıdır?
Hayvanlar, bilindiği gibi yararlı ve zararlı olarak iki sınıfa ayrılırlar. İnsan-
lar da bunların ilkini korur diğeriyle de savaşırlar. Ancak hiçbir hayvan kati 
bir şekilde yararlı veya zararlı değildir. Zararlı bir hayvanın yarar, yararlı bir 
varlığın ise zarar verdiği görülmemiş bir şey değildir.
Bu iddiamızı şöyle bir örnekle açıklayabiliriz: Mayıs böcegi ve benzeri za-
rarlı böcekleri yok etmesi nedeniyle serçe, özellikle tarım alanında çok yararlı 
bir kuş olarak tanınır. Ne var ki yılın bazı devrelerinde tahıl yemeğe olan ihti-
yacı nedeniyle zararlı olur.
Zararlı olarak bildiğimiz ve kendimizi ondan koruduğumuz yılan ise hiç 
de yararsız bir hayvan sayılmaz. Zira büyük zararları olan fareleri ve tarlala-
ra geniş ölçüde zarar veren diğer kemiricileri yok etmeleri bakımından büyük 
faydaları vardır.” 
Okuduğunuz “Tilki” adlı metinde açıklayıcı anlatımın yanı sıra tartışmacı 
anlatıma da yer verilmiştir. Yukarıda bu metinden alınan bölümde tilki gibi 
hayvanların zararlı mı yoksa zararlı mı oldukları tartışılmıştır. Okurun bu ko-
nuda yerleşmiş görüşlerini değiştirip onları zararlı olarak bilinen hayvanların 
aslında insanlar için çok faydaları olduğu görüşüne inandırmaya çalışılmıştır. 
“Öyküleyici” ve “betimleyici” anlatım biçimleri konu anlatımı için 2. tema-
daki “Oğuz Kağan” adlı metni inceleyiniz.
","Türkçe 8. Sınıf Okuduğunuz “Tilki” adlı metin bilgi vermek amacıyla oluşturulduğu için açıklayıcı anlatıma ağırlık verilmiştir. “Hayvanlar, bilindiği gibi yararlı ve za- rarlı olarak iki sınıfa ayrılırlar.” cümlesinde olduğu gibi açık, anlaşılır bir dille, nesnel ifadelerle ele alınan konuda okura bilgi verilmiştir. Tartışmacı anlatım, herhangi bir düşünceyi savunmak; karşımızda- kilerin daha önceki duygu, düşünce, davranış ve kanılarını değiştirerek onları ileri sürdüğümüz düşünceye inandırmak amacıyla kullandığımız bir anlatım yoludur. Açıklayıcı anlatıma benzer ama ondan farklı özellikler taşır. Bu an- latım biçiminde savunulan ve karşı çıkılan görüşlere yer verilir. Ele alınan, is- patlanmak veya çürütülmek istenen düşünce açıklanır; Karşı görüşün neden doğru olmadığı ortaya konur, savunulan görüşün neden haklı olduğunu ispata çalışılır. Bazen sorular sorulur ve bu sorulara cevaplar aranır. Bu durum anla- tıma sohbet havası kazandırır. “Şimdi bütün bu olaydan oldukça ilginç bir sorun ortaya çıkıyor. Acaba tilki bazı yararlar sağlayacak bir hayvan mıdır? Hayvanlar, bilindiği gibi yararlı ve zararlı olarak iki sınıfa ayrılırlar. İnsan- lar da bunların ilkini korur diğeriyle de savaşırlar. Ancak hiçbir hayvan kati bir şekilde yararlı veya zararlı değildir. Zararlı bir hayvanın yarar, yararlı bir varlığın ise zarar verdiği görülmemiş bir şey değildir. Bu iddiamızı şöyle bir örnekle açıklayabiliriz: Mayıs böcegi ve benzeri za- rarlı böcekleri yok etmesi nedeniyle serçe, özellikle tarım alanında çok yararlı bir kuş olarak tanınır. Ne var ki yılın bazı devrelerinde tahıl yemeğe olan ihti- yacı nedeniyle zararlı olur. Zararlı olarak bildiğimiz ve kendimizi ondan koruduğumuz yılan ise hiç de yararsız bir hayvan sayılmaz. Zira büyük zararları olan fareleri ve tarlala- ra geniş ölçüde zarar veren diğer kemiricileri yok etmeleri bakımından büyük faydaları vardır.” Okuduğunuz “Tilki” adlı metinde açıklayıcı anlatımın yanı sıra tartışmacı anlatıma da yer verilmiştir. Yukarıda bu metinden alınan bölümde tilki gibi hayvanların zararlı mı yoksa zararlı mı oldukları tartışılmıştır. Okurun bu ko- nuda yerleşmiş görüşlerini değiştirip onları zararlı olarak bilinen hayvanların aslında insanlar için çok faydaları olduğu görüşüne inandırmaya çalışılmıştır. “Öyküleyici” ve “betimleyici” anlatım biçimleri konu anlatımı için 2. tema- daki “Oğuz Kağan” adlı metni inceleyiniz.",,,,
page_33,33,"33
1. Tema: Doğa ve Evren
7. ÇALIŞMA
a. Aşağıdaki metinleri inceleyerek bunların hangisinde açıklayıcı, hangisinde
tartışmacı anlatım biçiminin kullanıldığını belirtiniz.  
* Çağdaş Türk Edebiyatının ünlü yazarı Reşat Nuri Güntekin’in en önemli eserle-
rinden biri de “Çalıkuşu” romanıdır. 1922 yılında yazılan bu roman Türk edebiyatının 
en çok tanınan ve sevilen klasik eserleri arasında yer alır. Romanın ana kahramanı 
Feride adlı idealist bir genç kızdır. Roman ağırlıklı olarak Anadolu'da geçer ve 
arka planda Osmanlı'nın son yıllarını anlatır. Eser romanın ana kahramanı 
Feride'nin hatıra defteri şeklinde yazılmıştır. 
………………………………………………………………………………………
* Gittiğim bir kursta öğretmen para mutluluk getirir mi yoksa getirmez mi, ne dü­
şünüyorsunuz diye bize sordu. On kişilik gruptan kimse de getirmez demedi. Çok da 
şaşırmadım ama gelecek adına biraz kaygılandım. Para elbette yaşamak için en gerekli 
araçtır hatta günümüzde amaç hâline geldiği de doğrudur. Para, satın alabileceğiniz 
her şeyi size getirir ama sağlık getirmez, aşk getirmez, huzur getirmez.  Mal mülkse 
sizin için önemli olan, ev, araba, lüks ise tabii mutlu olursunuz. Ama daha farklıysa 
yaşam biçiminiz, daha o zaman normal şartlarda kazandığınız para sizi mutlu eder. 
Geçinebiliyorsanız ve kenara biraz koyabiliyorsanız idealdir. Paranın insana mutluluk 
getirip getirmeyeceği bana göre, mutluluktan ne anladığınıza bağlıdır.
………………………………………………………………………………………
b. “Kalem nedir?” sorusunu açıklayıcı anlatım biçimini kullanarak cevaplayı-
nız?
………………………………………………………………………………………
………………………………………………………………………………………
………………………………………………………………………………………
………………………………………………………………………………………
c. “Nükleer enerji gerekli midir?” sorusunu tartışmacı anlatım biçimini
kullanarak cevaplayınız?
………………………………………………………………………………………
………………………………………………………………………………………
………………………………………………………………………………………
","1. Tema: Doğa ve Evren 7. ÇALIŞMA a. Aşağıdaki metinleri inceleyerek bunların hangisinde açıklayıcı, hangisinde tartışmacı anlatım biçiminin kullanıldığını belirtiniz. * Çağdaş Türk Edebiyatının ünlü yazarı Reşat Nuri Güntekin’in en önemli eserle- rinden biri de “Çalıkuşu” romanıdır. 1922 yılında yazılan bu roman Türk edebiyatının en çok tanınan ve sevilen klasik eserleri arasında yer alır. Romanın ana kahramanı Feride adlı idealist bir genç kızdır. Roman ağırlıklı olarak Anadolu'da geçer ve arka planda Osmanlı'nın son yıllarını anlatır. Eser romanın ana kahramanı Feride'nin hatıra defteri şeklinde yazılmıştır. ……………………………………………………………………………………… * Gittiğim bir kursta öğretmen para mutluluk getirir mi yoksa getirmez mi, ne dü­ şünüyorsunuz diye bize sordu. On kişilik gruptan kimse de getirmez demedi. Çok da şaşırmadım ama gelecek adına biraz kaygılandım. Para elbette yaşamak için en gerekli araçtır hatta günümüzde amaç hâline geldiği de doğrudur. Para, satın alabileceğiniz her şeyi size getirir ama sağlık getirmez, aşk getirmez, huzur getirmez. Mal mülkse sizin için önemli olan, ev, araba, lüks ise tabii mutlu olursunuz. Ama daha farklıysa yaşam biçiminiz, daha o zaman normal şartlarda kazandığınız para sizi mutlu eder. Geçinebiliyorsanız ve kenara biraz koyabiliyorsanız idealdir. Paranın insana mutluluk getirip getirmeyeceği bana göre, mutluluktan ne anladığınıza bağlıdır. ……………………………………………………………………………………… b. “Kalem nedir?” sorusunu açıklayıcı anlatım biçimini kullanarak cevaplayı- nız? ……………………………………………………………………………………… ……………………………………………………………………………………… ……………………………………………………………………………………… ……………………………………………………………………………………… c. “Nükleer enerji gerekli midir?” sorusunu tartışmacı anlatım biçimini kullanarak cevaplayınız? ……………………………………………………………………………………… ……………………………………………………………………………………… ………………………………………………………………………………………",,,,
page_34,34,"34
Türkçe 8. Sınıf
YAZMA
1. ÇALIŞMA
Günlük hayatınızdan ve yaşadığınız çevrede meydana gelen bir olaydan hareketle
doğa ve evren temasıyla ilgili bir haber metni hazırlayınız. Haber yazıları, gün içinde 
meydana gelen, önemi bulunan olay ve gelişmeleri konu alan yazılardır. Bu yazılar 
gazetelerde yer alır. Gazetenin en önemli haberi büyük boyutlarda ve manşette verilir. 
Gazete haberinde, haberin başlığı, haber başlığının hemen altında bir iki cümle ile 
haberin özetlendiği metin, haberle ilgili ayrıntılar yer alır. Anlatımı desteklemek için 
grafik ve tablo kullanılır.
İşlem Basamakları 
Öneriler 
Çevrenizde gelişen ve haber değeri 
taşıyan olaylardan ya da ilginizi çeken 
konulardan birini seçiniz. Konuyla ilgili 
bilgi toplayınız.
Seçtiğiniz konu ilginç olmalı, toplumun 
genelini ilgilendirmeli ve haber değeri ta­
şımalıdır.
Haberinizle 
ilgili 
bilgileri 
5N 
1K 
kuralına göre değerlendiriniz. Yazınızda 
kullanacağı bilgileri belirleyiniz.
Haberinizle ilgili bilgileri toplarken 
aşağıdaki sorulara cevaplar arayınız.
• Olay nedir?
• Olay nerede olmuştur, nerede geçmiştir?
• Olay nasıl gerçekleşmiştir?
• Olay ne zaman gerçekleşmiştir?
• Olayla ilgili kişi ya da kişiler kimdir?
Ulaştığınız bilgileri not alınız.
Haberinizin girişini yazınız.
Haberinizin girişini yazınız.
Haberinizin gövdesini yazınız.
Haberinizin gövdesini yazınız.
Haberinizde uygun geçiş ve bağlantı 
ifadelerini kullanınız.
“Oysaki, başka bir deyişle, özellikle, 
kısaca, böylece, ilk olarak ve son olarak” 
gibi geçiş ve bağlantı ifadelerini kullan­
maya çalışınız. 
Haberinizin başlığını yazınız.
Haberinizin başlığını yazınız.
Haberinizi okuyarak gerekli düzeltmeleri 
yapınız ve düzenleyiniz.
Haberinizi okuyarak haberinizi dil bilgi­
sine dayalı anlatım bozuklukları,  yazım 
ve noktalama kuralları bakımından 
gözden geçiriniz. Gerekli düzeltmeleri 
yapınız.
","Türkçe 8. Sınıf YAZMA 1. ÇALIŞMA Günlük hayatınızdan ve yaşadığınız çevrede meydana gelen bir olaydan hareketle doğa ve evren temasıyla ilgili bir haber metni hazırlayınız. Haber yazıları, gün içinde meydana gelen, önemi bulunan olay ve gelişmeleri konu alan yazılardır. Bu yazılar gazetelerde yer alır. Gazetenin en önemli haberi büyük boyutlarda ve manşette verilir. Gazete haberinde, haberin başlığı, haber başlığının hemen altında bir iki cümle ile haberin özetlendiği metin, haberle ilgili ayrıntılar yer alır. Anlatımı desteklemek için grafik ve tablo kullanılır. İşlem Basamakları Öneriler Çevrenizde gelişen ve haber değeri taşıyan olaylardan ya da ilginizi çeken konulardan birini seçiniz. Konuyla ilgili bilgi toplayınız. Seçtiğiniz konu ilginç olmalı, toplumun genelini ilgilendirmeli ve haber değeri ta­ şımalıdır. Haberinizle ilgili bilgileri 5N 1K kuralına göre değerlendiriniz. Yazınızda kullanacağı bilgileri belirleyiniz. Haberinizle ilgili bilgileri toplarken aşağıdaki sorulara cevaplar arayınız. • Olay nedir? • Olay nerede olmuştur, nerede geçmiştir? • Olay nasıl gerçekleşmiştir? • Olay ne zaman gerçekleşmiştir? • Olayla ilgili kişi ya da kişiler kimdir? Ulaştığınız bilgileri not alınız. Haberinizin girişini yazınız. Haberinizin girişini yazınız. Haberinizin gövdesini yazınız. Haberinizin gövdesini yazınız. Haberinizde uygun geçiş ve bağlantı ifadelerini kullanınız. “Oysaki, başka bir deyişle, özellikle, kısaca, böylece, ilk olarak ve son olarak” gibi geçiş ve bağlantı ifadelerini kullan­ maya çalışınız. Haberinizin başlığını yazınız. Haberinizin başlığını yazınız. Haberinizi okuyarak gerekli düzeltmeleri yapınız ve düzenleyiniz. Haberinizi okuyarak haberinizi dil bilgi­ sine dayalı anlatım bozuklukları, yazım ve noktalama kuralları bakımından gözden geçiriniz. Gerekli düzeltmeleri yapınız.",,,,
page_35,35,"35
1. Tema: Doğa ve Evren
Yazdığınız haberi çevrenizdeki kişilerle 
ya 
da 
sosyal 
medya 
ortamlarında 
paylaşınız. 
Paylaşımlarınızın 
hukuki 
ve 
ahlaki 
sorumluluğunun 
size 
ait 
olduğunu 
unutmayınız.
Haber Başlığı
......................................................
Haberin 
Giriş Bölümü
............................................................................................................................
............................................................................................................................
............................................................................................................................
............................................................................................................................
Haberin Gövde 
Bölümü
............................................................................................................................
............................................................................................................................
............................................................................................................................
............................................................................................................................
............................................................................................................................
............................................................................................................................
............................................................................................................................
............................................................................................................................
Değerlendirme Formu
Bu haber yazma çalışması kapsamında aşağıda listelenen davranışlardan 
kazandığınız beceriler için Evet, kazanamadığınız beceriler için Hayır kutucuğuna 
(X) işareti koyarak kendinizi değerlendiriniz.
Seçtiğiniz konu/olay haber değeri taşıyor mu?
5N 1K sorularını cevaplandırdınız mı?
Haberinizin girişini yazdınız mı?
Haberinizin gövdesini yazdınız mı?
Haberinizde uygun geçiş ve bağlantı ifadeleri kullandınız mı?
Haberinizin başlığını yazdınız mı?
Haberinizi okuyarak gerekli düzeltmeleri yaptınız mı?
Haberinizi paylaştınız mı?
Doğru
Yanlış
İfadeler
Değerlendirme sonunda Hayır şeklindeki cevaplarınızı bir daha gözden geçiriniz 
ve ilgili açıklamaları tekrar ediniz. 
","1. Tema: Doğa ve Evren Yazdığınız haberi çevrenizdeki kişilerle ya da sosyal medya ortamlarında paylaşınız. Paylaşımlarınızın hukuki ve ahlaki sorumluluğunun size ait olduğunu unutmayınız. Haber Başlığı ...................................................... Haberin Giriş Bölümü ............................................................................................................................ ............................................................................................................................ ............................................................................................................................ ............................................................................................................................ Haberin Gövde Bölümü ............................................................................................................................ ............................................................................................................................ ............................................................................................................................ ............................................................................................................................ ............................................................................................................................ ............................................................................................................................ ............................................................................................................................ ............................................................................................................................ Değerlendirme Formu Bu haber yazma çalışması kapsamında aşağıda listelenen davranışlardan kazandığınız beceriler için Evet, kazanamadığınız beceriler için Hayır kutucuğuna (X) işareti koyarak kendinizi değerlendiriniz. Seçtiğiniz konu/olay haber değeri taşıyor mu? 5N 1K sorularını cevaplandırdınız mı? Haberinizin girişini yazdınız mı? Haberinizin gövdesini yazdınız mı? Haberinizde uygun geçiş ve bağlantı ifadeleri kullandınız mı? Haberinizin başlığını yazdınız mı? Haberinizi okuyarak gerekli düzeltmeleri yaptınız mı? Haberinizi paylaştınız mı? Doğru Yanlış İfadeler Değerlendirme sonunda Hayır şeklindeki cevaplarınızı bir daha gözden geçiriniz ve ilgili açıklamaları tekrar ediniz.",,,,
page_36,36,"36
Türkçe 8. Sınıf
2. ÇALIŞMA
Doğamızı korumak için Türkiye'de çeşitli sivil toplum kuruluşları faaliyet göster­
mektedir. Bu kuruluşlardan biri de TEMA vakfıdır. Bu vakıf Anadolu’da yaşanmakta 
olan erozyon ve çölleşme tehlikesine kamuoyunun dikkatini çekmek amacıyla 1992 
yılında kurulmuştur. Diğer sivil toplum kuruluşları gibi ""TEMA"" vakfı da gönüllü 
katılımcılarla birtakım etkinlikler, projeler düzenlemektedir. Bunlara katılmak için 
başvuru formu doldurulması gerekmektedir. Siz de bu etkinlik ya da projelerin 
birinde görev almak isterseniz aşağıda verilen formu yönergelere uygun olarak 
doldurunuz.
","Türkçe 8. Sınıf 2. ÇALIŞMA Doğamızı korumak için Türkiye'de çeşitli sivil toplum kuruluşları faaliyet göster­ mektedir. Bu kuruluşlardan biri de TEMA vakfıdır. Bu vakıf Anadolu’da yaşanmakta olan erozyon ve çölleşme tehlikesine kamuoyunun dikkatini çekmek amacıyla 1992 yılında kurulmuştur. Diğer sivil toplum kuruluşları gibi ""TEMA"" vakfı da gönüllü katılımcılarla birtakım etkinlikler, projeler düzenlemektedir. Bunlara katılmak için başvuru formu doldurulması gerekmektedir. Siz de bu etkinlik ya da projelerin birinde görev almak isterseniz aşağıda verilen formu yönergelere uygun olarak doldurunuz.",,,,
page_37,37,"37
1. Tema: Doğa ve Evren
DİNLEME / İZLEME
1. ÇALIŞMA
www.eba.gov.tr adresinden “Türkiye'de Doğal Afetler” adlı videoyu not alarak
dinleme yöntemini kullanarak izleyiniz ve aşağıdaki soruları bu videyoa göre
cevaplandırınız.
Sorular
Cevaplarım
1.
Videonun konusu nedir?
2.
Videonun ana fikri nedir?
3.
Videonun hazırlanış amacını belirtiniz. 
4.
İzlediğiniz videoya  hangi başlıkları 
önerirdiniz?
5.
Sizce bu videoda verilen bilgiler tutarlı 
ve güvenilir midir? Niçin?
6.
Türkiye’ de görülen doğal afetler neler-
dir?
7.
Türkiye'de hangi doğal afet en büyük 
riski taşımaktadır? 
8.
Orman yangınları doğal afet midir?
9.
Türkiye hangi deprem kuşağında yer 
almaktadır?
10. Türkiye’deki yaşanmış büyük depremler 
nerede ve ne zaman olmuştur?
11. Sel ve heyelanların insan yaşamına ve 
çevreye zararları nelerdir?
12. Türkiye’de çığ riski en çok hangi bölgede 
görülmektedir? 
13. Videoda verilen bilgiler arasında birbiri­
yle çelişkili olanlar var mıydı?
14. Konuşmacıların jest ve mimiklerinden 
hangi mesajları çıkardınız. 
",1. Tema: Doğa ve Evren DİNLEME / İZLEME 1. ÇALIŞMA www.eba.gov.tr adresinden “Türkiye'de Doğal Afetler” adlı videoyu not alarak dinleme yöntemini kullanarak izleyiniz ve aşağıdaki soruları bu videyoa göre cevaplandırınız. Sorular Cevaplarım 1. Videonun konusu nedir? 2. Videonun ana fikri nedir? 3. Videonun hazırlanış amacını belirtiniz. 4. İzlediğiniz videoya hangi başlıkları önerirdiniz? 5. Sizce bu videoda verilen bilgiler tutarlı ve güvenilir midir? Niçin? 6. Türkiye’ de görülen doğal afetler neler- dir? 7. Türkiye'de hangi doğal afet en büyük riski taşımaktadır? 8. Orman yangınları doğal afet midir? 9. Türkiye hangi deprem kuşağında yer almaktadır? 10. Türkiye’deki yaşanmış büyük depremler nerede ve ne zaman olmuştur? 11. Sel ve heyelanların insan yaşamına ve çevreye zararları nelerdir? 12. Türkiye’de çığ riski en çok hangi bölgede görülmektedir? 13. Videoda verilen bilgiler arasında birbiri­ yle çelişkili olanlar var mıydı? 14. Konuşmacıların jest ve mimiklerinden hangi mesajları çıkardınız.,,,,
page_38,38,"38
Türkçe 8. Sınıf
KONUŞMA
1. ÇALIŞMA
Baharın gelişiyle ilgili hazırlıklı konuşma hazırlayınız ve yakın çevrenizdeki kişi­
lerle sözlü olarak paylaşınız. Konuşma stratejilerinden birini (yaratıcı, güdümlü, em­
pati kurma, tartışma, ikna etme ve eleştirel konuşma) seçerek konuşmanızı buna göre 
hazırlayınız.
Konuşmanızla ilgili bir sunu hazırlayınız. Düşüncelerinizi mantıksal bir bütünlük 
içinde sunmaya; görsel, işitsel vb. destekleyici materyaller kullanmaya özen gösteriniz. 
Sözcükleri  anlamlarına uygun kullanmaya; yabancı dillerden alınmış, dilimize henüz 
yerleşmemiş sözcüklerin Türkçelerini kullanmaya özen gösteriniz. Konuşmanızda 
uygun geçiş ve bağlantı ifadelerini kullanmaya çalışınız. Konuşmanızı aşağıdaki “De­
ğerlendirme Formu”na göre değerlendiriniz.
2. ÇALIŞMA
Bir yakınınıza bir fıkra anlatınız. Anlatımınızda beden dilinizi etkili bir şekilde
kullanınız. Anlatımınızı aşağıdaki “Değerlendirme Formu”na göre değerlendiriniz.
Değerlendirme Formu
Hazırlıklı konuşma ve fıkra anlatma çalışması kapsamında aşağıda listelenen dav­
ranışlardan kazandığınız beceriler için Evet, kazanamadığınız beceriler için Hayır ku­
tucuğuna (X) işareti koyarak kendinizi değerlendiriniz. 
Değerlendirme Ölçütleri
Evet
Hayır
Sözcükleri anlamlarına uygun kullandım. 
Yabancı dillerden alınmış, dilimize henüz yerleşmemiş 
sözcüklerin Türkçelerini kullandım.
Anlatım sırasında dinleyicilerle göz teması kurdum.
Fıkrayı anlatırken içten ve samimi bir dil kullandım.
Fıkradaki olayı akıcı ve anlaşılır bir dille,  vurgu ve tonlamayla 
anlattım. 
Fıkrayı konuya, ortama ve fıkrayı anlattığım kişiye göre uyarla­
yarak anlattım.
Fıkrayı anlatırken jest ve mimiklerimi kullandım.
Fıkrayı anlatırken uygun geçiş ve bağlantı ifadelerini kullan­
dım.
Değerlendirme sonunda Hayır şeklindeki cevaplarınızı bir daha gözden geçiriniz 
ve ilgili açıklamaları tekrar ediniz. 
","Türkçe 8. Sınıf KONUŞMA 1. ÇALIŞMA Baharın gelişiyle ilgili hazırlıklı konuşma hazırlayınız ve yakın çevrenizdeki kişi­ lerle sözlü olarak paylaşınız. Konuşma stratejilerinden birini (yaratıcı, güdümlü, em­ pati kurma, tartışma, ikna etme ve eleştirel konuşma) seçerek konuşmanızı buna göre hazırlayınız. Konuşmanızla ilgili bir sunu hazırlayınız. Düşüncelerinizi mantıksal bir bütünlük içinde sunmaya; görsel, işitsel vb. destekleyici materyaller kullanmaya özen gösteriniz. Sözcükleri anlamlarına uygun kullanmaya; yabancı dillerden alınmış, dilimize henüz yerleşmemiş sözcüklerin Türkçelerini kullanmaya özen gösteriniz. Konuşmanızda uygun geçiş ve bağlantı ifadelerini kullanmaya çalışınız. Konuşmanızı aşağıdaki “De­ ğerlendirme Formu”na göre değerlendiriniz. 2. ÇALIŞMA Bir yakınınıza bir fıkra anlatınız. Anlatımınızda beden dilinizi etkili bir şekilde kullanınız. Anlatımınızı aşağıdaki “Değerlendirme Formu”na göre değerlendiriniz. Değerlendirme Formu Hazırlıklı konuşma ve fıkra anlatma çalışması kapsamında aşağıda listelenen dav­ ranışlardan kazandığınız beceriler için Evet, kazanamadığınız beceriler için Hayır ku­ tucuğuna (X) işareti koyarak kendinizi değerlendiriniz. Değerlendirme Ölçütleri Evet Hayır Sözcükleri anlamlarına uygun kullandım. Yabancı dillerden alınmış, dilimize henüz yerleşmemiş sözcüklerin Türkçelerini kullandım. Anlatım sırasında dinleyicilerle göz teması kurdum. Fıkrayı anlatırken içten ve samimi bir dil kullandım. Fıkradaki olayı akıcı ve anlaşılır bir dille, vurgu ve tonlamayla anlattım. Fıkrayı konuya, ortama ve fıkrayı anlattığım kişiye göre uyarla­ yarak anlattım. Fıkrayı anlatırken jest ve mimiklerimi kullandım. Fıkrayı anlatırken uygun geçiş ve bağlantı ifadelerini kullan­ dım. Değerlendirme sonunda Hayır şeklindeki cevaplarınızı bir daha gözden geçiriniz ve ilgili açıklamaları tekrar ediniz.",,,,
page_39,39,"39
1. Tema: Doğa ve Evren
1.
O günü görmek için sade bekleyeceğiz,
Göreceğiz bir sabah yeşil tomurcukları.
Hazırlanıyor gibi gökyüzü, ufuk, deniz,
Bir sabah dökülecek baharların baharı.
Bu dizelerle ilgili,
I.
“Bahar” teması işlenmiştir.
II.
İntak (konuşturma) sanatı vardır.
III. İki dizelik kümelerden oluşmuştur.
ifadelerinden hangileri doğrudur?
A) Yalnız I
B) Yalnız II
C) Yalnız III
D) I, II ve III
2.
Ülkemizde kırsal yerleşimlerin büyük ço­
ğunluğu plansız yerleşimler şeklinde ve
her an doğal afetlerin etkisi altındadır.
Yerleşim yerlerini etkileyen doğal afetlerin
başlıcaları; deprem, çığ, sel ve su baskınla­
rı olup birçok mal ve can kaybına neden
olabilmektedir.
Bu parçayla ilgili olarak aşağıdakiler­
den hangisi söylenemez?
A)
Doğal afet konusu ele alınmıştır.
B)
Öyküleyici anlatım biçimi kullanıl­
mıştır.
C)
Bilgi vermek amacıyla yazılmıştır.
D) Nesnel bir bakış açısıyla yayımlan­
mıştır.
3.
Aşağıdakilerin hangisi, haber yazıların­
da kullanılan “5N 1K” kuralının açılı-
mında yer almaz?
A) Nerede
B) Ne zaman
C) Ne kadar
D) Kim
4.
Kimi atasözleri sosyal olayların nasıl ola­
geldiklerini uzun bir gözlem ve deneme
sonucu olarak yansızca bildirir.
Aşağıdakilerin hangisi bu duruma ör­
nek verilemez?
A)
Komşunun tavuğu komşuya kaz gö­
rünür.
B)
Minareyi çalan kılıfını hazırlar.
C)
Sütten ağzı yanan yoğurdu üfleyerek
içer.
D) Mart kapıdan baktırır, kazma kürek
yaktırır.
1. TEMA
ÖLÇME VE DEĞERLENDİRME SORULARI
HAYAT BOYU ÖĞRENME
","1. Tema: Doğa ve Evren 1. O günü görmek için sade bekleyeceğiz, Göreceğiz bir sabah yeşil tomurcukları. Hazırlanıyor gibi gökyüzü, ufuk, deniz, Bir sabah dökülecek baharların baharı. Bu dizelerle ilgili, I. “Bahar” teması işlenmiştir. II. İntak (konuşturma) sanatı vardır. III. İki dizelik kümelerden oluşmuştur. ifadelerinden hangileri doğrudur? A) Yalnız I B) Yalnız II C) Yalnız III D) I, II ve III 2. Ülkemizde kırsal yerleşimlerin büyük ço­ ğunluğu plansız yerleşimler şeklinde ve her an doğal afetlerin etkisi altındadır. Yerleşim yerlerini etkileyen doğal afetlerin başlıcaları; deprem, çığ, sel ve su baskınla­ rı olup birçok mal ve can kaybına neden olabilmektedir. Bu parçayla ilgili olarak aşağıdakiler­ den hangisi söylenemez? A) Doğal afet konusu ele alınmıştır. B) Öyküleyici anlatım biçimi kullanıl­ mıştır. C) Bilgi vermek amacıyla yazılmıştır. D) Nesnel bir bakış açısıyla yayımlan­ mıştır. 3. Aşağıdakilerin hangisi, haber yazıların­ da kullanılan “5N 1K” kuralının açılı- mında yer almaz? A) Nerede B) Ne zaman C) Ne kadar D) Kim 4. Kimi atasözleri sosyal olayların nasıl ola­ geldiklerini uzun bir gözlem ve deneme sonucu olarak yansızca bildirir. Aşağıdakilerin hangisi bu duruma ör­ nek verilemez? A) Komşunun tavuğu komşuya kaz gö­ rünür. B) Minareyi çalan kılıfını hazırlar. C) Sütten ağzı yanan yoğurdu üfleyerek içer. D) Mart kapıdan baktırır, kazma kürek yaktırır. 1. TEMA ÖLÇME VE DEĞERLENDİRME SORULARI HAYAT BOYU ÖĞRENME",,,,
page_40,40,"40
Türkçe 8. Sınıf
5.
Ali, deniz kıyısında bulunan bir kasabada
yaşamaktadır. 
Özellikle 
yaz 
aylarında
tatilcilerin çevreyi kirlettiklerini; alışveriş
poşetlerini, pet şişeleri denize attıklarını
gözlemlemiştir. Bu sorunla ilgili gözlemle-
rini Belediye Başkanı’na aktarır. Turizmin
kasabaya ekonomik katkısını engellemeden
ona birtakım çözüm önerilerinde bulunur.
Aşağıdakilerden hangisi Ali’nin önerdiği
çözüm yollarından biri olamaz?
A)
Alışveriş poşeti yerine bez çanta kul-
lanmak
B)
Kasabaya turistlerin girmesini yasakla-
mak
C)
Suları cam şişelerde satmak
D)
Çevre bilinciyle ilgili afişler hazırlat-
mak
6.
Ben insanlara şiirlerimi okutup ne anladık-
I
larını sorarım ve hepsi farklı bir anlamdan
bahseder; işte okur böylece şiiri büyütür.
      II	
	
     III
Bir böyle katkısı vardır okurun, bir de her 
            IV
okur bir ucundan tutar şiirin.
Bu parçada altı çizili sözcüklerden hangi­
si geçiş ve bağlantı ifadesidir?
A) I
B) II
C) III
D) IV
7.
Aşağıdakilerden hangisi konuşma anında
dikkat edilmesi gereken hususlardan biri
değildir?
A)
Dinleyicilerle göz teması kurmak
B)
Akıcı ve anlaşılır bir dil kullanmak
C)
Jest ve mimikleri yerinde kullanmak
D) Duraklamadan hızlı ve acele konuş­
mak
8.
“Büyük bir balık yakalayacağı sanki   içime
doğmuştu.” cümlesindeki altı çizili ifade-
nin anlamı aşağıdakilerden hangisidir?
A) Bir işin yapıldığını bilme
B) Bir işi başkasından duyma
C) Bir işin olacağını sezinleme
D) Bir işten dolayı sevinme
9.
Amerikan Havacılık ve Uzay Dairesinden
(NASA), kuyruklu yıldızın Kızıl Gezegen'in
140 bin kilometre yakınından, saatte 202
bin 767 kilometre hızla geçeceğini açıkladı.
Milyon yılda bir görülen gök olayı, hâli­
hazırda Mars yörüngesinde bulunan uzay
araçları tarafından izlenecek. (www.trtha­
ber.com)
Bu parçayla ilgili olarak aşağıdakilerden
hangisi söylenemez?
A)
Güncel bir olayın ele alındığı
B)
Öznel bir anlatıma sahip olduğu
C)
Gerçeklere dayandırıldığı
D) Açık ve duru bir dil kullanıldığı
HAYAT BOYU ÖĞRENME
","Türkçe 8. Sınıf 5. Ali, deniz kıyısında bulunan bir kasabada yaşamaktadır. Özellikle yaz aylarında tatilcilerin çevreyi kirlettiklerini; alışveriş poşetlerini, pet şişeleri denize attıklarını gözlemlemiştir. Bu sorunla ilgili gözlemle- rini Belediye Başkanı’na aktarır. Turizmin kasabaya ekonomik katkısını engellemeden ona birtakım çözüm önerilerinde bulunur. Aşağıdakilerden hangisi Ali’nin önerdiği çözüm yollarından biri olamaz? A) Alışveriş poşeti yerine bez çanta kul- lanmak B) Kasabaya turistlerin girmesini yasakla- mak C) Suları cam şişelerde satmak D) Çevre bilinciyle ilgili afişler hazırlat- mak 6. Ben insanlara şiirlerimi okutup ne anladık- I larını sorarım ve hepsi farklı bir anlamdan bahseder; işte okur böylece şiiri büyütür. II III Bir böyle katkısı vardır okurun, bir de her IV okur bir ucundan tutar şiirin. Bu parçada altı çizili sözcüklerden hangi­ si geçiş ve bağlantı ifadesidir? A) I B) II C) III D) IV 7. Aşağıdakilerden hangisi konuşma anında dikkat edilmesi gereken hususlardan biri değildir? A) Dinleyicilerle göz teması kurmak B) Akıcı ve anlaşılır bir dil kullanmak C) Jest ve mimikleri yerinde kullanmak D) Duraklamadan hızlı ve acele konuş­ mak 8. “Büyük bir balık yakalayacağı sanki içime doğmuştu.” cümlesindeki altı çizili ifade- nin anlamı aşağıdakilerden hangisidir? A) Bir işin yapıldığını bilme B) Bir işi başkasından duyma C) Bir işin olacağını sezinleme D) Bir işten dolayı sevinme 9. Amerikan Havacılık ve Uzay Dairesinden (NASA), kuyruklu yıldızın Kızıl Gezegen'in 140 bin kilometre yakınından, saatte 202 bin 767 kilometre hızla geçeceğini açıkladı. Milyon yılda bir görülen gök olayı, hâli­ hazırda Mars yörüngesinde bulunan uzay araçları tarafından izlenecek. (www.trtha­ ber.com) Bu parçayla ilgili olarak aşağıdakilerden hangisi söylenemez? A) Güncel bir olayın ele alındığı B) Öznel bir anlatıma sahip olduğu C) Gerçeklere dayandırıldığı D) Açık ve duru bir dil kullanıldığı HAYAT BOYU ÖĞRENME",,,,
page_41,41,"41
1. Tema: Doğa ve Evren
10. Tarih boyunca insanlar nehir veya göllerin
yakınındaki şehirlere yerleşmiş veya şehir­
leri buralara kurmuştur. Birçok durumda
akıntılar temiz suyu getirip kirliliği götür­
müştür. Şehir büyüdükçe, temiz suya ve kir­
li suyu boşaltmaya genel ihtiyaç da onunla
birlikte büyümüştür. Orta Çağ’da, şehirler­
den geçen birçok Avrupa nehri doğal bir
kanalizasyon sistemi vazifesi görmüştü. 18.
yüzyılda başlayan sanayileşmeyi takiben,
nehirler aynı zamanda sanayinin saldığı kir­
leticileri de almaya başladı. Kuyusu olma­
yanlar suyu nehirden almak zorundaydı ve
bu her gün çoğunlukla kadınlar ve çocuklar
tarafından yapılan zahmetli bir işti.
Bu parça aşağıdaki metin türlerinin han­
gisinden alınmış olabilir?
A) Öykü
B) Roman
C) Makale
D) Deneme
11. Yalnız yaşamanın bir tek amacı vardır sanı­
yorum; o da daha başıboş, daha rahat yaşa­
mak. Fakat her zaman, buna hangi yoldan
varacağımızı pek bilmiyoruz. Çok kez insan
dünya işlerini bıraktığını sanır oysaki bu
işlerin yolunu değiştirmekten başka bir şey
yapmamıştır. Bir aileyi yönetmek bir devleti
yönetmekten hiç de kolay değildir. Ruh ner­
de bunalırsa bunalsın, hep aynı ruhtur; ev
işlerinin az önemli olmaları, daha az yorucu
olmalarını gerektirmez. Bundan başka, sa­
raydan ve pazardan el çekmekle hayatımızın
baş kaygılarından kurtulmuş olmuyoruz.
Bu parçanın anlatımında aşağıdakilerden
hangisi ağır basmaktadır?
A) Tartışma
B) Tanık gösterme
C) Açıklama
D) Öyküleme
12. Gün içinde meydana gelen, önemi bulunan
olay ve gelişmeleri konu alan yazılardır. Bu
yazılar gazetelerde yer alır. 5N 1K tekniği ile
oluşturulur.
Bu parçada tanımlanan yazı türü aşağı­
dakilerden hangisidir?
A) Haber yazıları
B) Makale
C) Deneme
D) Fıkra
13. Bilgehan, yaz kampı için Ankara Gençlik
Hizmetleri ve Spor İl Müdürlüğüne başvur­
muştur. Ondan ilk olarak bir başvuru for­
mu doldurması istenmiştir.
Aşağıdakilerden hangisi bu formda iste­
nilen bilgilerden biri olamaz?
A) T.C. kimlik no
B) Yakın arkadaşları
C) Adı soyadı
D) Adres
HAYAT BOYU ÖĞRENME
","1. Tema: Doğa ve Evren 10. Tarih boyunca insanlar nehir veya göllerin yakınındaki şehirlere yerleşmiş veya şehir­ leri buralara kurmuştur. Birçok durumda akıntılar temiz suyu getirip kirliliği götür­ müştür. Şehir büyüdükçe, temiz suya ve kir­ li suyu boşaltmaya genel ihtiyaç da onunla birlikte büyümüştür. Orta Çağ’da, şehirler­ den geçen birçok Avrupa nehri doğal bir kanalizasyon sistemi vazifesi görmüştü. 18. yüzyılda başlayan sanayileşmeyi takiben, nehirler aynı zamanda sanayinin saldığı kir­ leticileri de almaya başladı. Kuyusu olma­ yanlar suyu nehirden almak zorundaydı ve bu her gün çoğunlukla kadınlar ve çocuklar tarafından yapılan zahmetli bir işti. Bu parça aşağıdaki metin türlerinin han­ gisinden alınmış olabilir? A) Öykü B) Roman C) Makale D) Deneme 11. Yalnız yaşamanın bir tek amacı vardır sanı­ yorum; o da daha başıboş, daha rahat yaşa­ mak. Fakat her zaman, buna hangi yoldan varacağımızı pek bilmiyoruz. Çok kez insan dünya işlerini bıraktığını sanır oysaki bu işlerin yolunu değiştirmekten başka bir şey yapmamıştır. Bir aileyi yönetmek bir devleti yönetmekten hiç de kolay değildir. Ruh ner­ de bunalırsa bunalsın, hep aynı ruhtur; ev işlerinin az önemli olmaları, daha az yorucu olmalarını gerektirmez. Bundan başka, sa­ raydan ve pazardan el çekmekle hayatımızın baş kaygılarından kurtulmuş olmuyoruz. Bu parçanın anlatımında aşağıdakilerden hangisi ağır basmaktadır? A) Tartışma B) Tanık gösterme C) Açıklama D) Öyküleme 12. Gün içinde meydana gelen, önemi bulunan olay ve gelişmeleri konu alan yazılardır. Bu yazılar gazetelerde yer alır. 5N 1K tekniği ile oluşturulur. Bu parçada tanımlanan yazı türü aşağı­ dakilerden hangisidir? A) Haber yazıları B) Makale C) Deneme D) Fıkra 13. Bilgehan, yaz kampı için Ankara Gençlik Hizmetleri ve Spor İl Müdürlüğüne başvur­ muştur. Ondan ilk olarak bir başvuru for­ mu doldurması istenmiştir. Aşağıdakilerden hangisi bu formda iste­ nilen bilgilerden biri olamaz? A) T.C. kimlik no B) Yakın arkadaşları C) Adı soyadı D) Adres HAYAT BOYU ÖĞRENME",,,,
page_42,42,"2. TEMA
MİLLÎ kültürümüz
",2. TEMA MİLLÎ kültürümüz,,,,
page_43,43,"Olamam 
Dükkânlarına Alâmet Koyan Çarşı Esnafı 
Oğuz Kağan Destanı
Oğuz Kağan 
(Dinleme / İzleme Metni)
ANAHTAR KAVRAMLAR
Bayrak Sevgisi 	
Fiilimsi	
Mısır Çarşısı	
Ana Düşünçe	
Destan
Öyküleme	
Betimleme	 Cümlenin 
Hazırlıksız	
Türk Kültürü
Ögeleri	
Konuşma
",Olamam Dükkânlarına Alâmet Koyan Çarşı Esnafı Oğuz Kağan Destanı Oğuz Kağan (Dinleme / İzleme Metni) ANAHTAR KAVRAMLAR Bayrak Sevgisi Fiilimsi Mısır Çarşısı Ana Düşünçe Destan Öyküleme Betimleme Cümlenin Hazırlıksız Türk Kültürü Ögeleri Konuşma,,,,
page_44,44,"44
Türkçe 8. Sınıf
OKUMA
Hazırlık 
1. Bayrak sevginizi nasıl gösterirsiniz?
2. Arif Nihat Asya’nın “Bir Bayrak Rüzgâr Bekliyor” şiirini
         genel
ağ’dan dinleyiniz.
3. Aşağıdaki şiirin görselini ve başlığını inceleyerek şiirin temasını tah-
min ediniz. 
Aşağıdaki şiiri ezberleyiniz ve tür özelliklerine uygun biçimde okuyunuz. 
OLAMAM
Bir çocuksam 
Kucaksız,
Oyuncaksız;
Bir delikanlıysam 
Atsız.
Pusatsız
Olabilirim...
Bayraksız olamam!
Taşıp yirmi yaş dileklerinden 
Ufuk ufuk süzülen 
Bir gemiyim ben...
Rüzgârsız kalabilirim. 
Yelkensiz olabilirim…
Bayraksız olamam! 
Eşsizsem, yalnızsam:
Kısmetini bekliyen bir genç kızsam 
Ve gelirse, eğer mutlu günüm 
Yapılırsa bir gün düğünüm 
Telsiz, duvaksız olabilirim… 
Bayraksız olamam!
-İster erkek, ister kadın- 
Çocuğuyum bu vatanın
Ve gazada can borcuyum…
Serhatte kale burcuyum...
Susuz olabilirim.
Uykusuz olabilirim.
Bayraksız olamam!
(…)
Arif Nihat Asya
Kökler ve Dallar
","Türkçe 8. Sınıf OKUMA Hazırlık 1. Bayrak sevginizi nasıl gösterirsiniz? 2. Arif Nihat Asya’nın “Bir Bayrak Rüzgâr Bekliyor” şiirini genel ağ’dan dinleyiniz. 3. Aşağıdaki şiirin görselini ve başlığını inceleyerek şiirin temasını tah- min ediniz. Aşağıdaki şiiri ezberleyiniz ve tür özelliklerine uygun biçimde okuyunuz. OLAMAM Bir çocuksam Kucaksız, Oyuncaksız; Bir delikanlıysam Atsız. Pusatsız Olabilirim... Bayraksız olamam! Taşıp yirmi yaş dileklerinden Ufuk ufuk süzülen Bir gemiyim ben... Rüzgârsız kalabilirim. Yelkensiz olabilirim… Bayraksız olamam! Eşsizsem, yalnızsam: Kısmetini bekliyen bir genç kızsam Ve gelirse, eğer mutlu günüm Yapılırsa bir gün düğünüm Telsiz, duvaksız olabilirim… Bayraksız olamam! -İster erkek, ister kadın- Çocuğuyum bu vatanın Ve gazada can borcuyum… Serhatte kale burcuyum... Susuz olabilirim. Uykusuz olabilirim. Bayraksız olamam! (…) Arif Nihat Asya Kökler ve Dallar",,,,
page_45,45,"45
2. Tema: Millî Kültürümüz
1. ÇALIŞMA
Aşağıda verilen sözcüklerin anlamını metinden hareketle tahmin ediniz.  Tah­
minlerinizin doğruluğunu “Türkçe Sözlük”ten kontrol ediniz.
Tahminim
Sözlük Anlamı
pusat
.............................................
...........................................................................
gaza
.............................................
...........................................................................
serhat
.............................................
...........................................................................
2. ÇALIŞMA
Aşağıdaki soruları şiire göre cevaplayınız.
1.
Okuduğunuz şiirin temasını belirleyiniz.
2.
Söyleyici, bayrak sevgisini nasıl dile getiriyor?
3.
Şair, “Bayraksız olamam!” sözü ile ne anlatmak istemiştir?
4.
Okuduğunuz şiirde şair, bayrak sevgisi ile kendi yaşantısı arasında nasıl bir ilişki
kurmuştur?
5.
Taşıp yirmi yaş dileklerinden
Ufuk ufuk süzülen
Bir gemiyim ben...
Altı çizili dizede aşağıdaki edebî sanatlardan hangisine yer verilmiştir?
A) Benzetme (teşbih)
B) Kişileştirme (teşhis)
C) Konuşturma (intak)
D) Karşıtlık(tezat)
3. ÇALIŞMA
Şiirin içeriği ile ilgili iki soru yazarak bu soruları cevaplayınız.
1. Sorum: .....................................................................................................................
Cevabım: .....................................................................................................................
2. Sorum: ....................................................................................................................
Cevabım: .....................................................................................................................
","2. Tema: Millî Kültürümüz 1. ÇALIŞMA Aşağıda verilen sözcüklerin anlamını metinden hareketle tahmin ediniz. Tah­ minlerinizin doğruluğunu “Türkçe Sözlük”ten kontrol ediniz. Tahminim Sözlük Anlamı pusat ............................................. ........................................................................... gaza ............................................. ........................................................................... serhat ............................................. ........................................................................... 2. ÇALIŞMA Aşağıdaki soruları şiire göre cevaplayınız. 1. Okuduğunuz şiirin temasını belirleyiniz. 2. Söyleyici, bayrak sevgisini nasıl dile getiriyor? 3. Şair, “Bayraksız olamam!” sözü ile ne anlatmak istemiştir? 4. Okuduğunuz şiirde şair, bayrak sevgisi ile kendi yaşantısı arasında nasıl bir ilişki kurmuştur? 5. Taşıp yirmi yaş dileklerinden Ufuk ufuk süzülen Bir gemiyim ben... Altı çizili dizede aşağıdaki edebî sanatlardan hangisine yer verilmiştir? A) Benzetme (teşbih) B) Kişileştirme (teşhis) C) Konuşturma (intak) D) Karşıtlık(tezat) 3. ÇALIŞMA Şiirin içeriği ile ilgili iki soru yazarak bu soruları cevaplayınız. 1. Sorum: ..................................................................................................................... Cevabım: ..................................................................................................................... 2. Sorum: .................................................................................................................... Cevabım: .....................................................................................................................",,,,
page_46,46,"46
Türkçe 8. Sınıf
4. ÇALIŞMA
a. Okuduğunuz “Olamam” adlı şiire farklı bir başlık koymak isteseydiniz,
1. Vatansız Olmaz    2. Akın        3. Bir Bayrak Altında    4. Bayraksız Yaşayamam
ifadelerinden hangisi sizce daha uygun bir başlık olurdu? Bu başlığı neden
seçtiğinizi açıklayınız. 
b. Türk milleti için “Bayrak” nasıl bir değer taşımaktadır? Görüşlerinizi aşa-
ğıda boş bırakılan yere yazınız.
Fiilimsiler (Eylemsiler)
Fiil kök ya da gövdelerine belirli ekler getirilerek türetilen sözcüklere denir. 
Fiilimsiler, anlamları ve görevleri bakımından üçe ayrılır:
Fiilimsiler
İsim-fiil (mastar) 
Sıfat-fiil (ortaç)
Zarf-fiil (ulaç, bağ-fiil)
Fiilimsiler, fiillerin dönüşmüş şekilleridir; sıfata dönüşüyorsa sıfat-fiil; zarfa 
dönüşüyorsa zarf-fiil; isme dönüşüyorsa isim-fiildir. Örneğin “Ahmet ders çalı-
şıyor.”  cümlesinde “çalış-“ fiili kullanılmıştır. Bu fiilden fiilimsiler türetebiliriz: 
çalışan, çalışarak, çalışma. Bu sözcükleri,  
“Ders çalışan çocuklar daha başarılı olur.”  cümlesinde sıfat-fiil, 
“Çalışarak başarılı oldu .”  cümlesinde zarf-fiil, 
“Ders çalışmayı çok seviyor.” cümlesinde isim-fiil olarak kullanabiliriz.
Fiilimsilerin Özellikleri
+ Fiilimsiler fiil kök ya da gövdelerine gelen eklerle oluşur.
+ İsim, sıfat, zarf görevinde kullanılır.
+ Fiilimsiler, fiiller gibi olumsuzluk ekini alabilir.
+ Fiilimsiler, kişi ve zamana bağlı olmadan kullanılır.
BİLGİ KUTUSU
","Türkçe 8. Sınıf 4. ÇALIŞMA a. Okuduğunuz “Olamam” adlı şiire farklı bir başlık koymak isteseydiniz, 1. Vatansız Olmaz 2. Akın 3. Bir Bayrak Altında 4. Bayraksız Yaşayamam ifadelerinden hangisi sizce daha uygun bir başlık olurdu? Bu başlığı neden seçtiğinizi açıklayınız. b. Türk milleti için “Bayrak” nasıl bir değer taşımaktadır? Görüşlerinizi aşa- ğıda boş bırakılan yere yazınız. Fiilimsiler (Eylemsiler) Fiil kök ya da gövdelerine belirli ekler getirilerek türetilen sözcüklere denir. Fiilimsiler, anlamları ve görevleri bakımından üçe ayrılır: Fiilimsiler İsim-fiil (mastar) Sıfat-fiil (ortaç) Zarf-fiil (ulaç, bağ-fiil) Fiilimsiler, fiillerin dönüşmüş şekilleridir; sıfata dönüşüyorsa sıfat-fiil; zarfa dönüşüyorsa zarf-fiil; isme dönüşüyorsa isim-fiildir. Örneğin “Ahmet ders çalı- şıyor.” cümlesinde “çalış-“ fiili kullanılmıştır. Bu fiilden fiilimsiler türetebiliriz: çalışan, çalışarak, çalışma. Bu sözcükleri, “Ders çalışan çocuklar daha başarılı olur.” cümlesinde sıfat-fiil, “Çalışarak başarılı oldu .” cümlesinde zarf-fiil, “Ders çalışmayı çok seviyor.” cümlesinde isim-fiil olarak kullanabiliriz. Fiilimsilerin Özellikleri + Fiilimsiler fiil kök ya da gövdelerine gelen eklerle oluşur. + İsim, sıfat, zarf görevinde kullanılır. + Fiilimsiler, fiiller gibi olumsuzluk ekini alabilir. + Fiilimsiler, kişi ve zamana bağlı olmadan kullanılır. BİLGİ KUTUSU",,,,
page_47,47,"47
2. Tema: Millî Kültürümüz
ÖRNEK
Araba sürmeye başladığım ilk zamanlarda, 
Karaağaç’ın hep bağ arasında geçen dar, bozuk 
yollarından Çelebi’nin Kayseri asfaltına çıkarken 
bir çoban çeşmesi vardı. 
 Bu cümledeki altı çizili sözcükler fiilimsidir.

sürmeye  (isim-fiil)
geçen       (sıfat-fiil)
çıkarken  (zarf-fiil)
5. ÇALIŞMA
Taşıp yirmi yaş dileklerinden 
Rüzgârsız kalabilirim. 
Ufuk ufuk süzülen 			
Yelkensiz olabilirim…
Bir gemiyim ben...			
Bayraksız olamam
Okuduğunuz şiirden alınan bu parçadaki fiilimsileri belirleyerek  bunların türle­
rini yazınız.
Fiilimsi
Türü
6. ÇALIŞMA
Hep birlikte caddeye inince bir süre yürüdük, heyeti karşılamak için arabaların
etrafında bekleyen kadın ve erkeklere biz de katıldık.
Yukarıdaki cümlede renkli yazılan sözcüklerden eylemin yapılış zamanını bildi­
ren …………………….. sözcüğü zarf-fiil, bir eylemin adı olan …………………….. 
sözcüğü isim-fiil,  varlıkları niteleyen sözcüğü ise …………………….. sıfat-fiildir.  
Bu anlatımda boş bırakılan yerleri uygun sözcüklerle doldurunuz. 
7. ÇALIŞMA
Aşağıdaki cümlelerin hangisinde “doğramak” sözcüğü fiilimsidir? İşaretleyiniz.
•
Bir kenarda kebapçılar mangallarını yakmışlar, ellerindeki bıçaklar­
la etleri doğramaya girişmişlerdi.
•
Bir kenarda kebapçılar mangallarını yakmışlar, ellerindeki bıçaklar­
la etleri doğramışlardı.
","2. Tema: Millî Kültürümüz ÖRNEK Araba sürmeye başladığım ilk zamanlarda, Karaağaç’ın hep bağ arasında geçen dar, bozuk yollarından Çelebi’nin Kayseri asfaltına çıkarken bir çoban çeşmesi vardı. Bu cümledeki altı çizili sözcükler fiilimsidir.  sürmeye (isim-fiil) geçen (sıfat-fiil) çıkarken (zarf-fiil) 5. ÇALIŞMA Taşıp yirmi yaş dileklerinden Rüzgârsız kalabilirim. Ufuk ufuk süzülen Yelkensiz olabilirim… Bir gemiyim ben... Bayraksız olamam Okuduğunuz şiirden alınan bu parçadaki fiilimsileri belirleyerek bunların türle­ rini yazınız. Fiilimsi Türü 6. ÇALIŞMA Hep birlikte caddeye inince bir süre yürüdük, heyeti karşılamak için arabaların etrafında bekleyen kadın ve erkeklere biz de katıldık. Yukarıdaki cümlede renkli yazılan sözcüklerden eylemin yapılış zamanını bildi­ ren …………………….. sözcüğü zarf-fiil, bir eylemin adı olan …………………….. sözcüğü isim-fiil, varlıkları niteleyen sözcüğü ise …………………….. sıfat-fiildir. Bu anlatımda boş bırakılan yerleri uygun sözcüklerle doldurunuz. 7. ÇALIŞMA Aşağıdaki cümlelerin hangisinde “doğramak” sözcüğü fiilimsidir? İşaretleyiniz. • Bir kenarda kebapçılar mangallarını yakmışlar, ellerindeki bıçaklar­ la etleri doğramaya girişmişlerdi. • Bir kenarda kebapçılar mangallarını yakmışlar, ellerindeki bıçaklar­ la etleri doğramışlardı.",,,,
page_48,48,"48
Türkçe 8. Sınıf
Hazırlık 
1. Çevrenizde han, bedesten (kapalı çarşı), kervansaray gibi tarihî ya-
pıları ziyaret ediniz. Bu tür yapıların niçin inşa edildiğini geziniz sırasında 
oradaki görevlilere ya da çalışanlara sorunuz. 
       2. Genel ağdan www.misircarsisi.org.tr sitesini ziyaret ederek “Mısır 
Çarşısı”nın millî kültürün tanıtımında nasıl bir önemi olduğunu belirtiniz. 
Aşağıdaki metni noktalama işaretlerine dikkat ederek ve not alarak okuyunuz.
DÜKKÂNLARINA ALÂMET KOYAN ÇARŞI ESNAFI
İstanbul esnafının çoğu öteden beri bir semtte
toplanırlardı. Hasırcılar, kurukahveciler, kürkçü­
ler, çadırcılar, bakırcılar, zahireciler, yağlıkçılar 
balmumcular, örücüler, gümüş ve altın eritip sa­
tanlar, tülbentçiler, kavaflar, sahaflar gibi...
Mısır Çarşısı esnafı vaktiyle ilâç da satarlar­
dı. Sıhhiye Dairesi son zamanlarda ilâç satışlarını 
sınırladı. Bu çarşıdaki dükkânlara ufak bir gemi 
modeli, bir devekuşu yumurtası, bir fener, bir 
püskül gibi işaretler koyarlardı. Yakın zamana ka­
dar Büyük Çarşı esnafı, Beyazıt'taki dükkâncılar da bu gibi işaretleri koyarlardı. Bunların 
sebebi, meselâ bir adam Mısır Çarşısı’nda bir şey alır da, aldığı şey iyi çıkarsa nereden aldın 
diyenlere; “Mısır Çarşısı’nda fenerli veya yumurtalı dükkândan” diyebilmek içindi.
Mısır Çarşısı, Yeni Cami'nin kurucusu Turhan Valide Sultan tarafından makas 
biçiminde Yeni Cami mimarı Kasım Ağa’ya yaptırılmıştır. Bu çarşı ve cami yeri 
Bizans zamanında Musevilerin semti idi. Museviler çarşı yaptırıldıktan sonra 
kaldırılıp Hasköy'e götürüldüler.
Rivayete göre, Valide Sultanın bu çarşıyı yaptırması cami imam, müezzin ve ha-
demelerinin Mısır Çarşısı’nda satılan attariye eşyası ile geçindirilmeleri içindi. Dük-
kânlar vakıftı. Çarşıda satılan eşyanın hepsi vaktiyle Mısır’dan getirildiği için Mısır 
Çarşısı ismi verilmişti.
Balıkhane Nazırı Ali Rıza Bey
Bir Zamanlar İstanbul
","Türkçe 8. Sınıf Hazırlık 1. Çevrenizde han, bedesten (kapalı çarşı), kervansaray gibi tarihî ya- pıları ziyaret ediniz. Bu tür yapıların niçin inşa edildiğini geziniz sırasında oradaki görevlilere ya da çalışanlara sorunuz. 2. Genel ağdan www.misircarsisi.org.tr sitesini ziyaret ederek “Mısır Çarşısı”nın millî kültürün tanıtımında nasıl bir önemi olduğunu belirtiniz. Aşağıdaki metni noktalama işaretlerine dikkat ederek ve not alarak okuyunuz. DÜKKÂNLARINA ALÂMET KOYAN ÇARŞI ESNAFI İstanbul esnafının çoğu öteden beri bir semtte toplanırlardı. Hasırcılar, kurukahveciler, kürkçü­ ler, çadırcılar, bakırcılar, zahireciler, yağlıkçılar balmumcular, örücüler, gümüş ve altın eritip sa­ tanlar, tülbentçiler, kavaflar, sahaflar gibi... Mısır Çarşısı esnafı vaktiyle ilâç da satarlar­ dı. Sıhhiye Dairesi son zamanlarda ilâç satışlarını sınırladı. Bu çarşıdaki dükkânlara ufak bir gemi modeli, bir devekuşu yumurtası, bir fener, bir püskül gibi işaretler koyarlardı. Yakın zamana ka­ dar Büyük Çarşı esnafı, Beyazıt'taki dükkâncılar da bu gibi işaretleri koyarlardı. Bunların sebebi, meselâ bir adam Mısır Çarşısı’nda bir şey alır da, aldığı şey iyi çıkarsa nereden aldın diyenlere; “Mısır Çarşısı’nda fenerli veya yumurtalı dükkândan” diyebilmek içindi. Mısır Çarşısı, Yeni Cami'nin kurucusu Turhan Valide Sultan tarafından makas biçiminde Yeni Cami mimarı Kasım Ağa’ya yaptırılmıştır. Bu çarşı ve cami yeri Bizans zamanında Musevilerin semti idi. Museviler çarşı yaptırıldıktan sonra kaldırılıp Hasköy'e götürüldüler. Rivayete göre, Valide Sultanın bu çarşıyı yaptırması cami imam, müezzin ve ha- demelerinin Mısır Çarşısı’nda satılan attariye eşyası ile geçindirilmeleri içindi. Dük- kânlar vakıftı. Çarşıda satılan eşyanın hepsi vaktiyle Mısır’dan getirildiği için Mısır Çarşısı ismi verilmişti. Balıkhane Nazırı Ali Rıza Bey Bir Zamanlar İstanbul",,,,
page_49,49,"49
2. Tema: Millî Kültürümüz
1. ÇALIŞMA
esnaf
vakıf
zahire
attariye
Yukarıdaki sözcüklerin anlamlarını metnin bağlamından yararlanarak  
tahmin ediniz. Tahminlerinizin doğruluğunu “Türkçe Sözlük”t en kontrol 
ediniz.
2. ÇALIŞMA
Metni okurken aldığınız notlardan yararlanarak “Dükkânlarına Alâmet Koyan
Çarşı Esnafı” adlı metni özetleyiniz.
………………………………………………………………………………………
………………………………………………………………………………………
………………………………………………………………………………………
………………………………………………………………………………………
3. ÇALIŞMA
Aşağıdaki soruları metne göre cevaplayınız.
1. Mısır Çarşısı kim tarafından yaptırılmıştır?
2. Mısır Çarşısı hangi amaçla yaptırılmıştır?
3. Çarşıya niçin “Mısır Çarşısı” denilmektedir?
4. Mısır çarşısı esnafı dükkânlarının önüne niçin ufak bir gemi modeli, bir deve­
kuşu yumurtası, bir fener, bir püskül gibi işaretler koyarlardı? 
5. Yazarın parçada anlatmak istediği esas düşünceye ana düşünce denir. “Dük­
kânlarına Alâmet Koyan Çarşı Esnafı” adlı metinde olduğu gibi bir yazıda konuyla 
ilgili birçok bilgi ve düşünce bulunabilir ama yazarın asıl anlatmak istediği tektir. Ana 
düşünce; kısaca, parçanın bir cümlelik özetidir. Ana düşünceyi bulmak için “Bu me­
tinde esas anlatılmak istenen nedir?” sorusu sorulabilir.
Buna göre okuduğunuz metnin ana düşüncesini ve konusunu noktalı yere kı­
saca yazınız.
Metnin ana düşüncesi: ……………………………………………………………
Metnin konusu  
     : …………………………………………………………....
","2. Tema: Millî Kültürümüz 1. ÇALIŞMA esnaf vakıf zahire attariye Yukarıdaki sözcüklerin anlamlarını metnin bağlamından yararlanarak tahmin ediniz. Tahminlerinizin doğruluğunu “Türkçe Sözlük”t en kontrol ediniz. 2. ÇALIŞMA Metni okurken aldığınız notlardan yararlanarak “Dükkânlarına Alâmet Koyan Çarşı Esnafı” adlı metni özetleyiniz. ……………………………………………………………………………………… ……………………………………………………………………………………… ……………………………………………………………………………………… ……………………………………………………………………………………… 3. ÇALIŞMA Aşağıdaki soruları metne göre cevaplayınız. 1. Mısır Çarşısı kim tarafından yaptırılmıştır? 2. Mısır Çarşısı hangi amaçla yaptırılmıştır? 3. Çarşıya niçin “Mısır Çarşısı” denilmektedir? 4. Mısır çarşısı esnafı dükkânlarının önüne niçin ufak bir gemi modeli, bir deve­ kuşu yumurtası, bir fener, bir püskül gibi işaretler koyarlardı? 5. Yazarın parçada anlatmak istediği esas düşünceye ana düşünce denir. “Dük­ kânlarına Alâmet Koyan Çarşı Esnafı” adlı metinde olduğu gibi bir yazıda konuyla ilgili birçok bilgi ve düşünce bulunabilir ama yazarın asıl anlatmak istediği tektir. Ana düşünce; kısaca, parçanın bir cümlelik özetidir. Ana düşünceyi bulmak için “Bu me­ tinde esas anlatılmak istenen nedir?” sorusu sorulabilir. Buna göre okuduğunuz metnin ana düşüncesini ve konusunu noktalı yere kı­ saca yazınız. Metnin ana düşüncesi: …………………………………………………………… Metnin konusu : …………………………………………………………....",,,,
page_50,50,"50
Türkçe 8. Sınıf
4. ÇALIŞMA
Anlatım biçimleri, anlatılacak olay veya kavramların nasıl anlatıldığını belirten
edebiyat terimidir. Yazarın anlatımını yaparken kullandığı üsluba, başvurduğu yönte­
me anlatım biçimi denir. Anlatılacakların türüne ya da amacına göre açıklayıcı, tar­
tışmacı, öyküleyici ve betimleyici anlatım biçimlerinden biri kullanılır. 
Buna göre okuduğunuz metinde ağırlıklı olarak kullanılan anlatım biçimini 
noktalı yere yazınız.
………………………………………………………………………………………
5. ÇALIŞMA
Bir metinde yazar söylediklerini desteklemek, anlattıklarını daha anlaşılır hâle ge­
tirmek, okuyucuyu etkilemek, onun ilgisini çekmek için birtakım yöntemlere başvurur. 
Bunlara düşünceyi geliştirme yolları denir. Bunlar; tanımlama, karşılaştırma, örnek-
lendirme, tanık gösterme, sayısal verilerden yararlanma ve benzetme olmak üzere altı 
başlıkta incelenir. “Düşünceyi geliştirme yolları” konusunu genel ağdan araştırınız. 
Buna göre okuduğunuz metinden alınan aşağıdaki parçada kullanılan düşün-
ceyi geliştirme yolunu belirleyiniz.
Mısır Çarşısı esnafı vaktiyle ilâç da satarlardı. Sıhhiye Dairesi son zaman-
larda ilâç satışlarını sınırladı. Bu çarşıdaki dükkânlara ufak bir gemi modeli, 
bir devekuşu yumurtası, bir fener, bir püskül gibi işaretler koyarlardı. Yakın 
zamana kadar Büyük Çarşı esnafı, Beyazıt'taki dükkâncılar da bu gibi işaret-
leri koyarlardı. Bunların sebebi, meselâ bir adam Mısır Çarşısı’nda bir şey alır 
da, aldığı şey iyi çıkarsa nereden aldın diyenlere; “Mısır Çarşısı’nda fenerli 
veya yumurtalı dükkândan” diyebilmek içindi.
6. ÇALIŞMA
a. Okuduğunuz metnin türü aşağıdakilerden hangisidir? İşaretleyiniz.
A) Makale
B) Hikâye
C) Şiir
D) Roman
b. Aşağıdakilerden hangisi makale türündeki metinler için söylenemez?
A) Gazete ya da dergilerde yayımlanır.
B) Her konuda yazılabilir.
C) Genellikle öyküleyici anlatım kullanılır.      D) Alanında uzman kişilerce yazılır.
","Türkçe 8. Sınıf 4. ÇALIŞMA Anlatım biçimleri, anlatılacak olay veya kavramların nasıl anlatıldığını belirten edebiyat terimidir. Yazarın anlatımını yaparken kullandığı üsluba, başvurduğu yönte­ me anlatım biçimi denir. Anlatılacakların türüne ya da amacına göre açıklayıcı, tar­ tışmacı, öyküleyici ve betimleyici anlatım biçimlerinden biri kullanılır. Buna göre okuduğunuz metinde ağırlıklı olarak kullanılan anlatım biçimini noktalı yere yazınız. ……………………………………………………………………………………… 5. ÇALIŞMA Bir metinde yazar söylediklerini desteklemek, anlattıklarını daha anlaşılır hâle ge­ tirmek, okuyucuyu etkilemek, onun ilgisini çekmek için birtakım yöntemlere başvurur. Bunlara düşünceyi geliştirme yolları denir. Bunlar; tanımlama, karşılaştırma, örnek- lendirme, tanık gösterme, sayısal verilerden yararlanma ve benzetme olmak üzere altı başlıkta incelenir. “Düşünceyi geliştirme yolları” konusunu genel ağdan araştırınız. Buna göre okuduğunuz metinden alınan aşağıdaki parçada kullanılan düşün- ceyi geliştirme yolunu belirleyiniz. Mısır Çarşısı esnafı vaktiyle ilâç da satarlardı. Sıhhiye Dairesi son zaman- larda ilâç satışlarını sınırladı. Bu çarşıdaki dükkânlara ufak bir gemi modeli, bir devekuşu yumurtası, bir fener, bir püskül gibi işaretler koyarlardı. Yakın zamana kadar Büyük Çarşı esnafı, Beyazıt'taki dükkâncılar da bu gibi işaret- leri koyarlardı. Bunların sebebi, meselâ bir adam Mısır Çarşısı’nda bir şey alır da, aldığı şey iyi çıkarsa nereden aldın diyenlere; “Mısır Çarşısı’nda fenerli veya yumurtalı dükkândan” diyebilmek içindi. 6. ÇALIŞMA a. Okuduğunuz metnin türü aşağıdakilerden hangisidir? İşaretleyiniz. A) Makale B) Hikâye C) Şiir D) Roman b. Aşağıdakilerden hangisi makale türündeki metinler için söylenemez? A) Gazete ya da dergilerde yayımlanır. B) Her konuda yazılabilir. C) Genellikle öyküleyici anlatım kullanılır. D) Alanında uzman kişilerce yazılır.",,,,
page_51,51,"51
2. Tema: Millî Kültürümüz
c. Aşağıdakilerden hangisi bir makaleden alınmış olabilir?
A) Gel zaman git zaman ama çok değil, az bir müddet içinde Cabi Efendi parasız­
lığa, açlığa, çıplaklığa alıştı. Artık onun için doğal yaşam yoksulluktu.
B) Dilin toplumla olan bağları, onun bir toplumsal kurum olarak nitelenmesine
yol açar. Toplum bilimciler dille toplumun ayrılmaz bağlarını, ilişkilerini çeşitli açılar­
dan inceler.
C) İki arkadaş Balıkpazarı’na inerler. Dar, çukur, karanlık ve en nihayetinde ayaz­
ma gibi lamba yanan bir bakkal dükkânından içeri dalarlar.
D) Büyük bir bahçe... Ortasında köşk biçiminde yapılmış bembeyaz bir ev... Sağ
köşesinde her zaman oturduğumuz beyaz perdeli oda... Sabahları annem beni bir be­
bek gibi pencerenin kenarına oturtur, dersimi tekrarlatır, sütümü içirirdi.
7. ÇALIŞMA
a. “Dükkânlarına Alâmet Koyan Çarşı Esnafı” adlı metinde yazarın olaylara ba­
kış açısını açıklayınız.
………………………………………………………………………………………
………………………………………………………………………………………
………………………………………………………………………………………
b. Yazarın ele aldığı konuya yaklaşımı öznel midir yoksa nesnel midir? Metin­
den alınan aşağıdaki cümleleri öznellik - nesnellik açısından değerlendiriniz. 
Cümleler
Öznel
Nesnel
•
İstanbul esnafının çoğu öteden beri bir semtte toplanırlardı.
•
Mısır Çarşısı esnafı vaktiyle ilâç da satarlardı.
•
Çarşıda satılan eşyanın hepsi vaktiyle Mısır’dan getirildiği
için Mısır Çarşısı ismi verilmişti.
•
Bu çarşı ve cami yeri Bizans zamanında Musevilerin semti
idi.
","2. Tema: Millî Kültürümüz c. Aşağıdakilerden hangisi bir makaleden alınmış olabilir? A) Gel zaman git zaman ama çok değil, az bir müddet içinde Cabi Efendi parasız­ lığa, açlığa, çıplaklığa alıştı. Artık onun için doğal yaşam yoksulluktu. B) Dilin toplumla olan bağları, onun bir toplumsal kurum olarak nitelenmesine yol açar. Toplum bilimciler dille toplumun ayrılmaz bağlarını, ilişkilerini çeşitli açılar­ dan inceler. C) İki arkadaş Balıkpazarı’na inerler. Dar, çukur, karanlık ve en nihayetinde ayaz­ ma gibi lamba yanan bir bakkal dükkânından içeri dalarlar. D) Büyük bir bahçe... Ortasında köşk biçiminde yapılmış bembeyaz bir ev... Sağ köşesinde her zaman oturduğumuz beyaz perdeli oda... Sabahları annem beni bir be­ bek gibi pencerenin kenarına oturtur, dersimi tekrarlatır, sütümü içirirdi. 7. ÇALIŞMA a. “Dükkânlarına Alâmet Koyan Çarşı Esnafı” adlı metinde yazarın olaylara ba­ kış açısını açıklayınız. ……………………………………………………………………………………… ……………………………………………………………………………………… ……………………………………………………………………………………… b. Yazarın ele aldığı konuya yaklaşımı öznel midir yoksa nesnel midir? Metin­ den alınan aşağıdaki cümleleri öznellik - nesnellik açısından değerlendiriniz. Cümleler Öznel Nesnel • İstanbul esnafının çoğu öteden beri bir semtte toplanırlardı. • Mısır Çarşısı esnafı vaktiyle ilâç da satarlardı. • Çarşıda satılan eşyanın hepsi vaktiyle Mısır’dan getirildiği için Mısır Çarşısı ismi verilmişti. • Bu çarşı ve cami yeri Bizans zamanında Musevilerin semti idi.",,,,
page_52,52,"52
Türkçe 8. Sınıf
8. ÇALIŞMA
a. Aşağıdaki cümlelerin hangisinde söyleyenin duygularına da yer verilmiştir?
Bu cümlelere  “X” işareti koyunuz. 
Cümleler
Kızına, özlem dolu mektuplar yazardı.  
Evlerinde köpek, kedi, ördek, tavuk bulunur.
Arabasını geçen yıl almıştı.
Yurt dışına sık sık giderdi.
Bu şirin oyuncağı nereden aldın.
b. “Çarşıda satılan eşyanın hepsi vaktiyle Mısır’dan getirildiği için Mısır Çarşısı
ismi verilmişti.” cümlesinde aşağıdaki anlam ilişkilerinden hangisi vardır?
A) Neden-sonuç anlamı
B) Amaç-sonuç anlamı
C) Koşul anlamı
D) Karşılaştırma anlamı
c. Aşağıdaki cümlenin neden ve sonucunu tabloda gösterilen yerlere yazınız.
a. Uyuyakaldığı için işe geç kalmış.
Neden: 
Sonuç:
","Türkçe 8. Sınıf 8. ÇALIŞMA a. Aşağıdaki cümlelerin hangisinde söyleyenin duygularına da yer verilmiştir? Bu cümlelere “X” işareti koyunuz. Cümleler Kızına, özlem dolu mektuplar yazardı. Evlerinde köpek, kedi, ördek, tavuk bulunur. Arabasını geçen yıl almıştı. Yurt dışına sık sık giderdi. Bu şirin oyuncağı nereden aldın. b. “Çarşıda satılan eşyanın hepsi vaktiyle Mısır’dan getirildiği için Mısır Çarşısı ismi verilmişti.” cümlesinde aşağıdaki anlam ilişkilerinden hangisi vardır? A) Neden-sonuç anlamı B) Amaç-sonuç anlamı C) Koşul anlamı D) Karşılaştırma anlamı c. Aşağıdaki cümlenin neden ve sonucunu tabloda gösterilen yerlere yazınız. a. Uyuyakaldığı için işe geç kalmış. Neden: Sonuç:",,,,
page_53,53,"53
2. Tema: Millî Kültürümüz
Hazırlık 
1. Türklerin Orta Asya’da yaşadığı yıllarda nasıl bir kültüre sahip ol-
duklarını araştırınız. 
2. Milletlerin hayatını derinden etkileyen savaş, göç gibi tarihî, toplum-
sal ve doğal olaylar hakkında hangi kaynaklardan bilgi edinebiliriz? 
Aşağıdaki metni noktalama işaretlerine dikkat ederek okuyunuz.
OĞUZ KAĞAN DESTANI
Yine günlerden bir gün Ay Kağanın gözü parladı, doğum ağrıları başladı ve bir 
erkek çocuk doğurdu. Bu çocuğun yüzü gök: ağzı ateş (gibi) kızıl, gözleri ela, saçları ve 
kaşları kara idi. Perilerden daha güzeldi. Bu çocuk anasının göğsünden ilk sütü emdi 
ve bir daha emmedi. Çiğ et, çorba ve (…) istedi. Dile gelmeye başladı; kırk gün sonra 
büyüdü, yürüdü ve oynadı. Ayakları öküz ayağı gibi; beli kurt beli gibi; omuzları sa­
mur omuzu gibi; göğsü ayı göğsü gibi idi. Vücudu baştan aşağı tüylü idi. At sürüleri 
güder, ata biner ve av avlardı. Günlerden ve gecelerden sonra yiğit oldu. 
O çağda, orada büyük bir orman vardı; birçok dereler ve ırmaklar vardı. Buraya 
gelen avlar ve burada uçan kuşlar çoktu. Bu ormanın içinde büyük bir gergedan var­
dı. At sürülerini ve halkı yerdi. Büyük ve yaman bir canavardı. Ağır bir eziyetle halkı 
ezmişti. Oğuz Kağan cesur bir adamdı. Bu gergedanı avlamak istedi. Günlerden bir 
gün ava çıktı. Kargı, yay, ok, kılıç ve kalkanla ava gitti. Bir geyik ele geçirdi, onu söğüt 
dalı ile bir ağaca bağladı ve gitti. Sonra sabah oldu. Tan ağarırken yine geldi ve gördü 
","2. Tema: Millî Kültürümüz Hazırlık 1. Türklerin Orta Asya’da yaşadığı yıllarda nasıl bir kültüre sahip ol- duklarını araştırınız. 2. Milletlerin hayatını derinden etkileyen savaş, göç gibi tarihî, toplum- sal ve doğal olaylar hakkında hangi kaynaklardan bilgi edinebiliriz? Aşağıdaki metni noktalama işaretlerine dikkat ederek okuyunuz. OĞUZ KAĞAN DESTANI Yine günlerden bir gün Ay Kağanın gözü parladı, doğum ağrıları başladı ve bir erkek çocuk doğurdu. Bu çocuğun yüzü gök: ağzı ateş (gibi) kızıl, gözleri ela, saçları ve kaşları kara idi. Perilerden daha güzeldi. Bu çocuk anasının göğsünden ilk sütü emdi ve bir daha emmedi. Çiğ et, çorba ve (…) istedi. Dile gelmeye başladı; kırk gün sonra büyüdü, yürüdü ve oynadı. Ayakları öküz ayağı gibi; beli kurt beli gibi; omuzları sa­ mur omuzu gibi; göğsü ayı göğsü gibi idi. Vücudu baştan aşağı tüylü idi. At sürüleri güder, ata biner ve av avlardı. Günlerden ve gecelerden sonra yiğit oldu. O çağda, orada büyük bir orman vardı; birçok dereler ve ırmaklar vardı. Buraya gelen avlar ve burada uçan kuşlar çoktu. Bu ormanın içinde büyük bir gergedan var­ dı. At sürülerini ve halkı yerdi. Büyük ve yaman bir canavardı. Ağır bir eziyetle halkı ezmişti. Oğuz Kağan cesur bir adamdı. Bu gergedanı avlamak istedi. Günlerden bir gün ava çıktı. Kargı, yay, ok, kılıç ve kalkanla ava gitti. Bir geyik ele geçirdi, onu söğüt dalı ile bir ağaca bağladı ve gitti. Sonra sabah oldu. Tan ağarırken yine geldi ve gördü",,,,
page_54,54,"54
Türkçe 8. Sınıf
ki gergedan geyiği almış. Sonra Oğuz Kağan bir ayı tuttu, onu altın kuşağı ile ağaca 
bağladı, gitti. Yine sabah oldu. Tan ağarırken yine geldi ve gördü ki gergedan ayıyı da 
almış. 
Bu sefer o ağacın dibinde (kendisi) durdu. Gergedan geldi ve başı ile Oğuz’un kal­
kanına vurdu. Oğuz kargı ile gergedanın başına vurdu ve onu öldürdü. Kılıcı ile başını 
kesti, aldı gitti. Tekrar geldiği zaman gördü ki bir ala doğan gergedanın bağırsaklarını 
yemektedir. Yay ve okla ala doğanı öldürdü ve başını kesti. Sonra dedi ki: “Gergedan 
geyiği yedi, ayıyı yedi. Kargım onu öldürdü; demir olsa (olduğu için). Gergedanı ala 
doğan yedi. Yayım, okum onu öldürdü, bakır olsa (olduğu için).” dedi,  gitti.
Yine günlerden bir gün Oğuz Kağan bir yerde Tanrıya yalvarmakta idi. Karanlık 
bastı. Gökten bir gök ışık indi. Güneşten ve aydan daha parlaktı. Oğuz Kağan oraya 
yürüdü ve gördü ki: o ışığın içinde bir kız var. Yalnız oturuyor. Çok güzel bir kızdı. 
Başında (alnında) ateşli ve parlak bir beni vardı, demir kazık (kutup yıldızı) gibi idi. O 
kız öyle güzeldi ki gülse gök tanrı gülüyor; ağlasa, gök tanrı ağlıyor (sanılırdı). Oğuz 
Kağan onu görünce aklı gitti; sevdi, aldı. Kız gebe kaldı. Günler ve gecelerden sonra 
(gözleri) parladı ve üç erkek çocuk doğurdu. Birincisine Gün adını koydular, İkinci­
sine Ay adını koydular, üçüncüsüne Yıldız adını koydular. Yine bir gün Oğuz Kağan 
ava gitti, önünde, bir göl ortasında, bir ağaç gördü. Bu ağacın kovuğunda bir kız var­
dı, yalnız oturuyordu. Çok güzel bir kızdı. Gözü gökten daha gök idi, saçı ırmak gibi 
dalgalı idi, dişi inci gibi idi. Öyle güzeldi ki, eğer yeryüzünün halkı onu görse: ‘Eyvah! 
Ölüyoruz!’ der ve (tatlı) süt (acı) kımız olurdu. Oğuz Kağan onu görünce aklı gitti. 
Yüreğine ateş düştü; onu sevdi, aldı. Onunla yattı ve dileğini aldı, gebe kaldı. Günler 
","Türkçe 8. Sınıf ki gergedan geyiği almış. Sonra Oğuz Kağan bir ayı tuttu, onu altın kuşağı ile ağaca bağladı, gitti. Yine sabah oldu. Tan ağarırken yine geldi ve gördü ki gergedan ayıyı da almış. Bu sefer o ağacın dibinde (kendisi) durdu. Gergedan geldi ve başı ile Oğuz’un kal­ kanına vurdu. Oğuz kargı ile gergedanın başına vurdu ve onu öldürdü. Kılıcı ile başını kesti, aldı gitti. Tekrar geldiği zaman gördü ki bir ala doğan gergedanın bağırsaklarını yemektedir. Yay ve okla ala doğanı öldürdü ve başını kesti. Sonra dedi ki: “Gergedan geyiği yedi, ayıyı yedi. Kargım onu öldürdü; demir olsa (olduğu için). Gergedanı ala doğan yedi. Yayım, okum onu öldürdü, bakır olsa (olduğu için).” dedi, gitti. Yine günlerden bir gün Oğuz Kağan bir yerde Tanrıya yalvarmakta idi. Karanlık bastı. Gökten bir gök ışık indi. Güneşten ve aydan daha parlaktı. Oğuz Kağan oraya yürüdü ve gördü ki: o ışığın içinde bir kız var. Yalnız oturuyor. Çok güzel bir kızdı. Başında (alnında) ateşli ve parlak bir beni vardı, demir kazık (kutup yıldızı) gibi idi. O kız öyle güzeldi ki gülse gök tanrı gülüyor; ağlasa, gök tanrı ağlıyor (sanılırdı). Oğuz Kağan onu görünce aklı gitti; sevdi, aldı. Kız gebe kaldı. Günler ve gecelerden sonra (gözleri) parladı ve üç erkek çocuk doğurdu. Birincisine Gün adını koydular, İkinci­ sine Ay adını koydular, üçüncüsüne Yıldız adını koydular. Yine bir gün Oğuz Kağan ava gitti, önünde, bir göl ortasında, bir ağaç gördü. Bu ağacın kovuğunda bir kız var­ dı, yalnız oturuyordu. Çok güzel bir kızdı. Gözü gökten daha gök idi, saçı ırmak gibi dalgalı idi, dişi inci gibi idi. Öyle güzeldi ki, eğer yeryüzünün halkı onu görse: ‘Eyvah! Ölüyoruz!’ der ve (tatlı) süt (acı) kımız olurdu. Oğuz Kağan onu görünce aklı gitti. Yüreğine ateş düştü; onu sevdi, aldı. Onunla yattı ve dileğini aldı, gebe kaldı. Günler",,,,
page_55,55,"55
2. Tema: Millî Kültürümüz
ve gecelerden sonra (gözleri) parladı ve üç erkek çocuk doğurdu. Birincisine Kök adı­
nı koydular, İkincisine Dağ adını koydular, üçüncüsüne Deniz adını koydular. Sonra 
Oğuz Kağan büyük bir toy verdi. Halka emir verdi ki... 
 (Oğuz Kağan halkı) çağırınca ahali birbirine danıştı ve geldi. Oğuz Kağan kırk 
masa ve kırk sıra yaptırdı. Türlü aşlar, türlü tatlılar ve kımızlar yediler ve içtiler. Toy­
dan sonra Oğuz Kağan beylere ve halka buyruk verdi ve 'Ben sizlere oldum Kağan, ala­
lım yay ile kalkan; nişan olsun bize buyan; kurt olsun (bize) uran (savaş bağrışı); de­
mir kargı olsun orman; av yerinde yür(ü)sün kulan; daha deniz daha müren (ırmak); 
güneş bayrak, gök kurıkan (çadır), dedi. Ondan sonra Oğuz Kağan dört yana emirler 
yolladı; tebliğler yazdı ve elçilere verip gönderdi. Bu tebliğlerde şöyle yazılmıştı: 
‘Ben Uygurların kağanıyım ve yeryüzünün dört köşesinin kağanı olsam gerektir. 
Sizden itaat dilerim. Kim benim emirlerime baş eğerse, hediyelerini kabul ederek onu 
dost edinirim. Kim baş eğmezse, gazaba gelirim; düşman sayarak, ona karşı asker çı­
karır ve derhal baskın yapıp onu yok ettiririm"". (…)
Oğuz Kağan Destanı
haz.: Reşit Rahmeti Arat
­
Bu sözcükleri sözlük anlamları ile cümle içinde kullanınız. 
2. ÇALIŞMA
Okuduğunuz destan metnini özetleyiniz.
........................................................................................................................................
..........................................................................................................................................
..........................................................................................................................................
..........................................................................................................................................
..........................................................................................................................................
..........................................................................................................................................
..........................................................................................................................................
","2. Tema: Millî Kültürümüz ve gecelerden sonra (gözleri) parladı ve üç erkek çocuk doğurdu. Birincisine Kök adı­ nı koydular, İkincisine Dağ adını koydular, üçüncüsüne Deniz adını koydular. Sonra Oğuz Kağan büyük bir toy verdi. Halka emir verdi ki... (Oğuz Kağan halkı) çağırınca ahali birbirine danıştı ve geldi. Oğuz Kağan kırk masa ve kırk sıra yaptırdı. Türlü aşlar, türlü tatlılar ve kımızlar yediler ve içtiler. Toy­ dan sonra Oğuz Kağan beylere ve halka buyruk verdi ve 'Ben sizlere oldum Kağan, ala­ lım yay ile kalkan; nişan olsun bize buyan; kurt olsun (bize) uran (savaş bağrışı); de­ mir kargı olsun orman; av yerinde yür(ü)sün kulan; daha deniz daha müren (ırmak); güneş bayrak, gök kurıkan (çadır), dedi. Ondan sonra Oğuz Kağan dört yana emirler yolladı; tebliğler yazdı ve elçilere verip gönderdi. Bu tebliğlerde şöyle yazılmıştı: ‘Ben Uygurların kağanıyım ve yeryüzünün dört köşesinin kağanı olsam gerektir. Sizden itaat dilerim. Kim benim emirlerime baş eğerse, hediyelerini kabul ederek onu dost edinirim. Kim baş eğmezse, gazaba gelirim; düşman sayarak, ona karşı asker çı­ karır ve derhal baskın yapıp onu yok ettiririm"". (…) Oğuz Kağan Destanı haz.: Reşit Rahmeti Arat ­ Bu sözcükleri sözlük anlamları ile cümle içinde kullanınız. 2. ÇALIŞMA Okuduğunuz destan metnini özetleyiniz. ........................................................................................................................................ .......................................................................................................................................... .......................................................................................................................................... .......................................................................................................................................... .......................................................................................................................................... .......................................................................................................................................... ..........................................................................................................................................",,,,
page_56,56,"56
Türkçe 8. Sınıf
3. ÇALIŞMA
Aşağıdaki soruları metne göre cevaplayınız.
1.
Okuduğunuz metnin konusu nedir?
2.
Destanın ana kahramanı olan Oğuz Kağan, sizce nasıl biridir?
3.
Oğuz Kağan gergedanı neden öldürmek istemektedir?
4.
Oğuz Kağan’ın “toy” vermesinin gerekçesi nedir? Bu gelenek günümüzde nasıl de­
vam etmektedir?
5.
Okuduğunuz metinde olağanüstülükler gösteren olay ve kişileri belirleyiniz.
6.
Okuduğunuz metindeki altı çizili ifadelerden hareketle zaman ve mekânın özellik­
lerini belirleyiniz.
Zaman
Mekân
7.
Okuduğunuz metnin olay örgüsünü aşağıdaki şemaya yazınız.
1. Olay
5. Olay
2. Olay
4. Olay
3. Olay
Oğuz
Kağan'ın
doğması
","Türkçe 8. Sınıf 3. ÇALIŞMA Aşağıdaki soruları metne göre cevaplayınız. 1. Okuduğunuz metnin konusu nedir? 2. Destanın ana kahramanı olan Oğuz Kağan, sizce nasıl biridir? 3. Oğuz Kağan gergedanı neden öldürmek istemektedir? 4. Oğuz Kağan’ın “toy” vermesinin gerekçesi nedir? Bu gelenek günümüzde nasıl de­ vam etmektedir? 5. Okuduğunuz metinde olağanüstülükler gösteren olay ve kişileri belirleyiniz. 6. Okuduğunuz metindeki altı çizili ifadelerden hareketle zaman ve mekânın özellik­ lerini belirleyiniz. Zaman Mekân 7. Okuduğunuz metnin olay örgüsünü aşağıdaki şemaya yazınız. 1. Olay 5. Olay 2. Olay 4. Olay 3. Olay Oğuz Kağan'ın doğması",,,,
page_57,57,"57
2. Tema: Millî Kültürümüz
Anlatım Biçimleri
Anlatımda başvurulan yöntemlerden biri de “öyküleme”dir. Okuru bir olay 
içinde yaşatma amacıyla yazılan roman, hikâye, destan, masal gibi sanatsal me-
tinlerde ya da tarih, anı, gezi yazısı gibi  öğretici metinlerde bu anlatım biçimi 
kullanılır.
Bu metinler yaşanmış ya da yaşanabilir olaylara dayanır. Bu metinlerde an-
latılan olay, kişi, yer ve zaman unsurlarıyla birlikte ele alınır. Olaylar bir anlatıcı 
tarafından okurun ilgisini uyandıracak biçimde birinci ya da üçüncü kişi ağzıyla 
aktırılır.
“Yine günlerden bir gün Ay Kağanın gözü parladı, doğum ağrıları başladı 
ve bir erkek çocuk doğurdu… ” cümlesinde olduğu gibi okuduğunuz metinde 
öyküleyici anlatım biçimi kullanılmıştır. Oğuz Kağan’ın doğumu ve sonrasında 
gelişen olaylar bu anlatım biçimi kullanılarak 3. kişi ağzıyla okura aktarılmıştır. 
Anlatımlarda sıkça başvurulan anlatım yöntemlerinden bir diğeri de “be-
timleme”dir. 
Genellikle öyküleyici anlatım biçimiyle beraber kullanılan betimleme bir 
kişi, nesne, yer ya da olayla ilgili ayırt edici özellikleri ifade etmek için kullanı-
lır. Betimleme ile anlatılanlar okurun ya da dinleyicinin zihninde somut olarak 
canlanır. Bu yüzden betimlemeye sözcüklerle resim yapma da denir. Örneğin 
kıyafetimizin rengini, boyumuzun uzunluğunu, sevdiğimiz bir kişinin, eşyanın 
ya da yaşadığımız şehrin özelliklerini bu anlatım biçimini kullanarak anlatabi-
liriz. Böylece gözlemlerimizi, izlenimlerimizi bir başkasına aktarma imkânına 
sahip oluruz.
Okuduğunuz metinden alınan “O çağda, orada büyük bir orman vardı; bir-
çok dereler ve ırmaklar vardı. Buraya gelen avlar ve burada uçan kuşlar çoktu. 
Bu ormanın içinde büyük bir gergedan vardı. ” cümlesinde orman, gergedan, 
dere ve ırmaklarla ilgili ayrıntılar betimleyici anlatımla verilmiştir. 
BİLGİ KUTUSU
4. ÇALIŞMA
a. Siz de “Oğuz Kağan” destanını anlatım biçimleri açısından inceleyiniz. Me­
tinden “öyküleyici” ve “betimleyici” anlatım biçimlerine örnek cümleler yazınız.
..........................................................................................................................................
..........................................................................................................................................
..........................................................................................................................................
","2. Tema: Millî Kültürümüz Anlatım Biçimleri Anlatımda başvurulan yöntemlerden biri de “öyküleme”dir. Okuru bir olay içinde yaşatma amacıyla yazılan roman, hikâye, destan, masal gibi sanatsal me- tinlerde ya da tarih, anı, gezi yazısı gibi öğretici metinlerde bu anlatım biçimi kullanılır. Bu metinler yaşanmış ya da yaşanabilir olaylara dayanır. Bu metinlerde an- latılan olay, kişi, yer ve zaman unsurlarıyla birlikte ele alınır. Olaylar bir anlatıcı tarafından okurun ilgisini uyandıracak biçimde birinci ya da üçüncü kişi ağzıyla aktırılır. “Yine günlerden bir gün Ay Kağanın gözü parladı, doğum ağrıları başladı ve bir erkek çocuk doğurdu… ” cümlesinde olduğu gibi okuduğunuz metinde öyküleyici anlatım biçimi kullanılmıştır. Oğuz Kağan’ın doğumu ve sonrasında gelişen olaylar bu anlatım biçimi kullanılarak 3. kişi ağzıyla okura aktarılmıştır. Anlatımlarda sıkça başvurulan anlatım yöntemlerinden bir diğeri de “be- timleme”dir. Genellikle öyküleyici anlatım biçimiyle beraber kullanılan betimleme bir kişi, nesne, yer ya da olayla ilgili ayırt edici özellikleri ifade etmek için kullanı- lır. Betimleme ile anlatılanlar okurun ya da dinleyicinin zihninde somut olarak canlanır. Bu yüzden betimlemeye sözcüklerle resim yapma da denir. Örneğin kıyafetimizin rengini, boyumuzun uzunluğunu, sevdiğimiz bir kişinin, eşyanın ya da yaşadığımız şehrin özelliklerini bu anlatım biçimini kullanarak anlatabi- liriz. Böylece gözlemlerimizi, izlenimlerimizi bir başkasına aktarma imkânına sahip oluruz. Okuduğunuz metinden alınan “O çağda, orada büyük bir orman vardı; bir- çok dereler ve ırmaklar vardı. Buraya gelen avlar ve burada uçan kuşlar çoktu. Bu ormanın içinde büyük bir gergedan vardı. ” cümlesinde orman, gergedan, dere ve ırmaklarla ilgili ayrıntılar betimleyici anlatımla verilmiştir. BİLGİ KUTUSU 4. ÇALIŞMA a. Siz de “Oğuz Kağan” destanını anlatım biçimleri açısından inceleyiniz. Me­ tinden “öyküleyici” ve “betimleyici” anlatım biçimlerine örnek cümleler yazınız. .......................................................................................................................................... .......................................................................................................................................... ..........................................................................................................................................",,,,
page_58,58,"58
Türkçe 8. Sınıf
Destan Türü
Destan, bir milletin başından geçen önemli olayları, kahramanların olağan-
üstü maceralarını anlatan uzun metinlerdir. Destanların Türk kültür tarihi açı-
sından çok önemli bir yeri vardır. Türk tarihinin önemli olaylarını; Türk 
milletinin gelenek ve göreneklerini, yaşam tarzını ve hayata bakışını yansıtır.
Özellikleri:
+ Topluma mal olmuş anonim ürünlerdir.
+ Sözlü gelenek içerisinde halk diliyle oluşturulur.
+ Konuları çoğunlukla tarihî gerçeklere dayanır.
+ Olağanüstü olay ve kişilere yer verilir.
+ Kahramanları han, hakan ve kağan gibi kişilerdir.
+ İçinde yaratıldıkları topluma özgü millî nitelik taşır.
BİLGİ KUTUSU
5. ÇALIŞMA
a. Okuduğunuz “Oğuz Kağan” adlı metinde olağanüstülük özelliği gösteren
olaylar nelerdir?
b. Destanın ana kahramanından hareketle Türk milletindeki kahraman tipi­
nin özelliklerini belirleyiniz. 
6. ÇALIŞMA
*
Günlerden bir gün ava çıktı. Kargı, yay, ok, kılıç ve kalkanla ava gitti.
*
Yine günlerden bir gün Oğuz Kağan bir yerde Tanrıya yalvarmakta idi.
*
O kız öyle güzeldi ki gülse, gök tanrı gülüyor; ağlasa, gök tanrı ağlıyor (sanılırdı).
*
Oğuz Kağan büyük bir toy (ziyafet) verdi.
Yukarıdaki ifadelerden hareketle Türklerin Orta Asya’da yaşadığı yıllarda sa­
hip oldukları kültürel değerler hakkında çıkarımlarda bulununuz. 
7. ÇALIŞMA
Okuduğunuz destan metnindeki gerçek ve kurgusal unsurları belirleyiniz.
","Türkçe 8. Sınıf Destan Türü Destan, bir milletin başından geçen önemli olayları, kahramanların olağan- üstü maceralarını anlatan uzun metinlerdir. Destanların Türk kültür tarihi açı- sından çok önemli bir yeri vardır. Türk tarihinin önemli olaylarını; Türk milletinin gelenek ve göreneklerini, yaşam tarzını ve hayata bakışını yansıtır. Özellikleri: + Topluma mal olmuş anonim ürünlerdir. + Sözlü gelenek içerisinde halk diliyle oluşturulur. + Konuları çoğunlukla tarihî gerçeklere dayanır. + Olağanüstü olay ve kişilere yer verilir. + Kahramanları han, hakan ve kağan gibi kişilerdir. + İçinde yaratıldıkları topluma özgü millî nitelik taşır. BİLGİ KUTUSU 5. ÇALIŞMA a. Okuduğunuz “Oğuz Kağan” adlı metinde olağanüstülük özelliği gösteren olaylar nelerdir? b. Destanın ana kahramanından hareketle Türk milletindeki kahraman tipi­ nin özelliklerini belirleyiniz. 6. ÇALIŞMA * Günlerden bir gün ava çıktı. Kargı, yay, ok, kılıç ve kalkanla ava gitti. * Yine günlerden bir gün Oğuz Kağan bir yerde Tanrıya yalvarmakta idi. * O kız öyle güzeldi ki gülse, gök tanrı gülüyor; ağlasa, gök tanrı ağlıyor (sanılırdı). * Oğuz Kağan büyük bir toy (ziyafet) verdi. Yukarıdaki ifadelerden hareketle Türklerin Orta Asya’da yaşadığı yıllarda sa­ hip oldukları kültürel değerler hakkında çıkarımlarda bulununuz. 7. ÇALIŞMA Okuduğunuz destan metnindeki gerçek ve kurgusal unsurları belirleyiniz.",,,,
page_59,59,"59
2. Tema: Millî Kültürümüz
YAZMA
1. ÇALIŞMA
“15 Temmuz Demokrasi ve Milli Birlik Günü”yle ilgili bir destan metni yazınız.
Metninizin destan türüne ve konusuna göre gerçekçi veya hayalî ögelerini  tasarlayınız. 
Olayın geçtiği zaman ve mekânla ilgili ayrıntıları belirleyiniz. Metninizi serim, düğüm 
ve çözüm bölümleri hâlinde oluşturunuz. Yazınıza uygun bir başlık belirleyiniz. Yazı-
nızda uygun geçiş ve bağlantı ifadelerine yer vererek yazınızı düzenleyiniz. 
Çalışmanın sonundaki değerlendirme formunu doldurunuz.
Başlık
……………………………………
Serim
…………………………………………………………………………………..
…………………………………………………………………………………..
…………………………………………………………………………………..
…………………………………………………………………………………..
Düğüm
…………………………………………………………………………………..
…………………………………………………………………………………..
…………………………………………………………………………………..
…………………………………………………………………………………..
…………………………………………………………………………………..
…………………………………………………………………………………..
…………………………………………………………………………………..
…………………………………………………………………………………..
Çözüm
…………………………………………………………………………………..
…………………………………………………………………………………..
…………………………………………………………………………………..
…………………………………………………………………………………..
","2. Tema: Millî Kültürümüz YAZMA 1. ÇALIŞMA “15 Temmuz Demokrasi ve Milli Birlik Günü”yle ilgili bir destan metni yazınız. Metninizin destan türüne ve konusuna göre gerçekçi veya hayalî ögelerini tasarlayınız. Olayın geçtiği zaman ve mekânla ilgili ayrıntıları belirleyiniz. Metninizi serim, düğüm ve çözüm bölümleri hâlinde oluşturunuz. Yazınıza uygun bir başlık belirleyiniz. Yazı- nızda uygun geçiş ve bağlantı ifadelerine yer vererek yazınızı düzenleyiniz. Çalışmanın sonundaki değerlendirme formunu doldurunuz. Başlık …………………………………… Serim ………………………………………………………………………………….. ………………………………………………………………………………….. ………………………………………………………………………………….. ………………………………………………………………………………….. Düğüm ………………………………………………………………………………….. ………………………………………………………………………………….. ………………………………………………………………………………….. ………………………………………………………………………………….. ………………………………………………………………………………….. ………………………………………………………………………………….. ………………………………………………………………………………….. ………………………………………………………………………………….. Çözüm ………………………………………………………………………………….. ………………………………………………………………………………….. ………………………………………………………………………………….. …………………………………………………………………………………..",,,,
page_60,60,"60
Türkçe 8. Sınıf
Değerlendirme Formu
Bu destan yazma çalışması kapsamında aşağıda listelenen davranışlardan 
kazandığınız beceriler için Evet, kazanamadığınız beceriler için Hayır kutucuğuna 
(X) işareti koyarak kendinizi değerlendiriniz.
Değerlendirme Ölçütleri
Evet
Hayır
Seçtiğiniz konu/olay tarihî gerçekliklere dayanıyor mu?
Yazınızda kahramanlık temasına yer verdiniz mi?
Öyküleyici ve betimleyici anlatımın özelliklerini yazınız 
yansıttınız mı?
Zaman ve mekânla ilgili ayrıntılar birbiriyle uyumlu mu?
Yazınızı serim, düğüm ve çözüm bölümleri hâlinde 
oluşturdunuz mu?
Yazınızda uygun geçiş ve bağlantı ifadeleri kullandınız mı?
Yazınızda başlık kullandınız mı?
Yazınızı dil bilgisi, imla ve noktalama bakımından gözden 
geçirdiniz mi?
Yazınızı çevrenizdeki kişilerle ya da sosyal medyada paylaştınız 
mı?
Değerlendirme sonunda Hayır şeklindeki cevaplarınızı bir daha gözden geçiriniz 
ve ilgili açıklamaları tekrar ediniz. 
Cümlenin Ögeleri
Bir duyguyu, düşünceyi, bir hareketi, bir olayı anlatmaya yarayan sözcük ya 
da sözcük dizisine cümle denir.  Cümlenin meydana gelebilmesi için cümledeki 
sözcüklerden en az bir tanesinin yargı bildirmesi gerekir. Bunun için çekimli 
bir fiil ya da ek fiille çekimlenmiş isim soylu bir sözcük gerekir. Bu iki unsurdan 
birinin özelliklerine sahip bir sözcük, bir cümleyi oluşturmak için yeterlidir.
 “Ahmet, çarşıya gitti.” cümlesinde “gitti” sözcüğü yargıyı, “Ahmet” sözcüğü 
eylemi gerçekleştiren varlığı, “çarşıya” sözcüğü ise eylemin nereye doğru gerçek-
leştiğini gösterir. Sözcük ya da sözcük gruplarının cümle içinde kazandığı bu gö-
revlere öge denir. Cümlenin ögeleri temel (özne ve yüklem) ve yardımcı ögeler 
(nesne, dolaylı tümleç ve zarf tümleci) olmak üzere ikiye ayrılır.
BİLGİ KUTUSU
","Türkçe 8. Sınıf Değerlendirme Formu Bu destan yazma çalışması kapsamında aşağıda listelenen davranışlardan kazandığınız beceriler için Evet, kazanamadığınız beceriler için Hayır kutucuğuna (X) işareti koyarak kendinizi değerlendiriniz. Değerlendirme Ölçütleri Evet Hayır Seçtiğiniz konu/olay tarihî gerçekliklere dayanıyor mu? Yazınızda kahramanlık temasına yer verdiniz mi? Öyküleyici ve betimleyici anlatımın özelliklerini yazınız yansıttınız mı? Zaman ve mekânla ilgili ayrıntılar birbiriyle uyumlu mu? Yazınızı serim, düğüm ve çözüm bölümleri hâlinde oluşturdunuz mu? Yazınızda uygun geçiş ve bağlantı ifadeleri kullandınız mı? Yazınızda başlık kullandınız mı? Yazınızı dil bilgisi, imla ve noktalama bakımından gözden geçirdiniz mi? Yazınızı çevrenizdeki kişilerle ya da sosyal medyada paylaştınız mı? Değerlendirme sonunda Hayır şeklindeki cevaplarınızı bir daha gözden geçiriniz ve ilgili açıklamaları tekrar ediniz. Cümlenin Ögeleri Bir duyguyu, düşünceyi, bir hareketi, bir olayı anlatmaya yarayan sözcük ya da sözcük dizisine cümle denir. Cümlenin meydana gelebilmesi için cümledeki sözcüklerden en az bir tanesinin yargı bildirmesi gerekir. Bunun için çekimli bir fiil ya da ek fiille çekimlenmiş isim soylu bir sözcük gerekir. Bu iki unsurdan birinin özelliklerine sahip bir sözcük, bir cümleyi oluşturmak için yeterlidir. “Ahmet, çarşıya gitti.” cümlesinde “gitti” sözcüğü yargıyı, “Ahmet” sözcüğü eylemi gerçekleştiren varlığı, “çarşıya” sözcüğü ise eylemin nereye doğru gerçek- leştiğini gösterir. Sözcük ya da sözcük gruplarının cümle içinde kazandığı bu gö- revlere öge denir. Cümlenin ögeleri temel (özne ve yüklem) ve yardımcı ögeler (nesne, dolaylı tümleç ve zarf tümleci) olmak üzere ikiye ayrılır. BİLGİ KUTUSU",,,,
page_61,61,"61
2. Tema: Millî Kültürümüz
“Ahmet, çarşıya gitti.” cümlesi, “Ahmet / çarşıya / gitti.” şeklinde ögelerine 
ayrılır. Bu cümleyi oluşturan sözcüklerden “Ahmet” ve” gitti” temel öge, “çar-
şıya” ise yardımcı ögedir.
A. Cümlenin Temel Ögeleri
1. Yüklem:  Cümledeki işi, hareketi, yargıyı bildiren ögeye  denir. Yüklem-
ler isim ya da fiil görevli sözcüklerden oluşabilir. 
ÖRNEK
+ Evi dün boyadım. (fiil)
+ Dün arayan bendim. (isim)
Bu cümlelerde “boyamak” ve “bendim” sözcükleri yüklem görevindedir.
Yüklem tek bir sözcükten oluşabildiği gibi bir sözcük grubu da olabilir.
ÖRNEK
+ Sinemada okul arkadaşımla karşılaştım. (tek sözcük)
+ Burası, memleketin en güzel yeridir.  (bir sözcük grubu)
Yüklemin dışındaki diğer ögeler, yüklemin anlamını kişi, zaman, durum
gibi yönlerden tamamlar ve destekler.
ÖRNEK
“Gittim.” yüklemi aşağıdaki cümlelerde özne, yer ve zaman gibi unsurlar 
bakımından tamamlanmıştır.
+ Ben / gittim.  (özne + yüklem)
+ Ben / eve / gittim. (özne +dolaylı tümleç + yüklem)
+ Ben / işe / sabah / gittim. (özne +dolaylı tümleç + zarf tümleci + yüklem)
Fiil cümlelerinde olumsuzluk “–me, -ma” ekleri ile yapılırken isim cümle-
lerinde yüklemler “değil” edatıyla olumsuz yapılır. Bu tarz cümlelerin yüklemi, 
“değil”le oluşturulan sözcük veya sözcük grubu olduğuna dikkat ediniz. 
ÖRNEK
 “Bu meyveleri alan annemmiş.” cümlesinde yüklem “annemmiş” sözcüğüdür. 
","2. Tema: Millî Kültürümüz “Ahmet, çarşıya gitti.” cümlesi, “Ahmet / çarşıya / gitti.” şeklinde ögelerine ayrılır. Bu cümleyi oluşturan sözcüklerden “Ahmet” ve” gitti” temel öge, “çar- şıya” ise yardımcı ögedir. A. Cümlenin Temel Ögeleri 1. Yüklem: Cümledeki işi, hareketi, yargıyı bildiren ögeye denir. Yüklem- ler isim ya da fiil görevli sözcüklerden oluşabilir. ÖRNEK + Evi dün boyadım. (fiil) + Dün arayan bendim. (isim) Bu cümlelerde “boyamak” ve “bendim” sözcükleri yüklem görevindedir. Yüklem tek bir sözcükten oluşabildiği gibi bir sözcük grubu da olabilir. ÖRNEK + Sinemada okul arkadaşımla karşılaştım. (tek sözcük) + Burası, memleketin en güzel yeridir. (bir sözcük grubu) Yüklemin dışındaki diğer ögeler, yüklemin anlamını kişi, zaman, durum gibi yönlerden tamamlar ve destekler. ÖRNEK “Gittim.” yüklemi aşağıdaki cümlelerde özne, yer ve zaman gibi unsurlar bakımından tamamlanmıştır. + Ben / gittim. (özne + yüklem) + Ben / eve / gittim. (özne +dolaylı tümleç + yüklem) + Ben / işe / sabah / gittim. (özne +dolaylı tümleç + zarf tümleci + yüklem) Fiil cümlelerinde olumsuzluk “–me, -ma” ekleri ile yapılırken isim cümle- lerinde yüklemler “değil” edatıyla olumsuz yapılır. Bu tarz cümlelerin yüklemi, “değil”le oluşturulan sözcük veya sözcük grubu olduğuna dikkat ediniz. ÖRNEK “Bu meyveleri alan annemmiş.” cümlesinde yüklem “annemmiş” sözcüğüdür.",,,,
page_62,62,"62
Türkçe 8. Sınıf
2. Özne: Yüklemin bildirdiği iş, oluş ya da durumu yapan veya cümlede-
ki olanı karşılayan ögeye özne denir. Özne, cümlenin temel ögelerinden biri-
dir ancak her cümlede bulunmayabilir. Özneyi bulmak için yükleme “Yapan 
kim?” ya da “Olan ne?” sorularını sorunuz.
ÖRNEK
“Babam ağaçları budadı.” cümlesinde  “Budayan kim?” sorusuna karşılık 
gelen “Babam” sözcüğü cümlenin öznesidir.
Cümlelerde üç tür özne ile karşılaşırız: gerçek özne, gizli özne ve sözde özne.
2.1. Gerçek (Açık) Özne
Yüklemin bildirdiği yargıyı gerçekleştiren ya da yargının konusu olan var-
lığın cümlede açıkça ifade edildiği öznedir. 
ÖRNEK
“Bilgehan, bize Oğuz Kağan destanını anlatacak.” cümlesinde özne destanı 
anlatacak olan Bilgehan’dır. Bu cümlede işi yapan kişi ya da varlık açıkça belli 
olduğu için cümlenin öznesine “gerçek özne” denir.
2.1. Gizli Özne
Eylemi gerçekleştiren kişi ya da varlık cümlede açıkça gösterilmeyebilir. 
Bu tür öznelere gizli özne denir. Gizli özneler aynı zamanda gerçek öznedir.
ÖRNEK
“Yarın Ankara’ya gidecek.” cümlesinde gitme eylemini yapan kişi “o” bel-
lidir ancak cümlede gösterilmemiştir. Öznenin kim/ne olduğunu kimi zaman 
bağlamdan çıkarırız.
2.1. Sözde Özne
Bir cümlede belirtilen eylemden, yapılan işten etkilenen kişi ya da varlık 
özne olarak çıkar. Bu tür öznelere “sözde özne” denir.
ÖRNEK
“Salon temizlendi.” cümlesinde temizleme işi salon tarafından değil, bir 
başkası tarafından yapılmıştır. Buna karşılık “Temizlenen ne?” sorusuna kar-
şılık olarak “salon” sözcüğü gelmektedir. Bu yüzden buna “sözde özne” denir.
","Türkçe 8. Sınıf 2. Özne: Yüklemin bildirdiği iş, oluş ya da durumu yapan veya cümlede- ki olanı karşılayan ögeye özne denir. Özne, cümlenin temel ögelerinden biri- dir ancak her cümlede bulunmayabilir. Özneyi bulmak için yükleme “Yapan kim?” ya da “Olan ne?” sorularını sorunuz. ÖRNEK “Babam ağaçları budadı.” cümlesinde “Budayan kim?” sorusuna karşılık gelen “Babam” sözcüğü cümlenin öznesidir. Cümlelerde üç tür özne ile karşılaşırız: gerçek özne, gizli özne ve sözde özne. 2.1. Gerçek (Açık) Özne Yüklemin bildirdiği yargıyı gerçekleştiren ya da yargının konusu olan var- lığın cümlede açıkça ifade edildiği öznedir. ÖRNEK “Bilgehan, bize Oğuz Kağan destanını anlatacak.” cümlesinde özne destanı anlatacak olan Bilgehan’dır. Bu cümlede işi yapan kişi ya da varlık açıkça belli olduğu için cümlenin öznesine “gerçek özne” denir. 2.1. Gizli Özne Eylemi gerçekleştiren kişi ya da varlık cümlede açıkça gösterilmeyebilir. Bu tür öznelere gizli özne denir. Gizli özneler aynı zamanda gerçek öznedir. ÖRNEK “Yarın Ankara’ya gidecek.” cümlesinde gitme eylemini yapan kişi “o” bel- lidir ancak cümlede gösterilmemiştir. Öznenin kim/ne olduğunu kimi zaman bağlamdan çıkarırız. 2.1. Sözde Özne Bir cümlede belirtilen eylemden, yapılan işten etkilenen kişi ya da varlık özne olarak çıkar. Bu tür öznelere “sözde özne” denir. ÖRNEK “Salon temizlendi.” cümlesinde temizleme işi salon tarafından değil, bir başkası tarafından yapılmıştır. Buna karşılık “Temizlenen ne?” sorusuna kar- şılık olarak “salon” sözcüğü gelmektedir. Bu yüzden buna “sözde özne” denir.",,,,
page_63,63,"63
2. Tema: Millî Kültürümüz
2. ÇALIŞMA
Aşağıdaki cümlelerin özne ve yüklemlerini gösteriniz.
a. Abim, tahtadan oyuncaklar yapıyor.
b. Atatürk, yolda bir köylü ile karşılaşır.
c. Güneş akşam yedide batıyor.
ç.  	Büyük işer, hayal gücümüzün eseridir.
d. Bu sınıfın en çalışkanı sen misin?
B. Cümlenin Yardımcı Ögeleri
1. Dolaylı Tümleç  (Yer Tamlayıcısı): Cümlede yüklemi yönelme, bulun-
ma, çıkma ve yer anlamlarıyla tamamlayan ögedir. “-e, -de, -den” hâl ekleriyle 
çekimlenen isimler dolaylı tümleç olabilir.
ÖRNEK
+ Yazdığım öyküleri arkadaşlarıma gönderdim.
+ Okuldan hemen çıkacağım.
+ Çarşıda onu gördüm.
Yukarıdaki cümlelerde altı çizili sözcükler dolaylı tümleç görevindedir.
2. Nesne: Öznenin yaptığı ve yüklemin bildirdiği işten etkilenen ögeye nes-
ne denir. Nesneyi bulmak için yükleme “ne, kim, neyi, kimi” gibi sorulardan 
biri sorulur.
ÖRNEK
+ Kardeşim elma aldı.
+ Yarın ödevimi teslim edeceğim.
Yukarıdaki cümlelerde altı çizili sözcükler nesne görevindedir.
3. Zarf Tümleci: Yüklemi durum, zaman, miktar, yer-yön, şart, neden, soru
gibi yönlerden tamamlayan ögedir. Zarf tümleci, yükleme sorulan “ne zaman, 
nasıl, ne kadar, niçin ” gibi sorular ile belirlenir. 
+ Sabah yola çıkıyoruz.
+ Merdivenlerden hızlı hızlı çıktı.
+ Akşama kadar ders çalıştım.
Yukarıdaki cümlelerde altı çizili sözcükler zarf tümleci görevindedir.
BİLGİ KUTUSU
","2. Tema: Millî Kültürümüz 2. ÇALIŞMA Aşağıdaki cümlelerin özne ve yüklemlerini gösteriniz. a. Abim, tahtadan oyuncaklar yapıyor. b. Atatürk, yolda bir köylü ile karşılaşır. c. Güneş akşam yedide batıyor. ç. Büyük işer, hayal gücümüzün eseridir. d. Bu sınıfın en çalışkanı sen misin? B. Cümlenin Yardımcı Ögeleri 1. Dolaylı Tümleç (Yer Tamlayıcısı): Cümlede yüklemi yönelme, bulun- ma, çıkma ve yer anlamlarıyla tamamlayan ögedir. “-e, -de, -den” hâl ekleriyle çekimlenen isimler dolaylı tümleç olabilir. ÖRNEK + Yazdığım öyküleri arkadaşlarıma gönderdim. + Okuldan hemen çıkacağım. + Çarşıda onu gördüm. Yukarıdaki cümlelerde altı çizili sözcükler dolaylı tümleç görevindedir. 2. Nesne: Öznenin yaptığı ve yüklemin bildirdiği işten etkilenen ögeye nes- ne denir. Nesneyi bulmak için yükleme “ne, kim, neyi, kimi” gibi sorulardan biri sorulur. ÖRNEK + Kardeşim elma aldı. + Yarın ödevimi teslim edeceğim. Yukarıdaki cümlelerde altı çizili sözcükler nesne görevindedir. 3. Zarf Tümleci: Yüklemi durum, zaman, miktar, yer-yön, şart, neden, soru gibi yönlerden tamamlayan ögedir. Zarf tümleci, yükleme sorulan “ne zaman, nasıl, ne kadar, niçin ” gibi sorular ile belirlenir. + Sabah yola çıkıyoruz. + Merdivenlerden hızlı hızlı çıktı. + Akşama kadar ders çalıştım. Yukarıdaki cümlelerde altı çizili sözcükler zarf tümleci görevindedir. BİLGİ KUTUSU",,,,
page_64,64,"64
Türkçe 8. Sınıf
3. ÇALIŞMA
Aşağıdaki cümleleri ögelerine ayırınız.
a. Gösteri için davet edildim.
b. Yarın geliyoruz.
c. Ankara’da sonbahar güzeldir.
ç. Duvarların üstü pürüzlenmiş.
d. Atımın yuları elimde, yan aralık bahçe kapısından giriyorum.
e. Atlı araba, kamyon kasalarını süslüyordu.
f. Gözleri çakmak çakmak ona bakardı.
4. ÇALIŞMA
Aşağıdaki cümlelerdeki altı çizili sözlerin hangi öge olduğunu belirtiniz.
a. Adalet Ağaoğlu, her yeni eserinde, hikâye üslubunu geliştirerek devam ettir­
miştir.
b. Simitçiler sekiz on yaşlarındaydı.
c. Biri çekinerek ayaklarına dolanan kuşlardan birini okşadı.
ç. 	 Türk edebiyatında küçürek hikâyenin en önemli temsilcilerinden biri Ferit Ed­
gü’dür.
d. Cahit Sıtkı Tarancı erken yaşlarda şiirle ilgilenmeye başlamıştır.
e. Buraya gelişimin ilk haftaları, etrafıma yalnız korku ve kuşku veriyordum.
f. Sığır sürüsü,  sakin sakin ilerliyordu.
g. Dokuz on yaşına basınca önüme köyün bir bölük kuzusunu kattılar.
h. Akşama dek ovada döner dururdum .
h. Epeyce bir gün geçti aradan.
","Türkçe 8. Sınıf 3. ÇALIŞMA Aşağıdaki cümleleri ögelerine ayırınız. a. Gösteri için davet edildim. b. Yarın geliyoruz. c. Ankara’da sonbahar güzeldir. ç. Duvarların üstü pürüzlenmiş. d. Atımın yuları elimde, yan aralık bahçe kapısından giriyorum. e. Atlı araba, kamyon kasalarını süslüyordu. f. Gözleri çakmak çakmak ona bakardı. 4. ÇALIŞMA Aşağıdaki cümlelerdeki altı çizili sözlerin hangi öge olduğunu belirtiniz. a. Adalet Ağaoğlu, her yeni eserinde, hikâye üslubunu geliştirerek devam ettir­ miştir. b. Simitçiler sekiz on yaşlarındaydı. c. Biri çekinerek ayaklarına dolanan kuşlardan birini okşadı. ç. Türk edebiyatında küçürek hikâyenin en önemli temsilcilerinden biri Ferit Ed­ gü’dür. d. Cahit Sıtkı Tarancı erken yaşlarda şiirle ilgilenmeye başlamıştır. e. Buraya gelişimin ilk haftaları, etrafıma yalnız korku ve kuşku veriyordum. f. Sığır sürüsü, sakin sakin ilerliyordu. g. Dokuz on yaşına basınca önüme köyün bir bölük kuzusunu kattılar. h. Akşama dek ovada döner dururdum . h. Epeyce bir gün geçti aradan.",,,,
page_65,65,"65
2. Tema: Millî Kültürümüz
DİNLEME / İZLEME
­
www.eba.gov.tr adresinden “Oğuz Kağan” destanını seçici, yaratıcı, eleştirel,
empati kurarak, not alarak dinleme gibi yöntem ve tekniklerinden birini
uygulayarak dinleyiniz. Dinleme etkinliği gerçekleştirdikten sonra aşağıdaki
çalışmaları yapınız.
1.
“Oğuz Kağan” destanının ilk iki dakikasını dinleyiniz. Destanda bundan sonra ne­
ler olabileceği, geçen olayların gelişimi ve sonucu hakkında tahminde bulununuz.
Tahminlerinizi aşağıda boş bırakılan yere yazınız.
………………………………………………………………………………………
………………………………………………………………………………………
2.
Dinlediğiniz destanda geçen bilmediğiniz sözcüklerin anlamını tahmin ediniz.
3.
Dinlediğiniz destanın çevrenizdeki kişilerden birine sözlü olarak özetleyiniz.
4.
Dinlediğiniz destanın konusu nedir?
………………………………………………………………………………………
5.
Dinlediğiniz destanın ana fikri nedir?
………………………………………………………………………………………
6.
Dinlediğiniz destana bir başlık koymanız istenseydiniz ne derdiniz?
………………………………………………………………………………………
7.
Dinlediğiniz destanda birbiriyle çelişen olay ya da durumlar var mıydı?
………………………………………………………………………………………
………………………………………………………………………………………
8. Dinlediğiniz destanla ilgili görüşlerinizi açıklayınız.
………………………………………………………………………………………
9. Dinlediğiniz ses kaydını değerlendiriniz.
………………………………………………………………………………………
………………………………………………………………………………………
10. Dinlediğiniz “Oğuz Kağan” destanının bir bölümünü canlandırınız.
","2. Tema: Millî Kültürümüz DİNLEME / İZLEME ­ www.eba.gov.tr adresinden “Oğuz Kağan” destanını seçici, yaratıcı, eleştirel, empati kurarak, not alarak dinleme gibi yöntem ve tekniklerinden birini uygulayarak dinleyiniz. Dinleme etkinliği gerçekleştirdikten sonra aşağıdaki çalışmaları yapınız. 1. “Oğuz Kağan” destanının ilk iki dakikasını dinleyiniz. Destanda bundan sonra ne­ ler olabileceği, geçen olayların gelişimi ve sonucu hakkında tahminde bulununuz. Tahminlerinizi aşağıda boş bırakılan yere yazınız. ……………………………………………………………………………………… ……………………………………………………………………………………… 2. Dinlediğiniz destanda geçen bilmediğiniz sözcüklerin anlamını tahmin ediniz. 3. Dinlediğiniz destanın çevrenizdeki kişilerden birine sözlü olarak özetleyiniz. 4. Dinlediğiniz destanın konusu nedir? ……………………………………………………………………………………… 5. Dinlediğiniz destanın ana fikri nedir? ……………………………………………………………………………………… 6. Dinlediğiniz destana bir başlık koymanız istenseydiniz ne derdiniz? ……………………………………………………………………………………… 7. Dinlediğiniz destanda birbiriyle çelişen olay ya da durumlar var mıydı? ……………………………………………………………………………………… ……………………………………………………………………………………… 8. Dinlediğiniz destanla ilgili görüşlerinizi açıklayınız. ……………………………………………………………………………………… 9. Dinlediğiniz ses kaydını değerlendiriniz. ……………………………………………………………………………………… ……………………………………………………………………………………… 10. Dinlediğiniz “Oğuz Kağan” destanının bir bölümünü canlandırınız.",,,,
page_66,66,"66
Türkçe 8. Sınıf
KONUŞMA
1. ÇALIŞMA
1. Aşağıdaki kavramları kullanarak hazırlıksız bir konuşma yapınız.
kültür
millî
kültürel yozlaşma
dil
din
gelenek
etkileşim
medeniyet
2. Yaptığınız konuşmayı aşağıda boş bırakılan yere yazınız.
.....................................................................................................................................
.....................................................................................................................................
.....................................................................................................................................
.....................................................................................................................................
.....................................................................................................................................
.....................................................................................................................................
2. Yaptığınız konuşmayı aşağıdaki “Değerlendirme Formu”na göre değerlendiri­
niz. Bu hazırlıksız konuşma çalışması kapsamında aşağıda listelenen davranışlardan 
kazandığınız beceriler için Evet, kazanamadığınız beceriler için Hayır kutucuğuna (X) 
işareti koyarak kendinizi değerlendiriniz. 
Değerlendirme Ölçütleri
Evet
Hayır
Konuşma stratejilerini uyguladım. 
Konuşmamda beden dilini etkili bir şekilde kullandım.
Sözcükleri anlamlarına uygun kullandım.
Konuşmamda yabancı dillerden alınmış, dilimize henüz 
yerleşmemiş sözcüklerin Türkçelerini kullandım.
Konuşmamda uygun geçiş ve bağlantı ifadelerini kullandım.
Değerlendirme sonunda Hayır şeklindeki cevaplarınızı bir daha gözden geçiriniz 
ve ilgili açıklamaları tekrar ediniz. 
","Türkçe 8. Sınıf KONUŞMA 1. ÇALIŞMA 1. Aşağıdaki kavramları kullanarak hazırlıksız bir konuşma yapınız. kültür millî kültürel yozlaşma dil din gelenek etkileşim medeniyet 2. Yaptığınız konuşmayı aşağıda boş bırakılan yere yazınız. ..................................................................................................................................... ..................................................................................................................................... ..................................................................................................................................... ..................................................................................................................................... ..................................................................................................................................... ..................................................................................................................................... 2. Yaptığınız konuşmayı aşağıdaki “Değerlendirme Formu”na göre değerlendiri­ niz. Bu hazırlıksız konuşma çalışması kapsamında aşağıda listelenen davranışlardan kazandığınız beceriler için Evet, kazanamadığınız beceriler için Hayır kutucuğuna (X) işareti koyarak kendinizi değerlendiriniz. Değerlendirme Ölçütleri Evet Hayır Konuşma stratejilerini uyguladım. Konuşmamda beden dilini etkili bir şekilde kullandım. Sözcükleri anlamlarına uygun kullandım. Konuşmamda yabancı dillerden alınmış, dilimize henüz yerleşmemiş sözcüklerin Türkçelerini kullandım. Konuşmamda uygun geçiş ve bağlantı ifadelerini kullandım. Değerlendirme sonunda Hayır şeklindeki cevaplarınızı bir daha gözden geçiriniz ve ilgili açıklamaları tekrar ediniz.",,,,
page_67,67,"67
2. Tema: Millî Kültürümüz
1.
Dalgalanır bayrak,
Dalgalanır Fatihalar bayrakta.
Siz ta Orta Asya’dan beri
Uyursunuz, uyanırsınız,
Siz düşünürsünüz bu toprakta.
Bu dizelerde dile getirilen ana duygu
 
aşağıdakilerden hangisidir?
A) Doğa sevgisi
B) Sıla özlemi
C) Vatan sevgisi
D) Birlik ve beraberlik
2.
Hey, hey!
Yine de ey hey!
Al bayraklar altında kara bir kartal gibi
Yaşamak ne güzel şey.
Bu dizelerde altı çizili sözde aşağıdaki
edebî sanatlardan hangisi vardır?
A) Mübalağa (Abartma)
B) Teşbih (Benzetme)
C) Teşhis (Kişileştirme)
D) Tezat (Karşıtlık)
3.
Bir metinde anlatıılmak istenilen esas dü-
şünceye ---- denir.
Bu parçada boş bırakılan yere aşağıda-
kilerden hangisi getirilebilir?
A) ana düşünce
B) paragraf
C) tema
D) yardımcı fikir
4.
Aşağıdakilerden hangisi düşünceyi ge­
liştirme yollarından biri değildir?
A) Benzetme
B) Karşılaştırma
C) Öyküleme
D) Tanımlama
2. TEMA
ÖLÇME VE DEĞERLENDİRME SORULARI
HAYAT BOYU ÖĞRENME
","2. Tema: Millî Kültürümüz 1. Dalgalanır bayrak, Dalgalanır Fatihalar bayrakta. Siz ta Orta Asya’dan beri Uyursunuz, uyanırsınız, Siz düşünürsünüz bu toprakta. Bu dizelerde dile getirilen ana duygu aşağıdakilerden hangisidir? A) Doğa sevgisi B) Sıla özlemi C) Vatan sevgisi D) Birlik ve beraberlik 2. Hey, hey! Yine de ey hey! Al bayraklar altında kara bir kartal gibi Yaşamak ne güzel şey. Bu dizelerde altı çizili sözde aşağıdaki edebî sanatlardan hangisi vardır? A) Mübalağa (Abartma) B) Teşbih (Benzetme) C) Teşhis (Kişileştirme) D) Tezat (Karşıtlık) 3. Bir metinde anlatıılmak istenilen esas dü- şünceye ---- denir. Bu parçada boş bırakılan yere aşağıda- kilerden hangisi getirilebilir? A) ana düşünce B) paragraf C) tema D) yardımcı fikir 4. Aşağıdakilerden hangisi düşünceyi ge­ liştirme yollarından biri değildir? A) Benzetme B) Karşılaştırma C) Öyküleme D) Tanımlama 2. TEMA ÖLÇME VE DEĞERLENDİRME SORULARI HAYAT BOYU ÖĞRENME",,,,
page_68,68,"68
Türkçe 8. Sınıf
5.
Kimi insan para pul budalası olur,
                       I
kimisi keşif ve icat meraklısı, bazısı da
musiki aşığı. Deli Davut ise adalar
karasevdalısıydı. Denizin bu deli divanesi
II
nin gözünde hep adalar tüter,  adalar
titrerdi. Tan yeri ağarırken adalarla bera-
III	
	
  IV
ber uyanacağım diye çok geceler göz yum­
mazdı.
Bu parçadaki altı çizili sözcüklerden han­
gisi fiilimsidir?
A) I
B) II
C) III
D) IV
6.
Beyaz tozluklu çocuk, yün eldivenli ellerini
paltosunun cebine sokarak küçük bir ke­
sekâğıdı çıkardı. İçinden bir badem ezmesi
alıp ağzına attı, bir tane de arkadaşına verdi.
Ağzını şişirerek sordu:
–
Derslere ne zaman çalışıyorsun?-
–
Mektepten çıkınca... İki saat filan ça­
lışıyorum, dersleri yapıyorum.  Ondan
sonra buraya geliyoruz. Hem gece zaten
çalışamam ki… Gaz masrafı çok oluyor.
Bu parçadaki altı çizili ifadelerden hangi­
si fiilimsi değildir? 
A) alıp
B) çıkınca
C) şişirerek
D) yün eldivenli
7.
Çok, çok eski zamanlarda, bundan yüz
milyonlarca yıl evvel, dünyamız henüz bil­
ginlerin -İkinci Devir- adını verdikleri çağ­
lardayken yeryüzünde birtakım kocaman,
korkunç devler yaşamaktaydı. Bugün bil­
diğimiz hayvanların çoğu o zamanlar daha
ortada yoktu. Canlı yaratık olarak denizler­
deki balıklar, birçok kuşlar, pek küçük bazı
memeli hayvanlar ve kurbağalar vardı. Bir
de bu söylediğimiz devler. Bunlar da çeşit
çeşitti. Boyları sekiz on metreden tut da,
yirmi beş metreye kadar olurdu.
Bu parçada altı çizili bölümde aşağıdaki­
lerden hangisi kullanılmıştır?
A) Karşılaştırma
B) Örnekleme
C) Tanık gösterme
D) Sayısal verilerden yararlanma
8.
“Tarık toplantıyı bitirdi.” cümlesinde işi
yapan kişi Tarık’tır. Bu tür öznelere “gerçek
özne” denir.
Buna göre aşağıdakilerin hangisinde ger­
çek özne kullanılmıştır?
A) Kardan kapanan yollar açıldı.
B) Halil, mektubu hemen almış.
C) Bina belediye tarafından yıkılmış.
D) Bütün ev köşe bucak temizlendi.
HAYAT BOYU ÖĞRENME
","Türkçe 8. Sınıf 5. Kimi insan para pul budalası olur, I kimisi keşif ve icat meraklısı, bazısı da musiki aşığı. Deli Davut ise adalar karasevdalısıydı. Denizin bu deli divanesi II nin gözünde hep adalar tüter, adalar titrerdi. Tan yeri ağarırken adalarla bera- III IV ber uyanacağım diye çok geceler göz yum­ mazdı. Bu parçadaki altı çizili sözcüklerden han­ gisi fiilimsidir? A) I B) II C) III D) IV 6. Beyaz tozluklu çocuk, yün eldivenli ellerini paltosunun cebine sokarak küçük bir ke­ sekâğıdı çıkardı. İçinden bir badem ezmesi alıp ağzına attı, bir tane de arkadaşına verdi. Ağzını şişirerek sordu: – Derslere ne zaman çalışıyorsun?- – Mektepten çıkınca... İki saat filan ça­ lışıyorum, dersleri yapıyorum. Ondan sonra buraya geliyoruz. Hem gece zaten çalışamam ki… Gaz masrafı çok oluyor. Bu parçadaki altı çizili ifadelerden hangi­ si fiilimsi değildir? A) alıp B) çıkınca C) şişirerek D) yün eldivenli 7. Çok, çok eski zamanlarda, bundan yüz milyonlarca yıl evvel, dünyamız henüz bil­ ginlerin -İkinci Devir- adını verdikleri çağ­ lardayken yeryüzünde birtakım kocaman, korkunç devler yaşamaktaydı. Bugün bil­ diğimiz hayvanların çoğu o zamanlar daha ortada yoktu. Canlı yaratık olarak denizler­ deki balıklar, birçok kuşlar, pek küçük bazı memeli hayvanlar ve kurbağalar vardı. Bir de bu söylediğimiz devler. Bunlar da çeşit çeşitti. Boyları sekiz on metreden tut da, yirmi beş metreye kadar olurdu. Bu parçada altı çizili bölümde aşağıdaki­ lerden hangisi kullanılmıştır? A) Karşılaştırma B) Örnekleme C) Tanık gösterme D) Sayısal verilerden yararlanma 8. “Tarık toplantıyı bitirdi.” cümlesinde işi yapan kişi Tarık’tır. Bu tür öznelere “gerçek özne” denir. Buna göre aşağıdakilerin hangisinde ger­ çek özne kullanılmıştır? A) Kardan kapanan yollar açıldı. B) Halil, mektubu hemen almış. C) Bina belediye tarafından yıkılmış. D) Bütün ev köşe bucak temizlendi. HAYAT BOYU ÖĞRENME",,,,
page_69,69,"69
2. Tema: Millî Kültürümüz
9.
Bir ara sahilde yürüyorduk.
Bu cümlenin ögeleri aşağıdakilerden
hangisinde doğru olarak verilmiştir?
A) Özne – dolaylı tümleç – yüklem
B) Zarf tümleci – nesne – yüklem
C) Dolaylı tümleç – nesne – yüklem
D) Zarf tümleci – dolaylı tümleç – yüklem
10. Ahmet, Edip Cansever’in edebî kişiliği hak­
kında bir sunum yapmıştır. Bu sunumdan
bir bölüm aşağıda verilmiştir.
“İlhan Berk’in dediği gibi Edip Canse-
ver, ‘Trenlere çikolata yediren bir şair-
dir’. Şiirin tüm imkânlarını kullanır ama 
toplumdan da kopmaz, şairin toplumla 
bir bakışta görülemeyecek ince ama çok 
sağlam bir bağı vardır. 
Ahmet’in yaptığı sunumla ilgili,
I) Nesnel anlatım vardır.
II) Kişisel görüşlere yer verilmiştir.
III)	Neden-sonuç ilişkisi kurulmuştur.
ifadelerinden hangileri doğrudur?
A) Yalnız I
B) Yalnız II
C) Yalnız III
D) I, II ve III
11. Eve döndüğümüzde herkes mutluydu.
Bu cümlede altı çizili öge aşağıdakilerden
hangisidir?
A) Özne
B) Nesne
C) Yüklem
D) Zarf tümleci
12. Aşağıdakilerin hangisinde dolaylı tümleç
yoktur?
A) Dükkân çok kalabalık oluyor çarşamba­
ları.
B) Artık sabahları dışarıya çıkmıyor.
C) Şirkette öğle yemeği çıkmıyor artık.
D) İstanbul’da araba satışları artmış.
HAYAT BOYU ÖĞRENME
","2. Tema: Millî Kültürümüz 9. Bir ara sahilde yürüyorduk. Bu cümlenin ögeleri aşağıdakilerden hangisinde doğru olarak verilmiştir? A) Özne – dolaylı tümleç – yüklem B) Zarf tümleci – nesne – yüklem C) Dolaylı tümleç – nesne – yüklem D) Zarf tümleci – dolaylı tümleç – yüklem 10. Ahmet, Edip Cansever’in edebî kişiliği hak­ kında bir sunum yapmıştır. Bu sunumdan bir bölüm aşağıda verilmiştir. “İlhan Berk’in dediği gibi Edip Canse- ver, ‘Trenlere çikolata yediren bir şair- dir’. Şiirin tüm imkânlarını kullanır ama toplumdan da kopmaz, şairin toplumla bir bakışta görülemeyecek ince ama çok sağlam bir bağı vardır. Ahmet’in yaptığı sunumla ilgili, I) Nesnel anlatım vardır. II) Kişisel görüşlere yer verilmiştir. III) Neden-sonuç ilişkisi kurulmuştur. ifadelerinden hangileri doğrudur? A) Yalnız I B) Yalnız II C) Yalnız III D) I, II ve III 11. Eve döndüğümüzde herkes mutluydu. Bu cümlede altı çizili öge aşağıdakilerden hangisidir? A) Özne B) Nesne C) Yüklem D) Zarf tümleci 12. Aşağıdakilerin hangisinde dolaylı tümleç yoktur? A) Dükkân çok kalabalık oluyor çarşamba­ ları. B) Artık sabahları dışarıya çıkmıyor. C) Şirkette öğle yemeği çıkmıyor artık. D) İstanbul’da araba satışları artmış. HAYAT BOYU ÖĞRENME",,,,
page_70,70,"3. TEMA
ERDEMLER
",3. TEMA ERDEMLER,,,,
page_71,71,"Sarı Sıcak
Hınk Davası
Dostluk Derken
Hz. Ömer ve Adaleti 
(Dinleme / İzleme Metni)
ANAHTAR KAVRAMLAR
Erdemler	
Hikâye	
Çalışkanlık	
Anlatım	
Adalet
Dostluk	
Deneme	
Cümle 	
Bozukluğu	
Nasreddin
Türleri	
Hz. Ömer ve	
Hoca
Adalet
",Sarı Sıcak Hınk Davası Dostluk Derken Hz. Ömer ve Adaleti (Dinleme / İzleme Metni) ANAHTAR KAVRAMLAR Erdemler Hikâye Çalışkanlık Anlatım Adalet Dostluk Deneme Cümle Bozukluğu Nasreddin Türleri Hz. Ömer ve Hoca Adalet,,,,
page_72,72,"72
Türkçe 8. Sınıf
OKUMA
Hazırlık 
1. Köy yaşamının zorlukları nelerdir?
2. Bir çocuğun ailesine katkı sağlamak için erken yaşlarda çalışmasıyla
ilgili ne düşünüyorsunuz? Bu durum çocuk haklarına aykırı mıdır?
Aşağıdaki metni özetleyerek sessiz  ve sesli okuyunuz.
SARI SICAK
(Ekonomik sebeplerden dolayı köyde diğer çocuklar gibi Osman da çalışmak zorun­
dadır. Zayıf, çelimsiz fakat gözü kara, çalışkan, bir çocuk olan Osman daha o yaşlar­
da, sorumluluğunu bilmekte, tarlada çalışmak ve babasına destek olmak istemektedir. 
Ancak her gün sabahın erken saatlerinde uyanmakta zorlanmaktadır. Bu yüzden, yat­
madan önce, annesine “kendisini kaldırmasını” sıkı sıkı tembih eder. Oysa annesinin 
yüreği bir başka türlü çarpmaktadır. Büyüme çağındaki çocuğunu sabahları uyandır­
maya kıyamaz, işe gitmesine gönlü elvermez. O sabahta, kocasının uyarılarına rağmen 
oğlunu uyandırmaya kıyamaz. Babası onu “şimdiden eli ekmek tutmaya alışsın” diye 
öfkeyle uyandırır. Osman ne olduğunu anlamaz. Mustafa Ağa’nın arabası gelip evleri­
nin önünde durur.) 
","Türkçe 8. Sınıf OKUMA Hazırlık 1. Köy yaşamının zorlukları nelerdir? 2. Bir çocuğun ailesine katkı sağlamak için erken yaşlarda çalışmasıyla ilgili ne düşünüyorsunuz? Bu durum çocuk haklarına aykırı mıdır? Aşağıdaki metni özetleyerek sessiz ve sesli okuyunuz. SARI SICAK (Ekonomik sebeplerden dolayı köyde diğer çocuklar gibi Osman da çalışmak zorun­ dadır. Zayıf, çelimsiz fakat gözü kara, çalışkan, bir çocuk olan Osman daha o yaşlar­ da, sorumluluğunu bilmekte, tarlada çalışmak ve babasına destek olmak istemektedir. Ancak her gün sabahın erken saatlerinde uyanmakta zorlanmaktadır. Bu yüzden, yat­ madan önce, annesine “kendisini kaldırmasını” sıkı sıkı tembih eder. Oysa annesinin yüreği bir başka türlü çarpmaktadır. Büyüme çağındaki çocuğunu sabahları uyandır­ maya kıyamaz, işe gitmesine gönlü elvermez. O sabahta, kocasının uyarılarına rağmen oğlunu uyandırmaya kıyamaz. Babası onu “şimdiden eli ekmek tutmaya alışsın” diye öfkeyle uyandırır. Osman ne olduğunu anlamaz. Mustafa Ağa’nın arabası gelip evleri­ nin önünde durur.)",,,,
page_73,73,"73
3. Tema: Erdemler
""Osman...""
Osman koşa koşa gidip arabaya atladı. Sevinçten taşıyor, türküler söylüyordu.
Ana, Mustafa Ağalara gündeliğe giden Zeynep’i bir kenara çekip: 
""Kurban olayım Zeynep, Osman’ı kolla, çocuk... Bir deri bir kemik..."" dedi.
Zeynep:
""Korkma bacı, Osman’ı incitir miyim hiç?""
Tarlaya geldiler. Daha gün doğmamış... Orak makinesinin düzgün sıraladığı des­
teler çiyli... Ot ve ıslak ekin kokusu... Kızağa atı koşup, desteleri yüklemeye başladılar. 
Kızakta çift yerine tek at koşulu... Atın başını Osman çekiyor, kızak dolar dolmaz, kuş 
gibi, harmana götürüp getiriyor... 
Kızağı yükleyenler arada Osman’a takılıyorlar.
""Nasıl, Osman?""
""Yaşa, Osman!""
Osman seviniyor...
Derken kıpkırmızı bir ateş yuvarlağını andıran güneş karşı dağların ardından çık­
tı... Ekin saplarından, destelerden usul usul, incecik, gözle görülür görülmez bir buğu 
yükseliyor. Gökte parça parça ak bulutlar dönüyor...
Osman, harmanla desteciler arasında mekik dokuyor. Osman canlı, dipdiri.  Zey­
nep, ikide bir: ""Ha Osman’ım. Aslan Osman’ım..."" diye Osman’ı okşuyor. Gün tepeye 
doğru yekindi. Ortalık ışığa boğulmuş... Topraktaki ekin saplarına, destelere vuran 
gün şavkıyor... 
Işıltılar iplik iplik sönüyor. Binlerce, yüz binlerce, birbirine dolanmış ışık ipliği 
uçuşuyor. Destecilerin yüzleri toza bulanmış, yüzlerden oluk oluk ter süzülüyor. Dört 
bucağa ateş düşmüş yanıyor. Osman kararmış, yüzü biraz daha incelmiş, kocaman 
gözleri kısılmış... Gömleğinden de ter fışkırmış... Sabahki canlılık!... Şimdi Osman yü­
rürken ayakları birbirine dolaşıyor. Neredeyse düşüp atın ayakları altında kalacak... 
Osman tutuyor kendisini. Toprak da kızgın demir gibi. Osman her ayağını basışta 
bir sıçrıyor. Bu yüzden yürüyüşü bir acayip. Kızak gelinceye kadar, desteci kadınlar, 
ağızları yukarı, destelerin üstüne, güneşin alnına yatıp yorgunluklarını çıkarıyorlar.
Osman boyuna gökyüzüne bakıyor... Bir parça bulut... Bazen bir ak bulut gölge­
si, üstlerinde bir an kalıp geçiyor... Gözler bulut gölgesinin arkasında... Gün tepede... 
Ekin sapları çatırdıyor. Yarılmış, kızgın toprak, Osman’ın ayaklarının altında... Os­
man’ı habire hoplatıyor.
Canını dişine takmış Osman. Alttan yanıyor, tepeden yanıyor. Ciğerine kızgın bir 
demiri sokuyorlar gibi... 
","3. Tema: Erdemler ""Osman..."" Osman koşa koşa gidip arabaya atladı. Sevinçten taşıyor, türküler söylüyordu. Ana, Mustafa Ağalara gündeliğe giden Zeynep’i bir kenara çekip: ""Kurban olayım Zeynep, Osman’ı kolla, çocuk... Bir deri bir kemik..."" dedi. Zeynep: ""Korkma bacı, Osman’ı incitir miyim hiç?"" Tarlaya geldiler. Daha gün doğmamış... Orak makinesinin düzgün sıraladığı des­ teler çiyli... Ot ve ıslak ekin kokusu... Kızağa atı koşup, desteleri yüklemeye başladılar. Kızakta çift yerine tek at koşulu... Atın başını Osman çekiyor, kızak dolar dolmaz, kuş gibi, harmana götürüp getiriyor... Kızağı yükleyenler arada Osman’a takılıyorlar. ""Nasıl, Osman?"" ""Yaşa, Osman!"" Osman seviniyor... Derken kıpkırmızı bir ateş yuvarlağını andıran güneş karşı dağların ardından çık­ tı... Ekin saplarından, destelerden usul usul, incecik, gözle görülür görülmez bir buğu yükseliyor. Gökte parça parça ak bulutlar dönüyor... Osman, harmanla desteciler arasında mekik dokuyor. Osman canlı, dipdiri. Zey­ nep, ikide bir: ""Ha Osman’ım. Aslan Osman’ım..."" diye Osman’ı okşuyor. Gün tepeye doğru yekindi. Ortalık ışığa boğulmuş... Topraktaki ekin saplarına, destelere vuran gün şavkıyor... Işıltılar iplik iplik sönüyor. Binlerce, yüz binlerce, birbirine dolanmış ışık ipliği uçuşuyor. Destecilerin yüzleri toza bulanmış, yüzlerden oluk oluk ter süzülüyor. Dört bucağa ateş düşmüş yanıyor. Osman kararmış, yüzü biraz daha incelmiş, kocaman gözleri kısılmış... Gömleğinden de ter fışkırmış... Sabahki canlılık!... Şimdi Osman yü­ rürken ayakları birbirine dolaşıyor. Neredeyse düşüp atın ayakları altında kalacak... Osman tutuyor kendisini. Toprak da kızgın demir gibi. Osman her ayağını basışta bir sıçrıyor. Bu yüzden yürüyüşü bir acayip. Kızak gelinceye kadar, desteci kadınlar, ağızları yukarı, destelerin üstüne, güneşin alnına yatıp yorgunluklarını çıkarıyorlar. Osman boyuna gökyüzüne bakıyor... Bir parça bulut... Bazen bir ak bulut gölge­ si, üstlerinde bir an kalıp geçiyor... Gözler bulut gölgesinin arkasında... Gün tepede... Ekin sapları çatırdıyor. Yarılmış, kızgın toprak, Osman’ın ayaklarının altında... Os­ man’ı habire hoplatıyor. Canını dişine takmış Osman. Alttan yanıyor, tepeden yanıyor. Ciğerine kızgın bir demiri sokuyorlar gibi...",,,,
page_74,74,"74
Türkçe 8. Sınıf
Sıcak... Dünya kamaş kamaş... Göz açıp on metre ileriye bakılmıyor.
Zeynep deste yüklerken Osman’a dönüp baktı. Baktı ki Osman’ın bacakları zangır 
zangır titriyor.
""Osman,"" dedi. ""Osman... Osman’ım, böyle yaya gidip gelme. Seni atın üstüne bin­
direyim."" Kaldırdı atın üstüne koydu. Osman atı sürdü. Daha bacaklarının titremesi 
durmamıştı. At üstünde gitti geldi. Zeynep uzaklarda deste yapıyordu. Attan atlayıp 
Zeynep’e doğru yürüdü.
Zeynep: ""Neden atı bıraktın Osman? Ya kaçarsa?""
Osman yanına yaklaşıp elini tuttu:
""Bak,"" dedi, ""Zeynep teyze, ben büyürsem var ya, sana altın küpe alacağım.""
Koşa koşa atın başına döndü.
Sıcak boğucu... Yel esmiyor, ufacık bir fısıltı bile yok. Atın üstünde Osman’ın 
bacakları ağrıdı. Tutmaz oldu. Neredeyse düşecek... Gözü dört bir yanı görmüyor. 
Osman atı sürmüyor, at kendisi gidip geliyor. Derken öğle paydosu. Sıcağın altında 
yemek... Kan gibi ılık su. Zeynep’in tüm yalvarıp yakarmalarına karşın Osman ağzına 
bir lokma ekmek bile koymadı. Boyuna su içti... Zeynep akıl etti de başına bir kova su 
döktü. Çocuk ondan sonra artık kendisine gelebildi. 
İşe kalkarlarken Zeynep: ""Osman’ım,"" dedi, ""Sen git otur gayrı. Atı başkası götür­
sün.""
Osman : ""Olmaz, Zeynep teyze,"" dedi, ""Ben götürürüm. Hiç yorulmadım."" 
","Türkçe 8. Sınıf Sıcak... Dünya kamaş kamaş... Göz açıp on metre ileriye bakılmıyor. Zeynep deste yüklerken Osman’a dönüp baktı. Baktı ki Osman’ın bacakları zangır zangır titriyor. ""Osman,"" dedi. ""Osman... Osman’ım, böyle yaya gidip gelme. Seni atın üstüne bin­ direyim."" Kaldırdı atın üstüne koydu. Osman atı sürdü. Daha bacaklarının titremesi durmamıştı. At üstünde gitti geldi. Zeynep uzaklarda deste yapıyordu. Attan atlayıp Zeynep’e doğru yürüdü. Zeynep: ""Neden atı bıraktın Osman? Ya kaçarsa?"" Osman yanına yaklaşıp elini tuttu: ""Bak,"" dedi, ""Zeynep teyze, ben büyürsem var ya, sana altın küpe alacağım."" Koşa koşa atın başına döndü. Sıcak boğucu... Yel esmiyor, ufacık bir fısıltı bile yok. Atın üstünde Osman’ın bacakları ağrıdı. Tutmaz oldu. Neredeyse düşecek... Gözü dört bir yanı görmüyor. Osman atı sürmüyor, at kendisi gidip geliyor. Derken öğle paydosu. Sıcağın altında yemek... Kan gibi ılık su. Zeynep’in tüm yalvarıp yakarmalarına karşın Osman ağzına bir lokma ekmek bile koymadı. Boyuna su içti... Zeynep akıl etti de başına bir kova su döktü. Çocuk ondan sonra artık kendisine gelebildi. İşe kalkarlarken Zeynep: ""Osman’ım,"" dedi, ""Sen git otur gayrı. Atı başkası götür­ sün."" Osman : ""Olmaz, Zeynep teyze,"" dedi, ""Ben götürürüm. Hiç yorulmadım.""",,,,
page_75,75,"75
3. Tema: Erdemler
(Osman’ın ısrarları karşısında dayamayan Zeynep, onun ata binmesine izin verir. 
Osman birkaç tur sonra başı dönünce attan inmek zorunda kalır. Sıcaktan ve yor­
gunluktan hastalanan Osman akşama, iş bitene kadar dinlenmek zorunda kalır. Güç­
süzlüğünden dolayı çalışamadığı için utancından başını yerden kaldıramaz. Akşam 
paydos verilince Zeynep onu arabaya bindirir.)
""Osman’ım,"" dedi, ""bugün sen çok iyi çalıştın. Mustafa Ağa hakkını fazlasıyla verecek...
Osman şaşırarak : ""Verir mi ki?"" diye sordu.
""Sen çok çalıştın.""
Osman canlanır gibi oldu.
Tüm aile toplanmış, dışarda, kapının önünde yemek yiyor. Ötede araba, arabaya 
bağlı atlar. Atlar başlarını taze ota sokmuş, hışırtıyla, sanki otu sömürüyorlar. Ortalığı 
taze bir ot kokusu almış... 
Karanlık perde perde iniyor. Atların az ilerisinde de Osman. Tarladan geldiğin­
den beri dikilmiş duruyor. Sabırsız, gözü yemek yiyenlerde. Yemek yiyenler Osman’ın 
farkında değiller. Osman bekliyor. En sonunda sabrı tükenip öksürüyor. Osman dört 
dönüyor. Yerden bir çubuk alıp gürültüyle kırıyor. Yemek yiyenler oralı değil. Sonra 
Osman kırdığı çubukla tozlara daireler, çizgiler çiziyor. Çubuğu olanca gücüyle topra­
ğa sürtüyor. Çubuğun toprağa sertçe sürtülmesinden çıkan sesler... Osman muradına 
eremiyor. Yemek yiyenler konuşup gülüşüyorlar. Osman sinirleniyor. Habire çubuğu 
toprağa sürtüyor. Yaptığı çizgileri ayaklarıyla geri kapatıyor. Çubuğun ucu toprakta... 
Osman koşa koşa çubuğun etrafında dönüyor. Sonra yemek yiyenleri unutup kendini 
salt oyununa kaptırıyor... Çiziyor, çiziyor, kapatıyor.
Birden bir ses... Çubuk elinden düştü. Donakaldı. Bırakıp kaçacak, kaçamıyor.
Mustafa Ağa’nın karısı hayretle: 
""Aman,"" dedi, ""Osman! Osman bu... Gel Osman!""
Osman yerinden kımıldamıyor.
""Gel Osman’ım, otur da yemek ye!""
Osman aldırmıyor, susuyor.
""Seni anan mı gönderdi?""
Osman’ın başı yerde. Kaldırmıyor.
""Sen tarladan gelince eve gitmedin mi yoksa deli oğlan? Anan seni şimdi arar, 
merak eder.
","3. Tema: Erdemler (Osman’ın ısrarları karşısında dayamayan Zeynep, onun ata binmesine izin verir. Osman birkaç tur sonra başı dönünce attan inmek zorunda kalır. Sıcaktan ve yor­ gunluktan hastalanan Osman akşama, iş bitene kadar dinlenmek zorunda kalır. Güç­ süzlüğünden dolayı çalışamadığı için utancından başını yerden kaldıramaz. Akşam paydos verilince Zeynep onu arabaya bindirir.) ""Osman’ım,"" dedi, ""bugün sen çok iyi çalıştın. Mustafa Ağa hakkını fazlasıyla verecek... Osman şaşırarak : ""Verir mi ki?"" diye sordu. ""Sen çok çalıştın."" Osman canlanır gibi oldu. Tüm aile toplanmış, dışarda, kapının önünde yemek yiyor. Ötede araba, arabaya bağlı atlar. Atlar başlarını taze ota sokmuş, hışırtıyla, sanki otu sömürüyorlar. Ortalığı taze bir ot kokusu almış... Karanlık perde perde iniyor. Atların az ilerisinde de Osman. Tarladan geldiğin­ den beri dikilmiş duruyor. Sabırsız, gözü yemek yiyenlerde. Yemek yiyenler Osman’ın farkında değiller. Osman bekliyor. En sonunda sabrı tükenip öksürüyor. Osman dört dönüyor. Yerden bir çubuk alıp gürültüyle kırıyor. Yemek yiyenler oralı değil. Sonra Osman kırdığı çubukla tozlara daireler, çizgiler çiziyor. Çubuğu olanca gücüyle topra­ ğa sürtüyor. Çubuğun toprağa sertçe sürtülmesinden çıkan sesler... Osman muradına eremiyor. Yemek yiyenler konuşup gülüşüyorlar. Osman sinirleniyor. Habire çubuğu toprağa sürtüyor. Yaptığı çizgileri ayaklarıyla geri kapatıyor. Çubuğun ucu toprakta... Osman koşa koşa çubuğun etrafında dönüyor. Sonra yemek yiyenleri unutup kendini salt oyununa kaptırıyor... Çiziyor, çiziyor, kapatıyor. Birden bir ses... Çubuk elinden düştü. Donakaldı. Bırakıp kaçacak, kaçamıyor. Mustafa Ağa’nın karısı hayretle: ""Aman,"" dedi, ""Osman! Osman bu... Gel Osman!"" Osman yerinden kımıldamıyor. ""Gel Osman’ım, otur da yemek ye!"" Osman aldırmıyor, susuyor. ""Seni anan mı gönderdi?"" Osman’ın başı yerde. Kaldırmıyor. ""Sen tarladan gelince eve gitmedin mi yoksa deli oğlan? Anan seni şimdi arar, merak eder.",,,,
page_76,76,"76
Türkçe 8. Sınıf
Kocasına eğilip bir şeyler söyledi. Sofradakiler gülüştü.
Osman’ın içinden boyuna kaçmak geçiyor. Geçiyor ya, yerine mıhlanmış gibi.
Mustafa Ağa: ""Bakın hele şu bana, Osman’ın hakkını vermeyi unutmuşum..."" dedi, 
kesesini çıkarıp Osman’a bir yirmi beşlik uzattı. Osman kaşla göz arası parayı kaptı. 
Bir ""Alloooş..."" çekip, fırladı.
Koşa koşa eve gelip soluk soluğa anasının boynuna atıldı.
""Al!.."" dedi.
Ana, yirmi beşliği üç kez başında döndürüp dudağına götürdü.
Yaşar KEMAL, Sarı Sıcak
1. ÇALIŞMA
a. “Çalışmak” sözcüğü size ne çağrıştırmaktadır? Okuduğunuz metinden hare­
ketle aşağıdaki şemaya yazınız.
.....................................
Çalışmak
.....................................
..................................
.....................................
b. “Çalışmak” sözcüğünü aşağıda verilen anlamları ile cümle içinde kullanınız.
Bir şeyi oluşturmak veya ortaya çıkarmak için emek harcamak: ....................
....................................................................................................................................
İşi veya görevi olmak, bulunmak: .........................................................................
....................................................................................................................................
Makine veya aletler işe yarar durumda olmak veya işlemekte bulunmak: .......
....................................................................................................................................
","Türkçe 8. Sınıf Kocasına eğilip bir şeyler söyledi. Sofradakiler gülüştü. Osman’ın içinden boyuna kaçmak geçiyor. Geçiyor ya, yerine mıhlanmış gibi. Mustafa Ağa: ""Bakın hele şu bana, Osman’ın hakkını vermeyi unutmuşum..."" dedi, kesesini çıkarıp Osman’a bir yirmi beşlik uzattı. Osman kaşla göz arası parayı kaptı. Bir ""Alloooş..."" çekip, fırladı. Koşa koşa eve gelip soluk soluğa anasının boynuna atıldı. ""Al!.."" dedi. Ana, yirmi beşliği üç kez başında döndürüp dudağına götürdü. Yaşar KEMAL, Sarı Sıcak 1. ÇALIŞMA a. “Çalışmak” sözcüğü size ne çağrıştırmaktadır? Okuduğunuz metinden hare­ ketle aşağıdaki şemaya yazınız. ..................................... Çalışmak ..................................... .................................. ..................................... b. “Çalışmak” sözcüğünü aşağıda verilen anlamları ile cümle içinde kullanınız. Bir şeyi oluşturmak veya ortaya çıkarmak için emek harcamak: .................... .................................................................................................................................... İşi veya görevi olmak, bulunmak: ......................................................................... .................................................................................................................................... Makine veya aletler işe yarar durumda olmak veya işlemekte bulunmak: ....... ....................................................................................................................................",,,,
page_77,77,"77
3. Tema: Erdemler
2. ÇALIŞMA
Okuduğunuz hikâyeyi özetleyiniz.
........................................................................................................................................
..........................................................................................................................................
..........................................................................................................................................
3. ÇALIŞMA
Aşağıdaki soruları metne göre cevaplayınız.
1.
Okuduğunuz metnin konusu ve ana düşüncesi nedir?
2.
Hikâyenin kahramanları kimlerdir?
3.
Anlatılan olay hangi mekânlarda geçmektedir? Siz olsaydınız bu hikâye için nasıl
mekânlar seçerdiniz?
4.
Olayın başlangıcı ile bitişi arasında ne kadarlık bir zaman aralığı vardır?
5.
“Sarı Sıcak” hikâyesinin olay örgüsü aşağıda karışık verilmiştir. Bu hikâyedeki
olayları, oluş sırasına göre numaralandırarak olay örgüsünü düzenleyiniz.
(---) Mustafa Ağa’nın arabasının Osman’ı almaya gelmesi
(---) Osman’ın tarlaya gitmesi ancak sabahları uyanamaması
(---) Osman’ın, canla başla çalışmaya koyulması
(---) Annenin, Zeynep'e adlı ırgata Osman’ı teslim etmesi
(---) Osman’ın ancak akşam, yevmiyesini alabilmesi
(---) Paydos verilince bütün işçilerin gündeliğini alarak evine gitmesi
(---) Osman’ın yatmadan önce, annesine “kendisini kaldırmasını” sıkı sıkı tembih 
 etmesi
(---) Osman’ın yorgunluktan ve sıcaktan başının dönmesi
(---) Osman’ın ailesine katkı sağlamak için çalışmak istemesi 
(---) Mustafa Ağa’nın Osman'a parasını vermeyi unutması
(---) Osman’ın sevinçle eve koşarak parayı annesine vermesi
(---) Osman’ın güçsüzlüğünden dolayı çalışamadığı için utanması
","3. Tema: Erdemler 2. ÇALIŞMA Okuduğunuz hikâyeyi özetleyiniz. ........................................................................................................................................ .......................................................................................................................................... .......................................................................................................................................... 3. ÇALIŞMA Aşağıdaki soruları metne göre cevaplayınız. 1. Okuduğunuz metnin konusu ve ana düşüncesi nedir? 2. Hikâyenin kahramanları kimlerdir? 3. Anlatılan olay hangi mekânlarda geçmektedir? Siz olsaydınız bu hikâye için nasıl mekânlar seçerdiniz? 4. Olayın başlangıcı ile bitişi arasında ne kadarlık bir zaman aralığı vardır? 5. “Sarı Sıcak” hikâyesinin olay örgüsü aşağıda karışık verilmiştir. Bu hikâyedeki olayları, oluş sırasına göre numaralandırarak olay örgüsünü düzenleyiniz. (---) Mustafa Ağa’nın arabasının Osman’ı almaya gelmesi (---) Osman’ın tarlaya gitmesi ancak sabahları uyanamaması (---) Osman’ın, canla başla çalışmaya koyulması (---) Annenin, Zeynep'e adlı ırgata Osman’ı teslim etmesi (---) Osman’ın ancak akşam, yevmiyesini alabilmesi (---) Paydos verilince bütün işçilerin gündeliğini alarak evine gitmesi (---) Osman’ın yatmadan önce, annesine “kendisini kaldırmasını” sıkı sıkı tembih etmesi (---) Osman’ın yorgunluktan ve sıcaktan başının dönmesi (---) Osman’ın ailesine katkı sağlamak için çalışmak istemesi (---) Mustafa Ağa’nın Osman'a parasını vermeyi unutması (---) Osman’ın sevinçle eve koşarak parayı annesine vermesi (---) Osman’ın güçsüzlüğünden dolayı çalışamadığı için utanması",,,,
page_78,78,"78
Türkçe 8. Sınıf
6.
Hikâyenin ana kahramanı Osman için aşağıdakilerden hangisi söylenemez?
A) Zayıf ve çelimsiz bir çocuk olduğu
B) Çalışmayı çok isteyen biri olduğu
C) Bir fabrikada işe girerek ailesine destek olduğu
D) Annesine sevgiyle bağlı olduğu
Hikâye (Öykü)
Yaşanmış veya yaşanma olasılığı bulunan olayları kişilere bağlı olarak belli 
bir yer ve zaman içerisinde anlatan kısa yazılara hikâye denir. Her hikâyede 
anlatılanlar bir anlatıcı tarafından aktarılır. Bu kişi kimi zaman kişi kadrosunun 
dışında biridir. Kimi zaman da kahramanlardan biri de olabilir. Hikâye ya 
birinci tekil kişinin ağzından ya da üçüncü tekil kişinin ağzından anlatılır. 
Birinci tekil kişi olayın içindedir. Üçüncü kişi ise olaya gözlemci, tanık olarak 
katılır.
Hikâyenin Unsurları:
a. Kişiler: Hikâyede anlatılan olayları veya durumları yaşayan kişilerdir.
Hikâyede kişi sayısı azdır. 
b. Olay: Hikâye kişilerinin başından geçenlere olay denir. Hikâyede tek bir
olay ele alınır. Bazen bu temel olaya bağlı küçük çaplı yan olaylar da olabilir. Ele 
alınan olayların gelişiminde mantıksal bir sıra izlenir.
c. Zaman: Hikâyede ele alınan olayın başladığı ve bittiği bir zaman dilimi
mutlaka vardır. Olayların başlaması ile bitmesi arasındaki sürece zaman denir. 
Olaylar bu zaman dilimi içerisinde gerçekleşir. 
ç. Yer: Hikâyede ele alınan olay belli bir yerde (mekânda) geçer. Bu yer, 
okul, hastane, bahçe, sokak vb. olabilir. Hikâyede yer ya da çevre, betimlemelerle 
tanıtılır ve kısa tutulur, ayrıntılara girilmez.
BİLGİ KUTUSU
","Türkçe 8. Sınıf 6. Hikâyenin ana kahramanı Osman için aşağıdakilerden hangisi söylenemez? A) Zayıf ve çelimsiz bir çocuk olduğu B) Çalışmayı çok isteyen biri olduğu C) Bir fabrikada işe girerek ailesine destek olduğu D) Annesine sevgiyle bağlı olduğu Hikâye (Öykü) Yaşanmış veya yaşanma olasılığı bulunan olayları kişilere bağlı olarak belli bir yer ve zaman içerisinde anlatan kısa yazılara hikâye denir. Her hikâyede anlatılanlar bir anlatıcı tarafından aktarılır. Bu kişi kimi zaman kişi kadrosunun dışında biridir. Kimi zaman da kahramanlardan biri de olabilir. Hikâye ya birinci tekil kişinin ağzından ya da üçüncü tekil kişinin ağzından anlatılır. Birinci tekil kişi olayın içindedir. Üçüncü kişi ise olaya gözlemci, tanık olarak katılır. Hikâyenin Unsurları: a. Kişiler: Hikâyede anlatılan olayları veya durumları yaşayan kişilerdir. Hikâyede kişi sayısı azdır. b. Olay: Hikâye kişilerinin başından geçenlere olay denir. Hikâyede tek bir olay ele alınır. Bazen bu temel olaya bağlı küçük çaplı yan olaylar da olabilir. Ele alınan olayların gelişiminde mantıksal bir sıra izlenir. c. Zaman: Hikâyede ele alınan olayın başladığı ve bittiği bir zaman dilimi mutlaka vardır. Olayların başlaması ile bitmesi arasındaki sürece zaman denir. Olaylar bu zaman dilimi içerisinde gerçekleşir. ç. Yer: Hikâyede ele alınan olay belli bir yerde (mekânda) geçer. Bu yer, okul, hastane, bahçe, sokak vb. olabilir. Hikâyede yer ya da çevre, betimlemelerle tanıtılır ve kısa tutulur, ayrıntılara girilmez. BİLGİ KUTUSU",,,,
page_79,79,"79
3. Tema: Erdemler
4. ÇALIŞMA
“Sarı Sıcak” adlı hikâyenin unsurlarını aşağıdaki tabloda ilgili yerlere yazınız.
Hikâyenin Unsurları
Kişi
Yer 
Olay
Zaman
Anlatıcı
5. ÇALIŞMA
Aşağıdaki soruları cevaplayarak metnin içeriğini yorumlayınız.
a. Yazarın olaylara bakış açısı nedir?
..........................................................................................................................................
..........................................................................................................................................
b. Metindeki öznel ve nesnel yaklaşımların tespit ediniz.
..........................................................................................................................................
..........................................................................................................................................
",3. Tema: Erdemler 4. ÇALIŞMA “Sarı Sıcak” adlı hikâyenin unsurlarını aşağıdaki tabloda ilgili yerlere yazınız. Hikâyenin Unsurları Kişi Yer Olay Zaman Anlatıcı 5. ÇALIŞMA Aşağıdaki soruları cevaplayarak metnin içeriğini yorumlayınız. a. Yazarın olaylara bakış açısı nedir? .......................................................................................................................................... .......................................................................................................................................... b. Metindeki öznel ve nesnel yaklaşımların tespit ediniz. .......................................................................................................................................... ..........................................................................................................................................,,,,
page_80,80,"80
Türkçe 8. Sınıf
6. ÇALIŞMA
Aşağıdaki parçayı okuyarak metnin sonunda boş bırakılan yeri doldurunuz.
Merhaba Ben Eylül. 8. sekizinci sınıf öğrencisiyim. Çocuk hakları üzerine bir araş­
tırma yapıyorum. Bu konuda çeşitli kaynaklarla birlikte “Sarı Sıcak” hikâyesini büyük 
bir zevkle okudum. Bu hikâyede yazar ülkemizde çalışmak zorunda kalan veya zorla 
çalıştırılan bir çocuğun öyküsünü gerçekçi ve doğal bir anlatımla ele almış. 
Çocukların çalışmak zorunda kalması günümüzde de önemli bir problem olarak 
karşımıza çıkıyor. “Çocuk Haklarına Dair Sözleşmesi”ne göre her çocuğun “yaşama 
ve gelişme hakkı, sağlık hizmetlerine erişim hakkı, eğitime erişim hakkı, sosyal gü­
venlik hizmetlerine erişim hakkı, insana yakışır bir yaşam standardına erişim hakkı, 
eğlence, dinlenme ve kültürel etkinlikler için zamana sahip olma hakkı, ekonomik 
sömürüden korunma hakkı” gibi hakları vardır. Ülkemizdeki bu sosyal problemin ne­
denlerini araştırdım ve bu sorunla ilgili şu çözüm yollarının olabileceğini düşündüm:
Nedenleri:
1.
...............................................................................................................................
2.
...............................................................................................................................
3.
...............................................................................................................................
4.
..............................................................................................................................
Çözüm yolları:
1.
...............................................................................................................................
2.
...............................................................................................................................
3.
...............................................................................................................................
4.
..............................................................................................................................
","Türkçe 8. Sınıf 6. ÇALIŞMA Aşağıdaki parçayı okuyarak metnin sonunda boş bırakılan yeri doldurunuz. Merhaba Ben Eylül. 8. sekizinci sınıf öğrencisiyim. Çocuk hakları üzerine bir araş­ tırma yapıyorum. Bu konuda çeşitli kaynaklarla birlikte “Sarı Sıcak” hikâyesini büyük bir zevkle okudum. Bu hikâyede yazar ülkemizde çalışmak zorunda kalan veya zorla çalıştırılan bir çocuğun öyküsünü gerçekçi ve doğal bir anlatımla ele almış. Çocukların çalışmak zorunda kalması günümüzde de önemli bir problem olarak karşımıza çıkıyor. “Çocuk Haklarına Dair Sözleşmesi”ne göre her çocuğun “yaşama ve gelişme hakkı, sağlık hizmetlerine erişim hakkı, eğitime erişim hakkı, sosyal gü­ venlik hizmetlerine erişim hakkı, insana yakışır bir yaşam standardına erişim hakkı, eğlence, dinlenme ve kültürel etkinlikler için zamana sahip olma hakkı, ekonomik sömürüden korunma hakkı” gibi hakları vardır. Ülkemizdeki bu sosyal problemin ne­ denlerini araştırdım ve bu sorunla ilgili şu çözüm yollarının olabileceğini düşündüm: Nedenleri: 1. ............................................................................................................................... 2. ............................................................................................................................... 3. ............................................................................................................................... 4. .............................................................................................................................. Çözüm yolları: 1. ............................................................................................................................... 2. ............................................................................................................................... 3. ............................................................................................................................... 4. ..............................................................................................................................",,,,
page_81,81,"81
3. Tema: Erdemler
7. ÇALIŞMA
Çukurova bölgesinde çalışan tarım işçilerinin yaşamını, çalışma koşullarını Genel
Ağ’dan araştırınız. Elde ettiğiniz sonuçlardan hareketle Yaşar Kemal’in bu bölge insa­
nını gerçek yaşamını hikâyesinde nasıl kurguladığını belirleyiniz. “Sarı Sıcak” hikâye­
sindeki gerçek ve kurgusal unsurları aşağıdaki tabloya yazınız.
Gerçek Unsurlar
Kurgusal Unsurlar
8. ÇALIŞMA
“Sarı Sıcak”  hikâyesi ile “Oğuz Kağan” destanını aşağıdaki tabloda verilen öl­
çütlere göre karşılaştırınız. 
Ölçütler
Sarı Sıcak
Oğuz Kağan
Konu 
Anlatım biçimi
Gerçeklik/olağanüstülük
Zaman 
Mekân
","3. Tema: Erdemler 7. ÇALIŞMA Çukurova bölgesinde çalışan tarım işçilerinin yaşamını, çalışma koşullarını Genel Ağ’dan araştırınız. Elde ettiğiniz sonuçlardan hareketle Yaşar Kemal’in bu bölge insa­ nını gerçek yaşamını hikâyesinde nasıl kurguladığını belirleyiniz. “Sarı Sıcak” hikâye­ sindeki gerçek ve kurgusal unsurları aşağıdaki tabloya yazınız. Gerçek Unsurlar Kurgusal Unsurlar 8. ÇALIŞMA “Sarı Sıcak” hikâyesi ile “Oğuz Kağan” destanını aşağıdaki tabloda verilen öl­ çütlere göre karşılaştırınız. Ölçütler Sarı Sıcak Oğuz Kağan Konu Anlatım biçimi Gerçeklik/olağanüstülük Zaman Mekân",,,,
page_82,82,"82
Türkçe 8. Sınıf
1. Yüklem Eksikliğinden Doğan Anlatım Bozuklukları
Birleşik yapılı cümlelerde tek yüklem kullanılabilir. Ancak özneler ya da
tümleçler ile yüklem arasında bütünlük sağlanamazsa anlatım bozukluğu ortaya 
çıkar. 
ÖRNEK
Yanlış: Eylül sinemaya gidiyordu, biz de tiyatroya. 
Doğru: Eylül sinemaya gidiyordu, biz de tiyatroya gidiyorduk.
Yukarıdaki cümlede anlamca olumlu ve olumsuz iki cümleyi aynı yükleme 
bağlandığı için anlatım bozukluğu oluşmuştur.
ÖRNEK
Yanlış: Yazları suyu çok, meyve suyunu hiç içerim.  
Doğru: Yazları suyu çok içerim, meyve suyunu hiç içmem.  
2. Özne-Yüklem Uyuşmazlığından Kaynaklanan Anlatım Bozukluğu
Cümlenin temel ögeleri olan özne ile yüklem arasında “tekillik-çoğulluk”,
“kişi” ve “olumluluk-olumsuzluk” yönünden uyum olması gerekir. Özne ile 
yüklem arasında bu uyumun olmaması anlatım bozukluğuna neden olur.
BİLGİ KUTUSU
Dil Bilgisi Yönünden Anlatım Bozuklukları
Sosyal bir varlık olan insan içinde yaşadığı çevredeki diğer insanlarla sürekli 
iletişim hâlindedir. İletişimin giderek önem kazandığı günümüzde dili doğru ve 
güzel kullanmak daha önemli hâle gelmiştir. 
Duygu, düşünce ve hayaller dile getirilirken noktalama işaretlerine, yazım 
kurallarına ve dil bilgisi kurallarına dikkat edilmesi gerekir. Cümlelerin doğru 
ve kurallı kurulması, cümleyi oluşturan sözcükler arasında anlam ve şekil 
yönünden uyum ve bağlantı olması gerekir. Ancak kimi zaman dilin yanlış 
kullanılmasından kaynaklanan dil yanlışlıkları yapılmaktadır. Bu yanlışlıklara 
“anlatım bozukluğu” denir. Bu yanlışlıklar kimi zaman anlam yönünden kimi 
zaman da dil bilgisi yönünden yapılır. Bunlar farklı başlıklar altında toplanır. Dil 
bilgisi yönünden kaynaklanan belli başlı anlatım bozuklukları şunlardır:
","Türkçe 8. Sınıf 1. Yüklem Eksikliğinden Doğan Anlatım Bozuklukları Birleşik yapılı cümlelerde tek yüklem kullanılabilir. Ancak özneler ya da tümleçler ile yüklem arasında bütünlük sağlanamazsa anlatım bozukluğu ortaya çıkar. ÖRNEK Yanlış: Eylül sinemaya gidiyordu, biz de tiyatroya. Doğru: Eylül sinemaya gidiyordu, biz de tiyatroya gidiyorduk. Yukarıdaki cümlede anlamca olumlu ve olumsuz iki cümleyi aynı yükleme bağlandığı için anlatım bozukluğu oluşmuştur. ÖRNEK Yanlış: Yazları suyu çok, meyve suyunu hiç içerim. Doğru: Yazları suyu çok içerim, meyve suyunu hiç içmem. 2. Özne-Yüklem Uyuşmazlığından Kaynaklanan Anlatım Bozukluğu Cümlenin temel ögeleri olan özne ile yüklem arasında “tekillik-çoğulluk”, “kişi” ve “olumluluk-olumsuzluk” yönünden uyum olması gerekir. Özne ile yüklem arasında bu uyumun olmaması anlatım bozukluğuna neden olur. BİLGİ KUTUSU Dil Bilgisi Yönünden Anlatım Bozuklukları Sosyal bir varlık olan insan içinde yaşadığı çevredeki diğer insanlarla sürekli iletişim hâlindedir. İletişimin giderek önem kazandığı günümüzde dili doğru ve güzel kullanmak daha önemli hâle gelmiştir. Duygu, düşünce ve hayaller dile getirilirken noktalama işaretlerine, yazım kurallarına ve dil bilgisi kurallarına dikkat edilmesi gerekir. Cümlelerin doğru ve kurallı kurulması, cümleyi oluşturan sözcükler arasında anlam ve şekil yönünden uyum ve bağlantı olması gerekir. Ancak kimi zaman dilin yanlış kullanılmasından kaynaklanan dil yanlışlıkları yapılmaktadır. Bu yanlışlıklara “anlatım bozukluğu” denir. Bu yanlışlıklar kimi zaman anlam yönünden kimi zaman da dil bilgisi yönünden yapılır. Bunlar farklı başlıklar altında toplanır. Dil bilgisi yönünden kaynaklanan belli başlı anlatım bozuklukları şunlardır:",,,,
page_83,83,"83
3. Tema: Erdemler
A. Tekillik-Çoğulluk Yönünden
Bir cümlede özne tekilse yüklem de her zaman tekil olur. Ancak özne çoğul
soyut bir kavram, organ adı, bitki ve hayvan adı, cansız bir varlık da olsa  yük-
lem her zaman tekil olur.
ÖRNEK
+ Zorluklar ona engel oldu.
+ Dalgalar bir bir kıyıya vuruyordu.
+ Kadının kolları yanmıştı.
+ Ovalar yemyeşil olmuş.
+ Kediler sobanın karşısında uyuyor.	 +  Günler, çabuk geçiyor.
Bu cümlelerde yüklemler çoğul olsaydı anlatım bozukluğu meydana gelir-
di. Bu yüzden yüklemler tekil olarak çekimlenmiştir.
İnsan adları çoğul özne olarak kullanıldığı cümlelerde yüklem tekil de ço-
ğul da olabilir.
ÖRNEK
+ İşçiler mesaiye başladı/başladılar.
+ Memurlar yemek arasına çıktı/çıktılar.
Bir topluluk adının özne olduğu cümlelerde yüklem tekil olur.
ÖRNEK
+ Sınıf, sessizce soruları çözüyordu.
+ Türk ordusu her türlü zorluğa göğüs gerer.
B. Kişi Yönünden
Bir cümlede özne ve yüklem aşağıdaki örneklerde olduğu gibi kişi bakı-
mından birbiri ile uyumlu olmalıdır.
ÖRNEK
+ Ben, sen ve Ayşe tatile gidiyoruz.
+ Ayşe ve sen gidiyorsunuz.
+ Ben tatile gidiyorum.
+ Sen tatile gidiyorsun.
+ O, tatile gidiyor.
+ Ayşe, Ahmet ve Zerrin tatile gidiyor.
","3. Tema: Erdemler A. Tekillik-Çoğulluk Yönünden Bir cümlede özne tekilse yüklem de her zaman tekil olur. Ancak özne çoğul soyut bir kavram, organ adı, bitki ve hayvan adı, cansız bir varlık da olsa yük- lem her zaman tekil olur. ÖRNEK + Zorluklar ona engel oldu. + Dalgalar bir bir kıyıya vuruyordu. + Kadının kolları yanmıştı. + Ovalar yemyeşil olmuş. + Kediler sobanın karşısında uyuyor. + Günler, çabuk geçiyor. Bu cümlelerde yüklemler çoğul olsaydı anlatım bozukluğu meydana gelir- di. Bu yüzden yüklemler tekil olarak çekimlenmiştir. İnsan adları çoğul özne olarak kullanıldığı cümlelerde yüklem tekil de ço- ğul da olabilir. ÖRNEK + İşçiler mesaiye başladı/başladılar. + Memurlar yemek arasına çıktı/çıktılar. Bir topluluk adının özne olduğu cümlelerde yüklem tekil olur. ÖRNEK + Sınıf, sessizce soruları çözüyordu. + Türk ordusu her türlü zorluğa göğüs gerer. B. Kişi Yönünden Bir cümlede özne ve yüklem aşağıdaki örneklerde olduğu gibi kişi bakı- mından birbiri ile uyumlu olmalıdır. ÖRNEK + Ben, sen ve Ayşe tatile gidiyoruz. + Ayşe ve sen gidiyorsunuz. + Ben tatile gidiyorum. + Sen tatile gidiyorsun. + O, tatile gidiyor. + Ayşe, Ahmet ve Zerrin tatile gidiyor.",,,,
page_84,84,"84
Türkçe 8. Sınıf
c. Olumluluk-olumsuzluk yönünden
Olumlu bir cümlenin öznesi ile olumsuz bir cümlenin öznesini ortak kul-
lanmak anlatım bozukluğuna yol açar. 
Yanlış: Kimse onu tanımıyor, burada arıyor. 
Doğru: Kimse onu tanımıyor, herkes burada arıyor.
3. Özne, Tümleç, Nesne Yanlışlığından Doğan Anlatım Bozuklukları
Özne bulunması gereken bir cümlede bu ögeyi kullanmamak anlatım bo-
zukluğuna neden olur.  
ÖRNEK
“Kültür merkezinin inşaatı bitirildi ve açıldı.” cümlesinde özne ortak kulla-
nıldığı için “Kültür merkezinin inşaatı açıldı.” şeklinde yanlış bir kullanım or-
taya çıkmaktadır. Bu yüzden bağlaçtan sonra bir özne gerekmektedir. “Kültür 
merkezi” sözcük grubu özne olarak getirilerek “Kültür merkezi açıldı.” şeklinde 
cümlenin doğrusu oluşturulmalıdır. Böylece anlatım bozukluğu giderilebilir. 
ÖRNEK
“Bu işe hiç alışamadın bu yüzden yapmadın.” cümlesinde nesne kullanıl-
maması anlatım bozukluğuna neden olmuştur. 
 ÖRNEK
Halamları gördük ve bir gece kaldık.
Bu cümlede dolaylı tümleç (halamlarda) kullanılmaması anlatım bozuklu-
ğuna neden olmuştur. 
4. Tamlama Yanlışları
İsim tamlamalarında “tamlayan görevindeki sözcüğün kullanılmaması”,
“tamlama ekinin eksik ya da gereksiz kullanılması” ve “tamlayan ile tamlana-
nın birbirine uymaması” anlatım bozukluğuna neden olur.
","Türkçe 8. Sınıf c. Olumluluk-olumsuzluk yönünden Olumlu bir cümlenin öznesi ile olumsuz bir cümlenin öznesini ortak kul- lanmak anlatım bozukluğuna yol açar. Yanlış: Kimse onu tanımıyor, burada arıyor. Doğru: Kimse onu tanımıyor, herkes burada arıyor. 3. Özne, Tümleç, Nesne Yanlışlığından Doğan Anlatım Bozuklukları Özne bulunması gereken bir cümlede bu ögeyi kullanmamak anlatım bo- zukluğuna neden olur. ÖRNEK “Kültür merkezinin inşaatı bitirildi ve açıldı.” cümlesinde özne ortak kulla- nıldığı için “Kültür merkezinin inşaatı açıldı.” şeklinde yanlış bir kullanım or- taya çıkmaktadır. Bu yüzden bağlaçtan sonra bir özne gerekmektedir. “Kültür merkezi” sözcük grubu özne olarak getirilerek “Kültür merkezi açıldı.” şeklinde cümlenin doğrusu oluşturulmalıdır. Böylece anlatım bozukluğu giderilebilir. ÖRNEK “Bu işe hiç alışamadın bu yüzden yapmadın.” cümlesinde nesne kullanıl- maması anlatım bozukluğuna neden olmuştur. ÖRNEK Halamları gördük ve bir gece kaldık. Bu cümlede dolaylı tümleç (halamlarda) kullanılmaması anlatım bozuklu- ğuna neden olmuştur. 4. Tamlama Yanlışları İsim tamlamalarında “tamlayan görevindeki sözcüğün kullanılmaması”, “tamlama ekinin eksik ya da gereksiz kullanılması” ve “tamlayan ile tamlana- nın birbirine uymaması” anlatım bozukluğuna neden olur.",,,,
page_85,85,"85
3. Tema: Erdemler
ÖRNEK
“Köpeğini evde bulamamış.” cümlesinde köpeğin kime ait olduğu belirsiz-
dir. Bu belirsiz gidermek için tamalamanın başına tamlayan olarak onun ya da 
senin sözcüklerinden getirilmelidir. Böylece anlatım bozukluğu giderilebilir. 
ÖRNEK
Celal, sınıfımızın temsilci ve başkanıdır.” cümlesindeki tamlama “sınıfımı-
zın temsilcisi ve başkanı” şeklinde düzenlenmelidir. Böylece anlatım bozuklu-
ğu giderilebilir. 
ÖRNEK
“Özel ve devlet okulları aynı müfredattan sınava girecekler.” cümlesinde 
“özel ve devlet okulları” şeklindeki tamlama “özel okullar ve devlet okulları” 
şeklinde olmalıdır. Böylece anlatım bozukluğu giderilebilir. 
Çatı Uyuşmazlığı
Birden fazla yüklemin olduğu cümlelerde aynı özneyi alan yüklemlerin her 
ikisi de etken veya her ikisi de edilgen olmalıdır. Bu durum fiilimsiler arasında 
da olmalıdır. Yoksa anlatım bozukluğu ortaya çıkar.
ÖRNEK
“Konular iyice kavrayarak tekrar edilmelidir.” cümlesindeki fiilimsi ile 
yüklemler arasında çatı uyuşmazlığı vardır. Bu uyuşmazlığı ortadan kaldırmak 
için  “kavrayarak” fiilimsisi “kavranarak” şeklinde olmalıdır. Cümlenin doğ-
rusu “Konular iyice kavranarak tekrar edilmelidir.” olarak düzenlenmektedir.
Noktalama (Virgül) Eksikliği
Kimi cümlelerde özne görevindeki sözcükten sonra virgül kullanılmaması 
cümlede tamlama varmış gibi düşünülmesine neden olur. Bu durum anlam 
belirsizliğine yol açtığı için anlatım bozukluğuna neden olur.
ÖRNEK
“Genç adamı eve kadar götürdü.” cümlesindeki anlam belirsizliğini gider-
mek için “özne”den (Genç) sonra virgül getirilerek “Genç, adamı eve kadar 
götürdü.” şeklinde oluşturulmalıdır.
","3. Tema: Erdemler ÖRNEK “Köpeğini evde bulamamış.” cümlesinde köpeğin kime ait olduğu belirsiz- dir. Bu belirsiz gidermek için tamalamanın başına tamlayan olarak onun ya da senin sözcüklerinden getirilmelidir. Böylece anlatım bozukluğu giderilebilir. ÖRNEK Celal, sınıfımızın temsilci ve başkanıdır.” cümlesindeki tamlama “sınıfımı- zın temsilcisi ve başkanı” şeklinde düzenlenmelidir. Böylece anlatım bozuklu- ğu giderilebilir. ÖRNEK “Özel ve devlet okulları aynı müfredattan sınava girecekler.” cümlesinde “özel ve devlet okulları” şeklindeki tamlama “özel okullar ve devlet okulları” şeklinde olmalıdır. Böylece anlatım bozukluğu giderilebilir. Çatı Uyuşmazlığı Birden fazla yüklemin olduğu cümlelerde aynı özneyi alan yüklemlerin her ikisi de etken veya her ikisi de edilgen olmalıdır. Bu durum fiilimsiler arasında da olmalıdır. Yoksa anlatım bozukluğu ortaya çıkar. ÖRNEK “Konular iyice kavrayarak tekrar edilmelidir.” cümlesindeki fiilimsi ile yüklemler arasında çatı uyuşmazlığı vardır. Bu uyuşmazlığı ortadan kaldırmak için “kavrayarak” fiilimsisi “kavranarak” şeklinde olmalıdır. Cümlenin doğ- rusu “Konular iyice kavranarak tekrar edilmelidir.” olarak düzenlenmektedir. Noktalama (Virgül) Eksikliği Kimi cümlelerde özne görevindeki sözcükten sonra virgül kullanılmaması cümlede tamlama varmış gibi düşünülmesine neden olur. Bu durum anlam belirsizliğine yol açtığı için anlatım bozukluğuna neden olur. ÖRNEK “Genç adamı eve kadar götürdü.” cümlesindeki anlam belirsizliğini gider- mek için “özne”den (Genç) sonra virgül getirilerek “Genç, adamı eve kadar götürdü.” şeklinde oluşturulmalıdır.",,,,
page_86,86,"86
Türkçe 8. Sınıf
8. ÇALIŞMA
Aşağıdaki cümlelerdeki anlatım bozukluklarının nedenini ilgili boşluklara ya­
zınız.
Cümleler
Anlatım Bozukluğunun Nedeni
a.
Ali saat 5’te, ben 6’da işten çıkıyorum.
b.
Yaşlı kadına seslendi.
c.
Arkadaşını çok iyi tanırım.
ç. Babamın izni bitti, salı günü göreve 
başlayacak.
d.
Ona asla gitmiyoruz, hiç görmüyo­
ruz.
e.
Başkanın düşüncelerini bilmek, ya­
rarlanmak istiyoruz.
f.
Yarışmada bizim okul başarılı, arka­
daşımın okulu  başarısız oldu.
g.
Halk olaylar karşısında sakin kaldı­
lar.
h.
O günden sonra hayallerim çok de­
ğiştiler.
ı. 
Ben ve sen tiyataroya gideceksiniz.
","Türkçe 8. Sınıf 8. ÇALIŞMA Aşağıdaki cümlelerdeki anlatım bozukluklarının nedenini ilgili boşluklara ya­ zınız. Cümleler Anlatım Bozukluğunun Nedeni a. Ali saat 5’te, ben 6’da işten çıkıyorum. b. Yaşlı kadına seslendi. c. Arkadaşını çok iyi tanırım. ç. Babamın izni bitti, salı günü göreve başlayacak. d. Ona asla gitmiyoruz, hiç görmüyo­ ruz. e. Başkanın düşüncelerini bilmek, ya­ rarlanmak istiyoruz. f. Yarışmada bizim okul başarılı, arka­ daşımın okulu başarısız oldu. g. Halk olaylar karşısında sakin kaldı­ lar. h. O günden sonra hayallerim çok de­ ğiştiler. ı. Ben ve sen tiyataroya gideceksiniz.",,,,
page_87,87,"87
3. Tema: Erdemler
Hazırlık 
1. Adalet ilgili en beğendiğiniz söz nedir?
2. Adaletin olmadığı bir toplumda hangi sorunlar ortaya çıkar?
Aşağıdaki metni türünün özelliklerine uygun biçimde okuyunuz.
HINK DAVASI
Hoca, geçimden âciz kalmış, 
Konya hâkimine başvurarak bir 
kadılık istemiş. Hâkim, her taraf­
ta kadı var, boş kadılık yok de­
miş. Hoca, gölge kadısı yap beni. 
Halledilemeyen acayip davaları 
bana yollarsın der. Bu söz, hâki­
min hoşuna gider. Hadi der, seni 
gölge kadısı yaptım, işte şu oda 
da, senin odan olsun. 
Hoca, odasına gider, kurulur. 
Önüne de bir çekmece ve yazı takımıyla kâğıtlar kor. Her gün zamanında vazifesine 
gelir, akşamleyin evine gider. Günün birinde bir adam, bir başkasının yakasına ya­
pışmış, hâkimin huzuruna çıkar. Der ki: Bu adam, odun kesiyordu, ben, her baltayı 
vuruşunda bir kere hınk dedim, işi bitince bu hınk deyip ona kuvvet vermeme karşılık 
hakkımı istedim, vermiyor.
Hâkim, bu saçma davayı reddedip herifi kovmayı düşünürken aklına gölge kadısı 
gelir. Şu karşıki odada gölge kadısı vardır, bu çeşit davalara o bakar, oraya gidin der. 
Kendisi de kalkıp arkalarından gider, kapı yanından davayı seyre koyulur.
İki hasım, Hoca'nın huzuruna girerler. Davacı, davasını anlatır. Hoca, doğru der, 
hakkın var. Öbürüne döner ne diye vermiyorsun adamcağızın hakkını der. Adam, 
aman efendi hazretleri, hınk demeye para verilir mi der. Hoca, elbette verilir der. Ya­
nındaki memura, tez bana bir akçe tahtası getir der. Memur, tahtayı getirir. Hoca, 
oduncudan, odun kesmeye karşılık aldığı paraları ister, alır; birer birer tahtanın, üs­
tüne atıp sayar, sonra hepsini, oduncuya verir, hadi der, sen paralarını al. Öbürüne 
döner, sen de paraların sesini duydun ya sesini al git.
Nasrettin Hoca 
haz. Pertev Naili Boratav
","3. Tema: Erdemler Hazırlık 1. Adalet ilgili en beğendiğiniz söz nedir? 2. Adaletin olmadığı bir toplumda hangi sorunlar ortaya çıkar? Aşağıdaki metni türünün özelliklerine uygun biçimde okuyunuz. HINK DAVASI Hoca, geçimden âciz kalmış, Konya hâkimine başvurarak bir kadılık istemiş. Hâkim, her taraf­ ta kadı var, boş kadılık yok de­ miş. Hoca, gölge kadısı yap beni. Halledilemeyen acayip davaları bana yollarsın der. Bu söz, hâki­ min hoşuna gider. Hadi der, seni gölge kadısı yaptım, işte şu oda da, senin odan olsun. Hoca, odasına gider, kurulur. Önüne de bir çekmece ve yazı takımıyla kâğıtlar kor. Her gün zamanında vazifesine gelir, akşamleyin evine gider. Günün birinde bir adam, bir başkasının yakasına ya­ pışmış, hâkimin huzuruna çıkar. Der ki: Bu adam, odun kesiyordu, ben, her baltayı vuruşunda bir kere hınk dedim, işi bitince bu hınk deyip ona kuvvet vermeme karşılık hakkımı istedim, vermiyor. Hâkim, bu saçma davayı reddedip herifi kovmayı düşünürken aklına gölge kadısı gelir. Şu karşıki odada gölge kadısı vardır, bu çeşit davalara o bakar, oraya gidin der. Kendisi de kalkıp arkalarından gider, kapı yanından davayı seyre koyulur. İki hasım, Hoca'nın huzuruna girerler. Davacı, davasını anlatır. Hoca, doğru der, hakkın var. Öbürüne döner ne diye vermiyorsun adamcağızın hakkını der. Adam, aman efendi hazretleri, hınk demeye para verilir mi der. Hoca, elbette verilir der. Ya­ nındaki memura, tez bana bir akçe tahtası getir der. Memur, tahtayı getirir. Hoca, oduncudan, odun kesmeye karşılık aldığı paraları ister, alır; birer birer tahtanın, üs­ tüne atıp sayar, sonra hepsini, oduncuya verir, hadi der, sen paralarını al. Öbürüne döner, sen de paraların sesini duydun ya sesini al git. Nasrettin Hoca haz. Pertev Naili Boratav",,,,
page_88,88,"88
Türkçe 8. Sınıf
1. ÇALIŞMA
“Âciz kalmak”, “aklına gelmek” ve “yakasına yapışmak” sözleri size ne çağrıştır­
maktadır? Okuduğunuz metinden hareketle bu deyimlerin anlamlarını tahmin 
ediniz. Tahminlerinizin doğruluğunu “Atasözleri ve Deyimler” sözlüğünden 
kontrol ediniz. 
2. ÇALIŞMA
Aşağıdaki soruları metne göre cevaplayınız.
1.
Nasrettin Hoca, niçin kadıya başvurmuştur?
2.
Kadı, Nasrettin Hoca’ya nasıl bir görev verir?
3.
Anlatılan fıkra nerede geçmektedir?
4.
Davacı adam, Kadı’ya kimden şikâyetçi olmuştur? Şikâyetinin sebebi nedir?
5.
Nasrettin Hoca, davaya konu olan soruna nasıl bir çözüm üretmiştir? Siz
olsaydınız nasıl bir karar verirdiniz?
6.
Okuduğunuz fıkranın ana düşüncesi ve yardımcı düşünceleri nelerdir? Aşağıdaki
ilgili alana yazınız.
Ana Düşünce
Yardımcı Düşünceler
7.
“Hınk Davası” adlı fıkrada yaşanan durum yaşadığınız çevrede    yaşanabilir mi?
Siz olsaydınız davacı olur muydunuz?
8.
Nasrettin Hoca nasıl bir kişiliğe sahiptir? Okuduğunuz fıkradan hareketle
cevaplayınız.
9.
Fıkra türündeki metinler günümüze nasıl ulaşmıştır? Fıkraların sosyal hayattaki 
işlevi nedir?
3. ÇALIŞMA
Adaletle ilgili atasözü, hadis ya da ayet bularak bunların anlamını karşılarına
yazınız. 
Sözler
Anlamı
","Türkçe 8. Sınıf 1. ÇALIŞMA “Âciz kalmak”, “aklına gelmek” ve “yakasına yapışmak” sözleri size ne çağrıştır­ maktadır? Okuduğunuz metinden hareketle bu deyimlerin anlamlarını tahmin ediniz. Tahminlerinizin doğruluğunu “Atasözleri ve Deyimler” sözlüğünden kontrol ediniz. 2. ÇALIŞMA Aşağıdaki soruları metne göre cevaplayınız. 1. Nasrettin Hoca, niçin kadıya başvurmuştur? 2. Kadı, Nasrettin Hoca’ya nasıl bir görev verir? 3. Anlatılan fıkra nerede geçmektedir? 4. Davacı adam, Kadı’ya kimden şikâyetçi olmuştur? Şikâyetinin sebebi nedir? 5. Nasrettin Hoca, davaya konu olan soruna nasıl bir çözüm üretmiştir? Siz olsaydınız nasıl bir karar verirdiniz? 6. Okuduğunuz fıkranın ana düşüncesi ve yardımcı düşünceleri nelerdir? Aşağıdaki ilgili alana yazınız. Ana Düşünce Yardımcı Düşünceler 7. “Hınk Davası” adlı fıkrada yaşanan durum yaşadığınız çevrede yaşanabilir mi? Siz olsaydınız davacı olur muydunuz? 8. Nasrettin Hoca nasıl bir kişiliğe sahiptir? Okuduğunuz fıkradan hareketle cevaplayınız. 9. Fıkra türündeki metinler günümüze nasıl ulaşmıştır? Fıkraların sosyal hayattaki işlevi nedir? 3. ÇALIŞMA Adaletle ilgili atasözü, hadis ya da ayet bularak bunların anlamını karşılarına yazınız. Sözler Anlamı",,,,
page_89,89,"89
3. Tema: Erdemler
4. ÇALIŞMA
Okuduğunuz “Hınk Davası” adlı fıkranın içeriği ile ilgili iki soru yazınız.
1. ...............................................................................................................................
2. ...............................................................................................................................
5. ÇALIŞMA
Aşağıdaki soruları cevaplayarak metnin içeriğini yorumlayınız.
a. Nasretin Hoca ile Kadı’nın dava konusuna bakış açısı nedir?
b. Mahkemede verilen karar kişisel bir görüşe mi yoksa kanunlara mı dayanmaktadır?
6. ÇALIŞMA
“Hınk Davası”  fıkrası ile “Oğuz Kağan” destanını aşağıdaki tabloda verilen
ölçütlere göre karşılaştırınız. 
Ölçütler
Hınk Davası
Oğuz Kağan
Konu 
Anlatım biçimi
Gerçeklik/olağanüstülük
Dil
7. ÇALIŞMA
Aşağıdaki cümlelerdeki fiilimsilerin yuvarlak içine alıp bunların cümleye kat­
tığı anlamı yay ayraç içine yazınız.
•
Hoca, geçimden âciz kalmış, Konya hâkimine başvurarak bir kadılık istemiş.
(..........................)
•
Halledilemeyen acayip davaları bana yollarsın der. (..........................)
","3. Tema: Erdemler 4. ÇALIŞMA Okuduğunuz “Hınk Davası” adlı fıkranın içeriği ile ilgili iki soru yazınız. 1. ............................................................................................................................... 2. ............................................................................................................................... 5. ÇALIŞMA Aşağıdaki soruları cevaplayarak metnin içeriğini yorumlayınız. a. Nasretin Hoca ile Kadı’nın dava konusuna bakış açısı nedir? b. Mahkemede verilen karar kişisel bir görüşe mi yoksa kanunlara mı dayanmaktadır? 6. ÇALIŞMA “Hınk Davası” fıkrası ile “Oğuz Kağan” destanını aşağıdaki tabloda verilen ölçütlere göre karşılaştırınız. Ölçütler Hınk Davası Oğuz Kağan Konu Anlatım biçimi Gerçeklik/olağanüstülük Dil 7. ÇALIŞMA Aşağıdaki cümlelerdeki fiilimsilerin yuvarlak içine alıp bunların cümleye kat­ tığı anlamı yay ayraç içine yazınız. • Hoca, geçimden âciz kalmış, Konya hâkimine başvurarak bir kadılık istemiş. (..........................) • Halledilemeyen acayip davaları bana yollarsın der. (..........................)",,,,
page_90,90,"90
Türkçe 8. Sınıf
Hazırlık 
1. Kimleri “gerçek dost” olarak nitelersiniz?
2. “Kara gün dostu” ifadesi sizin için ne anlam ifade ediyor?
Aşağıdaki metni noktalama işaretlerine dikkat ederek sesli okuyunuz.
DOSTLUK DERKEN
Dostluk!.. Güzel bir sözcük. Neler söylenmemiş, neler yazılmamış bu konuda. Ne 
desem eski ne yazsam boş. Kişi, kendini bildiğinden bu yana dostluğu öteki duygu­
larından üstün tutmuş. Dost bildiğine sarılmış dört elle. Dostunu dünyanın en çok 
güvenilir, en çok inanılır kişisi bellemiş. Çoğu kez düş kırıklığına uğramışsa da gene 
de dostluk sürüp gelmiş bugüne dek. Yarınlara da kalıp gidecek.
Montaigne; ""Benim bahsettiğim dostlukla ruhlar birbirine o kadar derin bir 
ahenkle karışmış ve kaynaşmıştır ki onları birleştiren dikişi silip süpürmüş ve artık 
bulamaz olmuşlardır. Onun için sevdiğimi bana söyletmek isterlerse bunu ancak şöyle 
bir cevapla ifade edebileceğimi zannediyorum: Çünkü o, o idi, ben de bendim."" 
İki kişinin dostluk kurmasının nedenleri sayısızdır. İçinden çıkılmaz bunun. Ya­
kın dostlarımı gözümün önüne getiriyorum. Niçin dost oldum onlarla? Neydi beni 
onlarla yakınlık kurmaya iteleyen nedenler? Var, ufak tefek şeyler var tabii ama en 
","Türkçe 8. Sınıf Hazırlık 1. Kimleri “gerçek dost” olarak nitelersiniz? 2. “Kara gün dostu” ifadesi sizin için ne anlam ifade ediyor? Aşağıdaki metni noktalama işaretlerine dikkat ederek sesli okuyunuz. DOSTLUK DERKEN Dostluk!.. Güzel bir sözcük. Neler söylenmemiş, neler yazılmamış bu konuda. Ne desem eski ne yazsam boş. Kişi, kendini bildiğinden bu yana dostluğu öteki duygu­ larından üstün tutmuş. Dost bildiğine sarılmış dört elle. Dostunu dünyanın en çok güvenilir, en çok inanılır kişisi bellemiş. Çoğu kez düş kırıklığına uğramışsa da gene de dostluk sürüp gelmiş bugüne dek. Yarınlara da kalıp gidecek. Montaigne; ""Benim bahsettiğim dostlukla ruhlar birbirine o kadar derin bir ahenkle karışmış ve kaynaşmıştır ki onları birleştiren dikişi silip süpürmüş ve artık bulamaz olmuşlardır. Onun için sevdiğimi bana söyletmek isterlerse bunu ancak şöyle bir cevapla ifade edebileceğimi zannediyorum: Çünkü o, o idi, ben de bendim."" İki kişinin dostluk kurmasının nedenleri sayısızdır. İçinden çıkılmaz bunun. Ya­ kın dostlarımı gözümün önüne getiriyorum. Niçin dost oldum onlarla? Neydi beni onlarla yakınlık kurmaya iteleyen nedenler? Var, ufak tefek şeyler var tabii ama en",,,,
page_91,91,"91
3. Tema: Erdemler
önemlisi, yaşama, eş bir anlam vermemiz. Bizim eski bir şairimiz de bunu anlatmıyor 
mu? “Dünyayı seninle sevmişim, ey dost!"" Tek bir mısrada dostluğun taşıdığı engin 
anlam ne güzel belirtilmiş! Dünya ancak sevgiyle, dostlukla güzelleşiyor. Pinti çıkarla­
rın egemen olduğu bir dünya, dünya mıdır yoksa cehennem mi?
Dostluklar azalıyor çağımızda. Bir an dinleyin kendinizi, çevrenizdekilere bir ba­
kın. Bir deneyin dost bildiklerinizi. Göreceksiniz, dost az, yok hatta dostluk dosttuk 
diye kendinizi aldatmışsınız yıllardır! Boş yere...
Bir yerlerden geldim bu konuya. Bir şeyler, iç dış etkiler itelemiş olmalı beni dost­
luk üzerine düşünmeye. Önemli olan şu, tek bir dostunuz bile varsa bilin değerini. Kü­
çük çıkarlar, geçici amaçlar için bozuk para gibi harcamayın. “Dünyada dost vardır.” 
ilkesini yaratmaya çalışın. Gücünüzün yettiğince.
Oktay AKBAL, Önce Şiir Vardı
1. ÇALIŞMA
“Dostluk Derken” adlı metinde geçen anlamını bilmediğiniz sözcükleri belirle­
yerek aşağıdaki tabloyu doldurunuz. 
Anlamını bilmediğim 
sözcükler
Tahminim
Sözlük anlamı
..............................................
............................................ .................................................
..............................................
............................................ .................................................
..............................................
............................................ .................................................
2. ÇALIŞMA
Aşağıdaki soruları metne göre cevaplayınız.
1. Metnin konusu nedir? Yazarı bu konuda düşünmeye iten neden nedir?
2. İki kişinin dostluk kurmasının nedenleri nelerdir?
3. Metinden “dostluk” ile ilgili çıkarımlarınızı aşağıda boş bırakılan yere yazınız.
-------------------------------------------------------------------------------------------
-------------------------------------------------------------------------------------------
4. Yazar bu metinle okura hangi ana düşünceyi iletmek istemiş olabilir?
","3. Tema: Erdemler önemlisi, yaşama, eş bir anlam vermemiz. Bizim eski bir şairimiz de bunu anlatmıyor mu? “Dünyayı seninle sevmişim, ey dost!"" Tek bir mısrada dostluğun taşıdığı engin anlam ne güzel belirtilmiş! Dünya ancak sevgiyle, dostlukla güzelleşiyor. Pinti çıkarla­ rın egemen olduğu bir dünya, dünya mıdır yoksa cehennem mi? Dostluklar azalıyor çağımızda. Bir an dinleyin kendinizi, çevrenizdekilere bir ba­ kın. Bir deneyin dost bildiklerinizi. Göreceksiniz, dost az, yok hatta dostluk dosttuk diye kendinizi aldatmışsınız yıllardır! Boş yere... Bir yerlerden geldim bu konuya. Bir şeyler, iç dış etkiler itelemiş olmalı beni dost­ luk üzerine düşünmeye. Önemli olan şu, tek bir dostunuz bile varsa bilin değerini. Kü­ çük çıkarlar, geçici amaçlar için bozuk para gibi harcamayın. “Dünyada dost vardır.” ilkesini yaratmaya çalışın. Gücünüzün yettiğince. Oktay AKBAL, Önce Şiir Vardı 1. ÇALIŞMA “Dostluk Derken” adlı metinde geçen anlamını bilmediğiniz sözcükleri belirle­ yerek aşağıdaki tabloyu doldurunuz. Anlamını bilmediğim sözcükler Tahminim Sözlük anlamı .............................................. ............................................ ................................................. .............................................. ............................................ ................................................. .............................................. ............................................ ................................................. 2. ÇALIŞMA Aşağıdaki soruları metne göre cevaplayınız. 1. Metnin konusu nedir? Yazarı bu konuda düşünmeye iten neden nedir? 2. İki kişinin dostluk kurmasının nedenleri nelerdir? 3. Metinden “dostluk” ile ilgili çıkarımlarınızı aşağıda boş bırakılan yere yazınız. ------------------------------------------------------------------------------------------- ------------------------------------------------------------------------------------------- 4. Yazar bu metinle okura hangi ana düşünceyi iletmek istemiş olabilir?",,,,
page_92,92,"92
Türkçe 8. Sınıf
5. Okuduğunuz denemede ileri sürülen yardımcı düşünceler nelerdir? Metin 
üzerinde gösteriniz.   
6. Yazarın dostluğa bakış açısı ile sizin bakış açınız örtüşüyor mu? Niçin?
3. ÇALIŞMA
Yazar, ortaya koyduğu görüşleri desteklemek için düşünceyi geliştirme yolların­
dan tanık gösterme ve benzetmeden yararlanmıştır. Bu yöntemlere metinden örnek­
ler veriniz.
Tanık gösterme
Benzetme
Deneme
Bilgilendirici metin türlerinden biri de “deneme”dir. Gazete ile ortaya çı-
kan ve gelişen bir türdür. Bu metin türü; özgürce seçilen bir konuda, duygu ve 
düşüncelerin konuşma havası içinde kesin yargılara varmadan dile getirildiği 
genellikle orta uzunluktaki yazılardır.
Denemenin özellikleri:
+ Her konuda yazılabilir. Genellikle evrensel konular işlenir.
+ Konuşma havası hâkimdir.
+ İçten bir anlatım görülür.
+ Düşünceleri ispatlama kaygısı yoktur.
+ Yazarın izlenimlerinden hareketle oluşturulur.
+ Okura ele alınan konu hakkında bir bakış açısı kazandırmak amacıyla yazılır.
BİLGİ KUTUSU
4. ÇALIŞMA
“Dostluk Derken” adlı metnin deneme türünün hangi özelliklerini taşıdığını ör­
neklerle aşağıda boş bırakılan yere yazınız. 
..................................................................................................................................
..................................................................................................................................
","Türkçe 8. Sınıf 5. Okuduğunuz denemede ileri sürülen yardımcı düşünceler nelerdir? Metin üzerinde gösteriniz. 6. Yazarın dostluğa bakış açısı ile sizin bakış açınız örtüşüyor mu? Niçin? 3. ÇALIŞMA Yazar, ortaya koyduğu görüşleri desteklemek için düşünceyi geliştirme yolların­ dan tanık gösterme ve benzetmeden yararlanmıştır. Bu yöntemlere metinden örnek­ ler veriniz. Tanık gösterme Benzetme Deneme Bilgilendirici metin türlerinden biri de “deneme”dir. Gazete ile ortaya çı- kan ve gelişen bir türdür. Bu metin türü; özgürce seçilen bir konuda, duygu ve düşüncelerin konuşma havası içinde kesin yargılara varmadan dile getirildiği genellikle orta uzunluktaki yazılardır. Denemenin özellikleri: + Her konuda yazılabilir. Genellikle evrensel konular işlenir. + Konuşma havası hâkimdir. + İçten bir anlatım görülür. + Düşünceleri ispatlama kaygısı yoktur. + Yazarın izlenimlerinden hareketle oluşturulur. + Okura ele alınan konu hakkında bir bakış açısı kazandırmak amacıyla yazılır. BİLGİ KUTUSU 4. ÇALIŞMA “Dostluk Derken” adlı metnin deneme türünün hangi özelliklerini taşıdığını ör­ neklerle aşağıda boş bırakılan yere yazınız. .................................................................................................................................. ..................................................................................................................................",,,,
page_93,93,"93
3. Tema: Erdemler
5. ÇALIŞMA
Montaigne; ""Benim bahsettiğim dostlukla ruhlar birbirine o kadar derin bir
ahenkle karışmış ve kaynaşmıştır ki onları birleştiren dikişi silip süpürmüş ve artık 
bulamaz olmuşlardır. Onun için sevdiğimi bana söyletmek isterlerse bunu ancak şöyle 
bir cevapla ifade edebileceğimi zannediyorum: Çünkü o, o idi, ben de bendim.""
Bir yerlerden geldim bu konuya. Bir şeyler, iç dış etkiler itelemiş olmalı beni dost­
luk üzerine düşünmeye. Önemli olan şu, tek bir dostunuz bile varsa bilin değerini. Kü­
çük çıkarlar, geçici amaçlar için bozuk para gibi harcamayın. “Dünyada dost vardır.” 
ilkesini yaratmaya çalışın. Gücünüzün yettiğince.
a. Okuduğunuz  “Dostluk Derken”  adlı metinden alınan parçalardaki geçiş ve
bağlantı ifadelerine örnekler bularak aşağıdaki ilgili alana yazınız. Bunların metnin 
anlamına katkısını belirleyiniz.
..................................................................................................................................
..................................................................................................................................
..................................................................................................................................
b. Yukarıdaki parçada “neden-sonuç, amaç-sonuç, koşul, karşılaştırma, benzet­
me, örneklendirme, abartma, nesnel, öznel ve duygu” belirten ifadelerin hangileri 
örneklenebilir. 
..................................................................................................................................
..................................................................................................................................
6. ÇALIŞMA
Aşağıdaki cümlelerdeki fiilimsileri örnekteki gibi yuvarlak içerisine alıp bun­
ların cümlenin anlamına katkısını belirtiniz. 
a. İki kişinin dostluk kurmasının  nedenleri sayısızdır.
b. Hasan kısrağı yarı yolda karşılayarak ahıra soktu.
c. Durmadan ayağına değen taşlara aldırmadı bile.
ç. Toplantıdaki konuşması gerçekten güzeldi.
d. İçinden çıkılmaz bir sorunla karşı karşıyayız.
e. Ali’nin ortadan kayboluşu herkesin dikkatini çekti.
f. Dondurmayı üstüne başına bulaştırınca güldük.
","3. Tema: Erdemler 5. ÇALIŞMA Montaigne; ""Benim bahsettiğim dostlukla ruhlar birbirine o kadar derin bir ahenkle karışmış ve kaynaşmıştır ki onları birleştiren dikişi silip süpürmüş ve artık bulamaz olmuşlardır. Onun için sevdiğimi bana söyletmek isterlerse bunu ancak şöyle bir cevapla ifade edebileceğimi zannediyorum: Çünkü o, o idi, ben de bendim."" Bir yerlerden geldim bu konuya. Bir şeyler, iç dış etkiler itelemiş olmalı beni dost­ luk üzerine düşünmeye. Önemli olan şu, tek bir dostunuz bile varsa bilin değerini. Kü­ çük çıkarlar, geçici amaçlar için bozuk para gibi harcamayın. “Dünyada dost vardır.” ilkesini yaratmaya çalışın. Gücünüzün yettiğince. a. Okuduğunuz “Dostluk Derken” adlı metinden alınan parçalardaki geçiş ve bağlantı ifadelerine örnekler bularak aşağıdaki ilgili alana yazınız. Bunların metnin anlamına katkısını belirleyiniz. .................................................................................................................................. .................................................................................................................................. .................................................................................................................................. b. Yukarıdaki parçada “neden-sonuç, amaç-sonuç, koşul, karşılaştırma, benzet­ me, örneklendirme, abartma, nesnel, öznel ve duygu” belirten ifadelerin hangileri örneklenebilir. .................................................................................................................................. .................................................................................................................................. 6. ÇALIŞMA Aşağıdaki cümlelerdeki fiilimsileri örnekteki gibi yuvarlak içerisine alıp bun­ ların cümlenin anlamına katkısını belirtiniz. a. İki kişinin dostluk kurmasının nedenleri sayısızdır. b. Hasan kısrağı yarı yolda karşılayarak ahıra soktu. c. Durmadan ayağına değen taşlara aldırmadı bile. ç. Toplantıdaki konuşması gerçekten güzeldi. d. İçinden çıkılmaz bir sorunla karşı karşıyayız. e. Ali’nin ortadan kayboluşu herkesin dikkatini çekti. f. Dondurmayı üstüne başına bulaştırınca güldük.",,,,
page_94,94,"94
Türkçe 8. Sınıf
YAZMA
1. ÇALIŞMA
Okuduğunuz “Dostluk Derken” adlı metinden yola çıkarak ve bu metni günlük
hayatınızla ilişkilendirerek “dostluk” değeriyle ilgili bir deneme yazınız. Yazınızı
kaleme alırken deneme türünün özelliklerine dikkat ediniz. Yazı planını oluşturarak
giriş, gelişme ve sonuç bölümlerinde neler anlatacağınız belirleyiniz. Yazınızın ana
düşüncesinden hareketle yazınıza uygun bir başlık belirleyiniz. Anlatımınızı
zenginleştirmek için atasözleri, deyimler ve özdeyişler kullanınız. Çalışmanın
sonundaki değerlendirme formunu yönergelerine uygun olarak doldurunuz.
Başlık
……………………………………
Giriş
…………………………………………………………………………………..
…………………………………………………………………………………..
…………………………………………………………………………………..
…………………………………………………………………………………..
Gelişme
…………………………………………………………………………………..
…………………………………………………………………………………..
…………………………………………………………………………………..
…………………………………………………………………………………..
…………………………………………………………………………………..
…………………………………………………………………………………..
…………………………………………………………………………………..
…………………………………………………………………………………..
Sonuç
…………………………………………………………………………………..
…………………………………………………………………………………..
…………………………………………………………………………………..
…………………………………………………………………………………..
","Türkçe 8. Sınıf YAZMA 1. ÇALIŞMA Okuduğunuz “Dostluk Derken” adlı metinden yola çıkarak ve bu metni günlük hayatınızla ilişkilendirerek “dostluk” değeriyle ilgili bir deneme yazınız. Yazınızı kaleme alırken deneme türünün özelliklerine dikkat ediniz. Yazı planını oluşturarak giriş, gelişme ve sonuç bölümlerinde neler anlatacağınız belirleyiniz. Yazınızın ana düşüncesinden hareketle yazınıza uygun bir başlık belirleyiniz. Anlatımınızı zenginleştirmek için atasözleri, deyimler ve özdeyişler kullanınız. Çalışmanın sonundaki değerlendirme formunu yönergelerine uygun olarak doldurunuz. Başlık …………………………………… Giriş ………………………………………………………………………………….. ………………………………………………………………………………….. ………………………………………………………………………………….. ………………………………………………………………………………….. Gelişme ………………………………………………………………………………….. ………………………………………………………………………………….. ………………………………………………………………………………….. ………………………………………………………………………………….. ………………………………………………………………………………….. ………………………………………………………………………………….. ………………………………………………………………………………….. ………………………………………………………………………………….. Sonuç ………………………………………………………………………………….. ………………………………………………………………………………….. ………………………………………………………………………………….. …………………………………………………………………………………..",,,,
page_95,95,"95
3. Tema: Erdemler
Değerlendirme Formu
Bu deneme yazma çalışma kapsamında aşağıda listelenen davranışlardan kazan­
dığınız beceriler için Evet, kazanamadığınız beceriler için Hayır kutucuğuna (X) işa­
reti koyarak kendinizi değerlendiriniz. 
Değerlendirme Ölçütleri
Evet
Hayır
Yazma stratejilerini kullandınız mı?
Yazınıza başlamadan önce ele aldığınız konuyla ilgili araştırma 
yaptınız mı?
Seçtiğiniz konu tüm insanlığı ilgilendiriyor mu?
Yazınızda “dostluk” değeriyle ilgili düşüncelere yer verdiniz mi?
Yazınızda atasözleri, deyimler ve özdeyişler kullandınız mı?
Açıklayıcı ve tartışmacı anlatımın özelliklerini yazınıza 
yansıttınız mı?
Yazı planına uydunuz mu?
Yazınızı giriş, gelişme ve sonuç bölümleri hâlinde oluşturdunuz mu?
Yazınızda uygun geçiş ve bağlantı ifadeleri kullandınız mı?
Yazınızda başlık kullandınız mı?
Yazınızı dil bilgisi, imla, noktalama ve anlatım bozukluğu 
bakımından gözden geçirdiniz mi?
Yazınızı çevrenizdeki kişilerle ya da sosyal medyada paylaştınız mı?
Yazınızda farklı cümle türleri kullandınız mı?
Yazınızda cümleleri ögelerine uygun olarak kurdunuz mu?
Değerlendirme sonunda Hayır şeklindeki cevaplarınızı bir daha gözden geçiriniz 
ve ilgili açıklamaları tekrar ediniz. 
Cümle Türleri
A. Yüklemin Türüne Göre Cümleler
Bir cümlenin yüklemi çekimli bir fiil ya da isimdir. Buna göre cümleler ikiye
ayrılır: İsim cümlesi, fiil cümlesi.
ÖRNEK
+ Hava çok soğuktu. (isim cümlesi)
+ Bir başka çocuk getiriyordu gazetemi. (fiil cümlesi)
BİLGİ KUTUSU
","3. Tema: Erdemler Değerlendirme Formu Bu deneme yazma çalışma kapsamında aşağıda listelenen davranışlardan kazan­ dığınız beceriler için Evet, kazanamadığınız beceriler için Hayır kutucuğuna (X) işa­ reti koyarak kendinizi değerlendiriniz. Değerlendirme Ölçütleri Evet Hayır Yazma stratejilerini kullandınız mı? Yazınıza başlamadan önce ele aldığınız konuyla ilgili araştırma yaptınız mı? Seçtiğiniz konu tüm insanlığı ilgilendiriyor mu? Yazınızda “dostluk” değeriyle ilgili düşüncelere yer verdiniz mi? Yazınızda atasözleri, deyimler ve özdeyişler kullandınız mı? Açıklayıcı ve tartışmacı anlatımın özelliklerini yazınıza yansıttınız mı? Yazı planına uydunuz mu? Yazınızı giriş, gelişme ve sonuç bölümleri hâlinde oluşturdunuz mu? Yazınızda uygun geçiş ve bağlantı ifadeleri kullandınız mı? Yazınızda başlık kullandınız mı? Yazınızı dil bilgisi, imla, noktalama ve anlatım bozukluğu bakımından gözden geçirdiniz mi? Yazınızı çevrenizdeki kişilerle ya da sosyal medyada paylaştınız mı? Yazınızda farklı cümle türleri kullandınız mı? Yazınızda cümleleri ögelerine uygun olarak kurdunuz mu? Değerlendirme sonunda Hayır şeklindeki cevaplarınızı bir daha gözden geçiriniz ve ilgili açıklamaları tekrar ediniz. Cümle Türleri A. Yüklemin Türüne Göre Cümleler Bir cümlenin yüklemi çekimli bir fiil ya da isimdir. Buna göre cümleler ikiye ayrılır: İsim cümlesi, fiil cümlesi. ÖRNEK + Hava çok soğuktu. (isim cümlesi) + Bir başka çocuk getiriyordu gazetemi. (fiil cümlesi) BİLGİ KUTUSU",,,,
page_96,96,"96
Türkçe 8. Sınıf
B. Ögelerin Dizilişine Göre Cümleler
Türkçede bir cümlenin temel unsuru yüklemdir. Yüklem genellikle cüm-
lenin sonunda yer alır. Ancak bazı durumlarda özellikle konuşma dilinde ve 
şiirde yüklem cümlenin sonunda değil de başında veya ortasında bulunabilir; 
bazen de cümlenin yüklemi düşmüş (yazılmamış) olabilir. Cümleler yüklemin 
bulunduğu yere göre üçe ayrılır: 
1. Kurallı (düz) cümle:  Yüklemi sonda bulunan cümlelerdir.
2. Devrik cümle:  Yüklemi sonda bulunmayan cümlelerdir.
3. Eksiltili cümle: Yüklemi olmayan cümlelerdir.
ÖRNEK
+ Davacı, davasını anlatır. (Kurallı)
+ Elli kuruşa sana satarım kitabı. (Devrik)
+ Ders sonunda bir çay... (Eksiltili)
C. Anlamına Göre Cümle Türleri
Türkçede cümleler, cümlede eylemin yapılıp yapılmadığına ya da sözü edi-
lenlerin bulunup bulunmadığına göre ikiye ayrılır: 
1. Olumlu cümle: Eylem gerçekleştiğini bildiren ya da bir durumun var
olduğunu gösteren  cümlelerdir. 
2. Olumsuz cümle: Eylem gerçekleşmediğini bildiren ya da bir durumun
olmadığını gösteren cümlelerdir. Fiil cümlelerinde olumsuzluk ""-ma/-me, -maz/
-mez” ekiyle, isim cümlelerinde ise ""-sız” eki ya da ""yok, değil” sözcükleri ile yapılır.
ÖRNEK
+ Babam her sabah dışarıya giderken bir kere ahıra uğrar. (Olumlu)
+ Babam her sabah dışarıya giderken bir kere ahıra uğramaz. (Olumsuz)
+ Evde tüp var. (Olumlu)
+ Evde tüp yok. (Olumsuz)
Anlamına göre cümleler, işin yapılmasının istenme biçimine göre, soru,
ünlem, şart, istek ya da emir cümlesi olarak çeşitlere ayrılır.
","Türkçe 8. Sınıf B. Ögelerin Dizilişine Göre Cümleler Türkçede bir cümlenin temel unsuru yüklemdir. Yüklem genellikle cüm- lenin sonunda yer alır. Ancak bazı durumlarda özellikle konuşma dilinde ve şiirde yüklem cümlenin sonunda değil de başında veya ortasında bulunabilir; bazen de cümlenin yüklemi düşmüş (yazılmamış) olabilir. Cümleler yüklemin bulunduğu yere göre üçe ayrılır: 1. Kurallı (düz) cümle: Yüklemi sonda bulunan cümlelerdir. 2. Devrik cümle: Yüklemi sonda bulunmayan cümlelerdir. 3. Eksiltili cümle: Yüklemi olmayan cümlelerdir. ÖRNEK + Davacı, davasını anlatır. (Kurallı) + Elli kuruşa sana satarım kitabı. (Devrik) + Ders sonunda bir çay... (Eksiltili) C. Anlamına Göre Cümle Türleri Türkçede cümleler, cümlede eylemin yapılıp yapılmadığına ya da sözü edi- lenlerin bulunup bulunmadığına göre ikiye ayrılır: 1. Olumlu cümle: Eylem gerçekleştiğini bildiren ya da bir durumun var olduğunu gösteren cümlelerdir. 2. Olumsuz cümle: Eylem gerçekleşmediğini bildiren ya da bir durumun olmadığını gösteren cümlelerdir. Fiil cümlelerinde olumsuzluk ""-ma/-me, -maz/ -mez” ekiyle, isim cümlelerinde ise ""-sız” eki ya da ""yok, değil” sözcükleri ile yapılır. ÖRNEK + Babam her sabah dışarıya giderken bir kere ahıra uğrar. (Olumlu) + Babam her sabah dışarıya giderken bir kere ahıra uğramaz. (Olumsuz) + Evde tüp var. (Olumlu) + Evde tüp yok. (Olumsuz) Anlamına göre cümleler, işin yapılmasının istenme biçimine göre, soru, ünlem, şart, istek ya da emir cümlesi olarak çeşitlere ayrılır.",,,,
page_97,97,"97
3. Tema: Erdemler
Ç. Yapısına Göre Cümle Türleri
1. Basit cümle: İçinde tek bir yargı taşıyan cümlelere denir.
ÖRNEK
+ Salona siyah saçlı bir adam girdi.
+ Sokağa bir fayton girdi.
2. Birleşik cümle: Yan ve temel cümleden oluşan cümlelerdir. Bu tür cüm-
leler tek bir yüklemi olmasına rağmen birden çok yargı taşır. 
ÖRNEK
+ Eve giderken arkadaşımı gördüm.
+ Bu sınavı çalışarak aldım.
+ Hava güzel olursa pikniğe gideriz.
+ Duydum ki gözlerimin rengini unutmuşsun.
+ Arabayı hızlı kullandın mı kaza kaçınılmazdır.
+ Yaşlı adam, “Çocuklarım bir gün gelir."" dedi.
3. Sıralı cümle:
Her bir kendi başına yargı taşıyan birden fazla cümlenin virgül ya da nok-
talı virgülle art arda sıralanmasıyla oluşan cümlelere denir.
ÖRNEK
+ Kardeşim telefon etti, biraz hastaymış.
+ Yarın Ankara’ya gelecek, burada kalacak.
+ Bu pantolon iyi, hemen satın al.
4. Bağlı cümle: Tek başına yargı taşıyan anlamca birbiriyle ilgili birden
fazla cümlenin bağlaçlarla birbirine bağlanmasıyla oluşan cümlelere denir. 
+ Sınava iyi hazırlandım ama geçemedim.
+ Bu romanı okudum ve özetledim.
+ Okula gidemedim çünkü çok hastaydım.
","3. Tema: Erdemler Ç. Yapısına Göre Cümle Türleri 1. Basit cümle: İçinde tek bir yargı taşıyan cümlelere denir. ÖRNEK + Salona siyah saçlı bir adam girdi. + Sokağa bir fayton girdi. 2. Birleşik cümle: Yan ve temel cümleden oluşan cümlelerdir. Bu tür cüm- leler tek bir yüklemi olmasına rağmen birden çok yargı taşır. ÖRNEK + Eve giderken arkadaşımı gördüm. + Bu sınavı çalışarak aldım. + Hava güzel olursa pikniğe gideriz. + Duydum ki gözlerimin rengini unutmuşsun. + Arabayı hızlı kullandın mı kaza kaçınılmazdır. + Yaşlı adam, “Çocuklarım bir gün gelir."" dedi. 3. Sıralı cümle: Her bir kendi başına yargı taşıyan birden fazla cümlenin virgül ya da nok- talı virgülle art arda sıralanmasıyla oluşan cümlelere denir. ÖRNEK + Kardeşim telefon etti, biraz hastaymış. + Yarın Ankara’ya gelecek, burada kalacak. + Bu pantolon iyi, hemen satın al. 4. Bağlı cümle: Tek başına yargı taşıyan anlamca birbiriyle ilgili birden fazla cümlenin bağlaçlarla birbirine bağlanmasıyla oluşan cümlelere denir. + Sınava iyi hazırlandım ama geçemedim. + Bu romanı okudum ve özetledim. + Okula gidemedim çünkü çok hastaydım.",,,,
page_98,98,"98
Türkçe 8. Sınıf
2. ÇALIŞMA
Aşağıdaki cümlelerin anlamına, yüklemin türüne, ögelerin dizilişine ve yapısına
göre çeşitlerini karşılarına yazınız.
Cümleler
Çeşitleri
a. Saat on ikiyi on geçiyor.
b. Önde giden çocukların yüzünde şaşkınlık vardı.
c. Bütün insanlar birbirine benzemez mi aşağı yukarı?
3. ÇALIŞMA
(I) Birinci Dünya Savaşı'nda, Ruslara karşı savaşırken tutsak düşmüştüm. (II)
Volga nehri kıyısında, Tatarların yaptığı küçük camii vardı. (III) Esir subay arkadaşla­
rımla birlikteydim. (IV)  Ruhum yalnızlık istiyor, yüreği dostluk ateşiyle yanan dost­
ları bile taşıyamıyordu. (V) Dışarda izinsiz gezemiyordum. (VI) Tatar mahallesinden 
birkaç kişinin kefaletiyle Volga'ya bakan camiye alındım. (VII) Camide yalnız kalıyor­
dum. (VIII)  Bahar yaklaşmıştı… 
Bu parçayla ilgili olarak verilen aşağıdaki ifadeleri doğru/yanlış olarak değer­
lendiriniz.
I. cümle sıralı bir cümledir.
Doğru
Yanlış
II. cümlesinde tek yargı vardır.
III. cümle anlamca olumsuz cümledir.
IV. cümle bağlı bir cümledir.
V. cümle yüklemin türüne göre fiil cümlesidir.
VI. cümle ögelerin dizilişine göre devrik bir cümledir.
VII. cümle anlamca olumsuz isim cümlesidir.
İfadeler
","Türkçe 8. Sınıf 2. ÇALIŞMA Aşağıdaki cümlelerin anlamına, yüklemin türüne, ögelerin dizilişine ve yapısına göre çeşitlerini karşılarına yazınız. Cümleler Çeşitleri a. Saat on ikiyi on geçiyor. b. Önde giden çocukların yüzünde şaşkınlık vardı. c. Bütün insanlar birbirine benzemez mi aşağı yukarı? 3. ÇALIŞMA (I) Birinci Dünya Savaşı'nda, Ruslara karşı savaşırken tutsak düşmüştüm. (II) Volga nehri kıyısında, Tatarların yaptığı küçük camii vardı. (III) Esir subay arkadaşla­ rımla birlikteydim. (IV) Ruhum yalnızlık istiyor, yüreği dostluk ateşiyle yanan dost­ ları bile taşıyamıyordu. (V) Dışarda izinsiz gezemiyordum. (VI) Tatar mahallesinden birkaç kişinin kefaletiyle Volga'ya bakan camiye alındım. (VII) Camide yalnız kalıyor­ dum. (VIII) Bahar yaklaşmıştı… Bu parçayla ilgili olarak verilen aşağıdaki ifadeleri doğru/yanlış olarak değer­ lendiriniz. I. cümle sıralı bir cümledir. Doğru Yanlış II. cümlesinde tek yargı vardır. III. cümle anlamca olumsuz cümledir. IV. cümle bağlı bir cümledir. V. cümle yüklemin türüne göre fiil cümlesidir. VI. cümle ögelerin dizilişine göre devrik bir cümledir. VII. cümle anlamca olumsuz isim cümlesidir. İfadeler",,,,
page_99,99,"99
3. Tema: Erdemler
DİNLEME / İZLEME
1. ÇALIŞMA
www.eba.gov.tr adresinden “Hz. Ömer ve Adaleti” adlı ses dosyasını seçici, 
yaratıcı, eleştirel, empati kurarak, not alarak dinleme gibi yöntem ve tekniklerinden 
birini uygulayarak dinleyiniz. Dinleme etkinliğin gerçekleştirdikten sonra aşağıdaki 
çalışmaları yapınız.
1.
Dinlediğiniz metinde geçen anlamını bilmediğiniz sözcüklerin anlamını tahmin 
ediniz.
2.
Dinlediklerinizi çevrenizdeki kişilerden birine sözlü olarak özetleyiniz.
3.
Dinlediğiniz metnin konusu nedir?
……………………………………………………………………………………
4.
Dinlediğiniz metnin ana fikri nedir?
……………………………………………………………………………………
5. Dinlediğiniz metne bir başlık koymak isteseydiniz ne derdiniz?
……………………………………………………………………………………
6.
Dinlediğiniz metinde birbiriyle çelişen olay ya da durumlar var mıydı?
……………………………………………………………………………………
……………………………………………………………………………………
7. Dinlediğiniz metinle ilgili görüşlerinizi açıklayınız.
……………………………………………………………………………………
8.
Dinlediğiniz metni değerlendiriniz.
……………………………………………………………………………………
……………………………………………………………………………………
","3. Tema: Erdemler DİNLEME / İZLEME 1. ÇALIŞMA www.eba.gov.tr adresinden “Hz. Ömer ve Adaleti” adlı ses dosyasını seçici, yaratıcı, eleştirel, empati kurarak, not alarak dinleme gibi yöntem ve tekniklerinden birini uygulayarak dinleyiniz. Dinleme etkinliğin gerçekleştirdikten sonra aşağıdaki çalışmaları yapınız. 1. Dinlediğiniz metinde geçen anlamını bilmediğiniz sözcüklerin anlamını tahmin ediniz. 2. Dinlediklerinizi çevrenizdeki kişilerden birine sözlü olarak özetleyiniz. 3. Dinlediğiniz metnin konusu nedir? …………………………………………………………………………………… 4. Dinlediğiniz metnin ana fikri nedir? …………………………………………………………………………………… 5. Dinlediğiniz metne bir başlık koymak isteseydiniz ne derdiniz? …………………………………………………………………………………… 6. Dinlediğiniz metinde birbiriyle çelişen olay ya da durumlar var mıydı? …………………………………………………………………………………… …………………………………………………………………………………… 7. Dinlediğiniz metinle ilgili görüşlerinizi açıklayınız. …………………………………………………………………………………… 8. Dinlediğiniz metni değerlendiriniz. …………………………………………………………………………………… ……………………………………………………………………………………",,,,
page_100,100,"100
Türkçe 8. Sınıf
9.
Dinlediğiniz medya metninin hazırlanış amacı nedir?
……………………………………………………………………………………
10. Dinlediğiniz metinde Hz. Ömer ile ilgili anlatılanlar güvenilir bir kaynağa dayanıyor mu?
……………………………………………………………………………………
11. Dinlediğiniz metinde düşünceyi geliştirme yollarından hangileri kullanılmıştır?
……………………………………………………………………………………
KONUŞMA
1.
Yandaki görselin temasından hareketle
hazırlıklı bir konuşma yapınız.
2.
Yaptığınız konuşmayı aşağıda boş bırakı­
lan yere yazınız.
3.
Yaptığınız konuşmayı aşağıdaki “Değer­
lendirme Formu”na göre değerlendiriniz.
Bu hazırlıksız konuşma çalışması kapsa­
mında aşağıda listelenen davranışlardan kazandığınız beceriler için Evet, kazana­
madığınız beceriler için Hayır kutucuğuna (X) işareti koyarak kendinizi değerlen­
diriniz.
.....................................................................................................................................
.....................................................................................................................................
.....................................................................................................................................
.....................................................................................................................................
.....................................................................................................................................
.....................................................................................................................................
","Türkçe 8. Sınıf 9. Dinlediğiniz medya metninin hazırlanış amacı nedir? …………………………………………………………………………………… 10. Dinlediğiniz metinde Hz. Ömer ile ilgili anlatılanlar güvenilir bir kaynağa dayanıyor mu? …………………………………………………………………………………… 11. Dinlediğiniz metinde düşünceyi geliştirme yollarından hangileri kullanılmıştır? …………………………………………………………………………………… KONUŞMA 1. Yandaki görselin temasından hareketle hazırlıklı bir konuşma yapınız. 2. Yaptığınız konuşmayı aşağıda boş bırakı­ lan yere yazınız. 3. Yaptığınız konuşmayı aşağıdaki “Değer­ lendirme Formu”na göre değerlendiriniz. Bu hazırlıksız konuşma çalışması kapsa­ mında aşağıda listelenen davranışlardan kazandığınız beceriler için Evet, kazana­ madığınız beceriler için Hayır kutucuğuna (X) işareti koyarak kendinizi değerlen­ diriniz. ..................................................................................................................................... ..................................................................................................................................... ..................................................................................................................................... ..................................................................................................................................... ..................................................................................................................................... .....................................................................................................................................",,,,
page_101,101,"101
3. Tema: Erdemler
Değerlendirme Ölçütleri
Evet
Hayır
Konuşma stratejilerini uyguladım. 
Konuşmamda beden dilini etkili bir şekilde kullandım.
Sözcükleri anlamlarına uygun kullandım.
Konuşmamda yabancı dillerden alınmış, dilimize henüz 
yerleşmemiş sözcüklerin Türkçelerini kullandım.
Konuşmamda uygun geçiş ve bağlantı ifadelerini kullandım.
Değerlendirme sonunda Hayır şeklindeki cevaplarınızı bir daha gözden geçiriniz 
ve ilgili açıklamaları tekrar ediniz. 
","3. Tema: Erdemler Değerlendirme Ölçütleri Evet Hayır Konuşma stratejilerini uyguladım. Konuşmamda beden dilini etkili bir şekilde kullandım. Sözcükleri anlamlarına uygun kullandım. Konuşmamda yabancı dillerden alınmış, dilimize henüz yerleşmemiş sözcüklerin Türkçelerini kullandım. Konuşmamda uygun geçiş ve bağlantı ifadelerini kullandım. Değerlendirme sonunda Hayır şeklindeki cevaplarınızı bir daha gözden geçiriniz ve ilgili açıklamaları tekrar ediniz.",,,,
page_102,102,"102
Türkçe 8. Sınıf
1.
Anneni mi kaybettin?
Yuvanı mı bozdular?
Niçin zavallı kuşum,
Ötüşünde acı var?
Bu dizelerde duygularını dile getiren
 
kişi için aşağıdakilerden hangisi söyle-
nebilir?
A) Çalışkandır
B) Düzenlidir
C) Merhametlidir
D) İyimserdir
2.
""Sen tarladan gelince eve gitmedin mi yok­
sa deli oğlan? Anan seni şimdi arar, merak
eder. Kocasına eğilip bir şeyler söyledi.
Sofradakiler gülüştü. Osman’ın içinden
boyuna kaçmak geçiyor. Geçiyor ya, yeri­
ne mıhlanmış gibi. Mustafa Ağa: ""Bakın
hele şu bana, Osman’ın hakkını vermeyi
unutmuşum..."" dedi, kesesini çıkarıp Os­
man’a bir yirmi beşlik uzattı.
Bu parçada altı çizili cümle aşağıdaki dey­
imlerden hangisi ile ilişkilendirilebilir?
A) Hakkını gözetmek
B) Hak vermek
C) Hak getire
D) Haklı çıkmak
3.
Işıltılar iplik iplik sönüyor. Binlerce, yüz
binlerce, birbirine dolanmış ışık ipliği
uçuşuyor. Destecilerin yüzleri toza bulan­
mış, yüzlerden oluk oluk ter süzülüyor.
Dört bucağa ateş düşmüş yanıyor. Osman
kararmış, yüzü biraz daha incelmiş, koca­
man gözleri kısılmış... Gömleğinden de
ter fışkırmış... Sabahki canlılık!... Şimdi
Osman yürürken ayakları birbirine dolaşı­
yor. Neredeyse düşüp atın ayakları altında
kalacak...
Bu parça ile ilgili olarak aşağıdakilerden
hangisi söylenemez?
A) Yaşanmış veya yaşanma olasılığı bulu­
nan bir olayın anlatıldığı
B) Kahramanın, betimlemelerle tanıtıldığı
C) Açıklayıcı anlatım biçiminin kullanıl­
dığı
D) Olayın üçüncü kişinin ağzından anla­
tıldığı
4.
Fatih evde çalışıyordu, Ali ve ben de kü­
tüphanede.
Dil yanlışı olan bu cümlenin doğrusu
aşağıdakilerden hangisidir?
A) Fatih evde çalışıyor, Ali ve ben de kü­
tüphanede.
B) Fatih evde çalışıyordu, Ali ve ben de
kütüphanede çalışıyoruz.
C) Fatih evde çalışıyordu, Ali ve ben kü­
tüphanede.
D) Fatih evde çalışıyordu, Ali ve ben kü­
tüphanede çalışıyorum.
3. TEMA
ÖLÇME VE DEĞERLENDİRME SORULARI
HAYAT BOYU ÖĞRENME
","Türkçe 8. Sınıf 1. Anneni mi kaybettin? Yuvanı mı bozdular? Niçin zavallı kuşum, Ötüşünde acı var? Bu dizelerde duygularını dile getiren kişi için aşağıdakilerden hangisi söyle- nebilir? A) Çalışkandır B) Düzenlidir C) Merhametlidir D) İyimserdir 2. ""Sen tarladan gelince eve gitmedin mi yok­ sa deli oğlan? Anan seni şimdi arar, merak eder. Kocasına eğilip bir şeyler söyledi. Sofradakiler gülüştü. Osman’ın içinden boyuna kaçmak geçiyor. Geçiyor ya, yeri­ ne mıhlanmış gibi. Mustafa Ağa: ""Bakın hele şu bana, Osman’ın hakkını vermeyi unutmuşum..."" dedi, kesesini çıkarıp Os­ man’a bir yirmi beşlik uzattı. Bu parçada altı çizili cümle aşağıdaki dey­ imlerden hangisi ile ilişkilendirilebilir? A) Hakkını gözetmek B) Hak vermek C) Hak getire D) Haklı çıkmak 3. Işıltılar iplik iplik sönüyor. Binlerce, yüz binlerce, birbirine dolanmış ışık ipliği uçuşuyor. Destecilerin yüzleri toza bulan­ mış, yüzlerden oluk oluk ter süzülüyor. Dört bucağa ateş düşmüş yanıyor. Osman kararmış, yüzü biraz daha incelmiş, koca­ man gözleri kısılmış... Gömleğinden de ter fışkırmış... Sabahki canlılık!... Şimdi Osman yürürken ayakları birbirine dolaşı­ yor. Neredeyse düşüp atın ayakları altında kalacak... Bu parça ile ilgili olarak aşağıdakilerden hangisi söylenemez? A) Yaşanmış veya yaşanma olasılığı bulu­ nan bir olayın anlatıldığı B) Kahramanın, betimlemelerle tanıtıldığı C) Açıklayıcı anlatım biçiminin kullanıl­ dığı D) Olayın üçüncü kişinin ağzından anla­ tıldığı 4. Fatih evde çalışıyordu, Ali ve ben de kü­ tüphanede. Dil yanlışı olan bu cümlenin doğrusu aşağıdakilerden hangisidir? A) Fatih evde çalışıyor, Ali ve ben de kü­ tüphanede. B) Fatih evde çalışıyordu, Ali ve ben de kütüphanede çalışıyoruz. C) Fatih evde çalışıyordu, Ali ve ben kü­ tüphanede. D) Fatih evde çalışıyordu, Ali ve ben kü­ tüphanede çalışıyorum. 3. TEMA ÖLÇME VE DEĞERLENDİRME SORULARI HAYAT BOYU ÖĞRENME",,,,
page_103,103,"103
3. Tema: Erdemler
5.
Olay: Yiğit ve cesur bir adam olan Muhsin
Çelebi’nin Şah İsmail’in huzuruna, Tebriz’e,
elçi olarak gönderilmesi
Yer	
:	Topkapı Sarayı, Tebriz
Zaman	:	II. Beyazıt Dönemi
Kişiler	:	Muhsin Çelebi, Vezirler, Sadrazam,
Şah İsmail
Bu yapı unsurları aşağıdaki edebî metin­
lerden hangisiyle ilişkilendirilebilir? 
A) Kâhya başını kaldırdı:
""O da sabırsız... Ama ne yapsın? Dreg­
ley, pek yalçın, pek sarp... Borsem Dağ­
ları içinde baş kale bu imiş diyorlar.""
""Paşa, muhafızlara önce teslim teklif et­
medi mi?""
""Etti. ""
""Kabul etmediler mi?""
""Hayır, etmediler.""
""Kalenin kumandanı kimdi?""
""Zondi isminde bir kahraman...""
""Ben onların kahramanlıklarını bilirim.
Verdikleri sözü tutmazlar... Vire'yi bo­
zarlar. Elçiye hakaret ederler.
B) Dar kapısından başka aydınlık girecek
hiçbir yeri olmayan dükkânında tek
başına, gece gündüz kıvılcımlar saçarak
çalışan Koca Ali, tıpkı kafese konmuş
terbiyeli bir arslanı andırıyordu. Uzun
boylu, iri pençeli, kalın pazılı, geniş
omuzlu bir pehlivandı. On yıldır bu ka­
ranlık in içinde ham demirden dövdüğü
kılıç ve namluları tüm Anadolu'da, tüm
Rumeli'de sınır boylarında büyük bir
ün kazanmıştı.
C) Bu, her gece uykusunda onu kurtarmak
için birçok geminin pupa yelken geldi­
ğini gören zavallı eski bir Türk forsasıy­
dı. Tutsak olalı kırk yılı geçmişti. Otuz
yaşında, dinç, levent, güçlü bir kahra­
manken Malta korsanlarının eline düş­
müştü. Yirmi yıl onların kadırgalarında
kürek çekti.
D) Savaşçılardan biri koştu. Tahtın önünde
serili kaftanı topladı. Türk elçisine yetiş­
ti:
– Buyurun, kaftanınızı unuttunuz.
Muhsin Çelebi durdu. Güldü. Çıktığı 
kapıya doğru dönerek şahın işiteceği 
yüksek bir sesle:
– Hayır, unutmuyorum. Onu size bıra­
kıyorum. Sarayınızda büyük bir padişah
elçisini oturtacak seccadeniz, şilteniz
yok... Hem bir Türk, yere serdiği şeyi
bir daha arkasına koymaz... Bunu bil­
miyor musunuz? dedi.
6.
Aşağıdakilerden hangisi “deneme” türü
için söylenemez?
A) Her konuda yazılabildiği
B) Sanatsal kaygı ile oluşturulduğu
C) Evrensel konuların işlendiği
D) Konuşma havasının hâkim olduğu
7.
Dünyayı seninle sevmişim, ey dost!
Bu 
cümlenin 
yapısına 
göre 
türü
aşağıdakilerden hangisidir?
A) Basit
B) Birleşik
C) Sıralı
D) Bağlı
HAYAT BOYU ÖĞRENME
","3. Tema: Erdemler 5. Olay: Yiğit ve cesur bir adam olan Muhsin Çelebi’nin Şah İsmail’in huzuruna, Tebriz’e, elçi olarak gönderilmesi Yer : Topkapı Sarayı, Tebriz Zaman : II. Beyazıt Dönemi Kişiler : Muhsin Çelebi, Vezirler, Sadrazam, Şah İsmail Bu yapı unsurları aşağıdaki edebî metin­ lerden hangisiyle ilişkilendirilebilir? A) Kâhya başını kaldırdı: ""O da sabırsız... Ama ne yapsın? Dreg­ ley, pek yalçın, pek sarp... Borsem Dağ­ ları içinde baş kale bu imiş diyorlar."" ""Paşa, muhafızlara önce teslim teklif et­ medi mi?"" ""Etti. "" ""Kabul etmediler mi?"" ""Hayır, etmediler."" ""Kalenin kumandanı kimdi?"" ""Zondi isminde bir kahraman..."" ""Ben onların kahramanlıklarını bilirim. Verdikleri sözü tutmazlar... Vire'yi bo­ zarlar. Elçiye hakaret ederler. B) Dar kapısından başka aydınlık girecek hiçbir yeri olmayan dükkânında tek başına, gece gündüz kıvılcımlar saçarak çalışan Koca Ali, tıpkı kafese konmuş terbiyeli bir arslanı andırıyordu. Uzun boylu, iri pençeli, kalın pazılı, geniş omuzlu bir pehlivandı. On yıldır bu ka­ ranlık in içinde ham demirden dövdüğü kılıç ve namluları tüm Anadolu'da, tüm Rumeli'de sınır boylarında büyük bir ün kazanmıştı. C) Bu, her gece uykusunda onu kurtarmak için birçok geminin pupa yelken geldi­ ğini gören zavallı eski bir Türk forsasıy­ dı. Tutsak olalı kırk yılı geçmişti. Otuz yaşında, dinç, levent, güçlü bir kahra­ manken Malta korsanlarının eline düş­ müştü. Yirmi yıl onların kadırgalarında kürek çekti. D) Savaşçılardan biri koştu. Tahtın önünde serili kaftanı topladı. Türk elçisine yetiş­ ti: – Buyurun, kaftanınızı unuttunuz. Muhsin Çelebi durdu. Güldü. Çıktığı kapıya doğru dönerek şahın işiteceği yüksek bir sesle: – Hayır, unutmuyorum. Onu size bıra­ kıyorum. Sarayınızda büyük bir padişah elçisini oturtacak seccadeniz, şilteniz yok... Hem bir Türk, yere serdiği şeyi bir daha arkasına koymaz... Bunu bil­ miyor musunuz? dedi. 6. Aşağıdakilerden hangisi “deneme” türü için söylenemez? A) Her konuda yazılabildiği B) Sanatsal kaygı ile oluşturulduğu C) Evrensel konuların işlendiği D) Konuşma havasının hâkim olduğu 7. Dünyayı seninle sevmişim, ey dost! Bu cümlenin yapısına göre türü aşağıdakilerden hangisidir? A) Basit B) Birleşik C) Sıralı D) Bağlı HAYAT BOYU ÖĞRENME",,,,
page_104,104,"4. TEMA
İLETİŞİM
",4. TEMA İLETİŞİM,,,,
page_105,105,"Sürekli İletişim İçindeyiz
Selam Ver 
İletişim ve Hız
Başarılı İletişim 
(Dinleme / İzleme Metni)
ANAHTAR KAVRAMLAR
İletişim	
Selamlaşma	
İletişim ve Hız	
Fiilde Çatı	
Başarılı İletişim
Kişilerarası	
Teknoloji	
Geçiş ve Bağlantı 	
Mesaj	
Medya
İletişim
İfadeleri	
",Sürekli İletişim İçindeyiz Selam Ver İletişim ve Hız Başarılı İletişim (Dinleme / İzleme Metni) ANAHTAR KAVRAMLAR İletişim Selamlaşma İletişim ve Hız Fiilde Çatı Başarılı İletişim Kişilerarası Teknoloji Geçiş ve Bağlantı Mesaj Medya İletişim İfadeleri,,,,
page_106,106,"106
Türkçe 8. Sınıf
OKUMA
Hazırlık 
1. Etkili bir iletişim için hangi becerilere sahip olmamız gerekir?
2. Kimi insanların çevrelerindeki kişilerle iletişim kurarken zorluk çek-
tiği görülmektedir. Sizce bu durumun nedenleri neler olabilir?
Aşağıdaki metni eleştirel okuma yöntemini kullanarak sessiz okuyunuz.
SÜREKLİ İLETİŞİM İÇİNDEYİZ
Deniz kıyısında bir tatil köyünde olduğunuzu hayal edin. Güneşin doğuşunu gör-
mek için sabah erken kalktınız ve deniz kıyısında bir yürüyüşe çıktınız. Sahilde yürür-
ken, başka birinin size doğru gelmekte olduğunu gördünüz; bu kişi yaklaştıkça onun 
karşı cinsten tanımadığınız biri olduğunun farkına vardınız.
İçinde yetiştiğiniz aile ve yörenin gereği siz karşıdan gelen bu insana hiçbir şey 
söylemediniz hatta rahatsız olmasın diye yüzüne bile bakmadınız.
O da size bir şey söylemedi ve yüzünüze bakmadı. 
Birbirinize bir şey söylemeden ve birbirinizin yüzüne bakmadan geçip gittiniz.
 Önemli soru: Karşıdan gelen bu kişiyle aranızda iletişim var mıydı?
Bu soruyu sorduğum çoğu kişi,  ""Hayır,  iletişim yoktu!""  diyor. Niçin? Çünkü on­
lar farkında olmadan, kafalarında, söze dayalı bir iletişim tanımı yapmışlar. ""İki insan 
birbiriyle konuşursa iletişim vardır."" diye düşünüyorlar. 
","Türkçe 8. Sınıf OKUMA Hazırlık 1. Etkili bir iletişim için hangi becerilere sahip olmamız gerekir? 2. Kimi insanların çevrelerindeki kişilerle iletişim kurarken zorluk çek- tiği görülmektedir. Sizce bu durumun nedenleri neler olabilir? Aşağıdaki metni eleştirel okuma yöntemini kullanarak sessiz okuyunuz. SÜREKLİ İLETİŞİM İÇİNDEYİZ Deniz kıyısında bir tatil köyünde olduğunuzu hayal edin. Güneşin doğuşunu gör- mek için sabah erken kalktınız ve deniz kıyısında bir yürüyüşe çıktınız. Sahilde yürür- ken, başka birinin size doğru gelmekte olduğunu gördünüz; bu kişi yaklaştıkça onun karşı cinsten tanımadığınız biri olduğunun farkına vardınız. İçinde yetiştiğiniz aile ve yörenin gereği siz karşıdan gelen bu insana hiçbir şey söylemediniz hatta rahatsız olmasın diye yüzüne bile bakmadınız. O da size bir şey söylemedi ve yüzünüze bakmadı. Birbirinize bir şey söylemeden ve birbirinizin yüzüne bakmadan geçip gittiniz. Önemli soru: Karşıdan gelen bu kişiyle aranızda iletişim var mıydı? Bu soruyu sorduğum çoğu kişi, ""Hayır, iletişim yoktu!"" diyor. Niçin? Çünkü on­ lar farkında olmadan, kafalarında, söze dayalı bir iletişim tanımı yapmışlar. ""İki insan birbiriyle konuşursa iletişim vardır."" diye düşünüyorlar.",,,,
page_107,107,"107
4. Tema: İletişim
Hâlbuki iki kişi arasında, mesaj alışverişinin olduğu her zaman iletişim vardır.
Peki, mesaj nedir?
Anlamı olan her şey mesajdır.
İki insanın birbirine bir şey dememesinin, birbirinin yüzüne bakmamasının an­
lamı yok mu?
Tabii ki var.  Anlam alışverişinin olduğu her durumda iletişim gerçekleşir. İletişi­
mi, anlam alışverişi olarak tanımlayabiliriz.
Evet, sahilde yürüyen bu iki kişi arasında iletişim vardı!
İki insan birbirinin farkına vardığı andan itibaren iletişim başlar. 
İki insan birbirinin farkına vardığı andan itibaren söylediği, söylemediği, yaptığı, 
yapmadığı her şeyin anlamı vardır. Yüz ifadesinin, beden duruşunun, sesin, bakışın 
anlamı vardır.
Konuşmayan, birbirinin yüzüne bakmayan insanlar birbirlerine ne gibi mesajlar 
göndermiş olabilirler? Bu iki insan birbirinin yüzüne bakmamak ve birbirlerine bir 
şey söylememekle birçok anlam ifade etmiş olabilir. Örneğin, aşağıdaki şu mesajlar 
ve benzerleri, deniz kıyısında birbirini gören ve selamlaşmayan insanlar için geçerli 
olabilir:
""Sen benim için selam verilecek değerde bir insan değilsin."" 
""Ben tanımadığım kadınla/erkekle konuşacak tip değilim; benden uzak dur."" 
""Sabah güneşini görmek üzere sahile çıkmışsınız; selam vererek sizin iç dünyanız­
daki sükûneti bozmamaya özen gösteriyorum."" 
""Konuşmak için canım gidiyor, ama birleri görür de laf eder diye korktuğum için 
yüzünüze dahi bakmaya cesaret edemiyorum."" 
Demek ki iki kimse birbirine hiçbir şey söylemediği ve birbirinin yüzüne bakma­
dığı halde, ikisi arasında anlam alışverişi vardır. 
Başka bir örnek daha alalım. Farz edelim bir otobüs garında tek boş olan sandal­
yeye oturdunuz. Sandalyeye otururken diğer sandalyede oturan kişilere selam verebi­
lirsiniz veya vermeyebilirsiniz. 
Etraftakilere selam verseniz de iletişim içindesiniz, vermeseniz de! Selam verirse­
niz, “Sizi insan yerine koyuyorum”, “Selam verilmeye değer insanlar olarak görüyo­
rum.” anlamını ifade etmiş olursunuz. Selam vermemeniz de zıt anlamlar ifade eder.
","4. Tema: İletişim Hâlbuki iki kişi arasında, mesaj alışverişinin olduğu her zaman iletişim vardır. Peki, mesaj nedir? Anlamı olan her şey mesajdır. İki insanın birbirine bir şey dememesinin, birbirinin yüzüne bakmamasının an­ lamı yok mu? Tabii ki var. Anlam alışverişinin olduğu her durumda iletişim gerçekleşir. İletişi­ mi, anlam alışverişi olarak tanımlayabiliriz. Evet, sahilde yürüyen bu iki kişi arasında iletişim vardı! İki insan birbirinin farkına vardığı andan itibaren iletişim başlar. İki insan birbirinin farkına vardığı andan itibaren söylediği, söylemediği, yaptığı, yapmadığı her şeyin anlamı vardır. Yüz ifadesinin, beden duruşunun, sesin, bakışın anlamı vardır. Konuşmayan, birbirinin yüzüne bakmayan insanlar birbirlerine ne gibi mesajlar göndermiş olabilirler? Bu iki insan birbirinin yüzüne bakmamak ve birbirlerine bir şey söylememekle birçok anlam ifade etmiş olabilir. Örneğin, aşağıdaki şu mesajlar ve benzerleri, deniz kıyısında birbirini gören ve selamlaşmayan insanlar için geçerli olabilir: ""Sen benim için selam verilecek değerde bir insan değilsin."" ""Ben tanımadığım kadınla/erkekle konuşacak tip değilim; benden uzak dur."" ""Sabah güneşini görmek üzere sahile çıkmışsınız; selam vererek sizin iç dünyanız­ daki sükûneti bozmamaya özen gösteriyorum."" ""Konuşmak için canım gidiyor, ama birleri görür de laf eder diye korktuğum için yüzünüze dahi bakmaya cesaret edemiyorum."" Demek ki iki kimse birbirine hiçbir şey söylemediği ve birbirinin yüzüne bakma­ dığı halde, ikisi arasında anlam alışverişi vardır. Başka bir örnek daha alalım. Farz edelim bir otobüs garında tek boş olan sandal­ yeye oturdunuz. Sandalyeye otururken diğer sandalyede oturan kişilere selam verebi­ lirsiniz veya vermeyebilirsiniz. Etraftakilere selam verseniz de iletişim içindesiniz, vermeseniz de! Selam verirse­ niz, “Sizi insan yerine koyuyorum”, “Selam verilmeye değer insanlar olarak görüyo­ rum.” anlamını ifade etmiş olursunuz. Selam vermemeniz de zıt anlamlar ifade eder.",,,,
page_108,108,"108
Türkçe 8. Sınıf
Yaşamın dokusunu 
insan ilişkileri oluşturur. 
İnsanlar, çoğunlukla bir­
birlerini adam yerine ko­
yuyor, değer veriyorlarsa o 
toplumda insanlar daha az 
stresli, daha güler yüzlü 
olurlar. Birbirlerini adam 
yerine koymayan, değer 
vermeyen insanların ço­
ğunlukta olduğu toplum­
larda ise stres yüksektir.
Asansöre bindiğinizde birbirinize sözünüzle veya gözünüzle selam veriyor musu­
nuz? ""Günaydın, merhaba, iyi günler,"" gibi sözlerin sık sık söylendiği ortamlar uygar 
ortamlardır. Asansöre binip birbirlerinin yüzüne bakıp hiçbir şey söylemeyen insanla­
rın bulunduğu ortamlarda da iletişim vardır; bunlar, “Adam yerine koymaya değmez­
sin.”, “Umurumda değilsin.”, türünden mesajlardır. Ne var ki bu tür mesajlar, uygar 
toplumlardaki insanların birbirlerine verecekleri mesajlar değildir.
Doğan CÜCELOĞLU, Keşke'siz Bir Yaşam İçin İletişim Donanımları
1. ÇALIŞMA
Aşağıda verilen sözcüklerin metin içinde geçtiği cümleleri ilgili alana yazınız.
Cümledeki kullanımından anlamını tahmin etmeye çalışınız. Tahminlerinizi söz­
lük anlamlarıyla karşılaştırınız.
Cümle:
Tahminim:
Sözlük anlamı:
iletişim
Cümle:
Tahminim:
Sözlük anlamı:
mesaj
Cümle:
Tahminim:
Sözlük anlamı:
sükûnet
","Türkçe 8. Sınıf Yaşamın dokusunu insan ilişkileri oluşturur. İnsanlar, çoğunlukla bir­ birlerini adam yerine ko­ yuyor, değer veriyorlarsa o toplumda insanlar daha az stresli, daha güler yüzlü olurlar. Birbirlerini adam yerine koymayan, değer vermeyen insanların ço­ ğunlukta olduğu toplum­ larda ise stres yüksektir. Asansöre bindiğinizde birbirinize sözünüzle veya gözünüzle selam veriyor musu­ nuz? ""Günaydın, merhaba, iyi günler,"" gibi sözlerin sık sık söylendiği ortamlar uygar ortamlardır. Asansöre binip birbirlerinin yüzüne bakıp hiçbir şey söylemeyen insanla­ rın bulunduğu ortamlarda da iletişim vardır; bunlar, “Adam yerine koymaya değmez­ sin.”, “Umurumda değilsin.”, türünden mesajlardır. Ne var ki bu tür mesajlar, uygar toplumlardaki insanların birbirlerine verecekleri mesajlar değildir. Doğan CÜCELOĞLU, Keşke'siz Bir Yaşam İçin İletişim Donanımları 1. ÇALIŞMA Aşağıda verilen sözcüklerin metin içinde geçtiği cümleleri ilgili alana yazınız. Cümledeki kullanımından anlamını tahmin etmeye çalışınız. Tahminlerinizi söz­ lük anlamlarıyla karşılaştırınız. Cümle: Tahminim: Sözlük anlamı: iletişim Cümle: Tahminim: Sözlük anlamı: mesaj Cümle: Tahminim: Sözlük anlamı: sükûnet",,,,
page_109,109,"109
4. Tema: İletişim
2. ÇALIŞMA
Aşağıdaki soruları metne göre cevaplayınız.
1.
Tatil köyünde karşılaşan iki kişi arasında nasıl bir iletişim gerçekleşmiştir?
2.
İki kişi arasında iletişim ne zaman başlar?
3.
İletişim süreci hangi unsurlardan oluşur?
4.
İletişimde mesaj hangi yollarla karşıdaki kişilere iletilir?
5.
Sosyal hayatta iletişimin önemi nedir?
3. ÇALIŞMA
Okuduğunuz metnin ana düşüncesini ve yardımcı düşüncelerini aşağıdaki
tabloya yazınız.
Ana düşünce:
.....................................................................................................................................
Yardımcı düşünceler:
.....................................................................................................................................
.....................................................................................................................................
.....................................................................................................................................
4. ÇALIŞMA
Metindeki ana düşüncenin ve yardımcı düşüncelerin düşünceyi geliştirme yol­
larından hangileriyle desteklendiğini bulunuz. İlgili cümleyi düşünceyi geliştirme 
yolunun karşısına yazınız.
Düşünceyi Geliştirme Yolu
Kullanıldığı Cümle
",4. Tema: İletişim 2. ÇALIŞMA Aşağıdaki soruları metne göre cevaplayınız. 1. Tatil köyünde karşılaşan iki kişi arasında nasıl bir iletişim gerçekleşmiştir? 2. İki kişi arasında iletişim ne zaman başlar? 3. İletişim süreci hangi unsurlardan oluşur? 4. İletişimde mesaj hangi yollarla karşıdaki kişilere iletilir? 5. Sosyal hayatta iletişimin önemi nedir? 3. ÇALIŞMA Okuduğunuz metnin ana düşüncesini ve yardımcı düşüncelerini aşağıdaki tabloya yazınız. Ana düşünce: ..................................................................................................................................... Yardımcı düşünceler: ..................................................................................................................................... ..................................................................................................................................... ..................................................................................................................................... 4. ÇALIŞMA Metindeki ana düşüncenin ve yardımcı düşüncelerin düşünceyi geliştirme yol­ larından hangileriyle desteklendiğini bulunuz. İlgili cümleyi düşünceyi geliştirme yolunun karşısına yazınız. Düşünceyi Geliştirme Yolu Kullanıldığı Cümle,,,,
page_110,110,"110
Türkçe 8. Sınıf
5. ÇALIŞMA
Metnin içeriğine yönelik üç soru yazarak soruları cevaplayınız.
1. SORU:
CEVABIM:
2. SORU:
CEVABIM:
3. SORU:
CEVABIM:
6. ÇALIŞMA
Okuduğunuz metne farklı başlıklar yazınız.
BENİM 
BAŞLIKLARIM
....................................................
....................................................
....................................................
7. ÇALIŞMA
Oysaki
Başka Bir 
Deyişle
Özellikle
Kısaca
Böylece
İlk 
Olarak
Son 
Olarak
Yukarıda verilen geçiş ve bağlantı ifadelerini kullanarak “aile bireyleri arasın-
daki iletişim” konusunda bir paragraf yazınız.  
...................................................................................................................................
...................................................................................................................................
...................................................................................................................................
...................................................................................................................................
...................................................................................................................................
...................................................................................................................................
",Türkçe 8. Sınıf 5. ÇALIŞMA Metnin içeriğine yönelik üç soru yazarak soruları cevaplayınız. 1. SORU: CEVABIM: 2. SORU: CEVABIM: 3. SORU: CEVABIM: 6. ÇALIŞMA Okuduğunuz metne farklı başlıklar yazınız. BENİM BAŞLIKLARIM .................................................... .................................................... .................................................... 7. ÇALIŞMA Oysaki Başka Bir Deyişle Özellikle Kısaca Böylece İlk Olarak Son Olarak Yukarıda verilen geçiş ve bağlantı ifadelerini kullanarak “aile bireyleri arasın- daki iletişim” konusunda bir paragraf yazınız. ................................................................................................................................... ................................................................................................................................... ................................................................................................................................... ................................................................................................................................... ................................................................................................................................... ...................................................................................................................................,,,,
page_111,111,"111
4. Tema: İletişim
8. ÇALIŞMA
(I) Ankara’da yaşıyor, çok seviyorum. (II) Geçen pazar Ayşe ve ben Kızılay’a in­
dim. (III) Meydandaki herkes parkta, kafelerde oturuyor;  etrafta olup bitenle ilgilen-
miyordu.  (IV) Ben bir mağazaya, Ayşe ise lokantaya girdi.  (V) İşimi bitirip lokantaya 
doğru giderken sokak köpekleri karşıma çıktılar. (VI) Ne olduğunu anlamadan etra-
fımı sardılar. (VII) Bu da yetmezmiş gibi birkaç ağacın yaprakları dökülmeye başladı-
lar üzerime. (VIII) Şaşkınlık içerisinde özel ve kamu kuruluşlarının pencerelerinden 
insanları gülümseyen yüzlerini gördüm. (IX)  Kendimi bir dükkâna içeri attım. (X) 
Olayın şokunu atınca hızlı adımlarla Ayşe’nin yanına gittim, konuştum.
Bu metindeki numaralanmış cümleleri anlatım bozukluğu yönünden 
inceleyiniz. Belirlediğiniz anlatım bozukluklarının nedenlerini karşılarına yazınız.
Cümleler
Anlatım Bozukluğunun 
Nedeni
Cümleler
Anlatım Bozukluğunun 
Nedeni
I. cümle
VI. cümle
II. cümle
VII. cümle
III. cümle
VIII. cümle
IV. cümle
IX. cümle
V. cümle
X. cümle
9. ÇALIŞMA
Aşağıdaki cümlelerde boş bırakılan yerleri tamamlayınız.
a. “Babamdan kalan çiftliğimiz büyük ancak toprağı verimli değildi.” cümlesinde
.................................... eksiliğinden dolayı anlatım bozukluğu vardır.
b. “Bu ünitenin konusu belgisiz ve kişi zamirlerinden oluşuyor.” cümlesinde ........
...................................................... uyumsuzluğu vardır.  
c. “.........................................................................................“ cümlesi dolaylı tümleç
eksikliğine örnek gösterilebilir.
","4. Tema: İletişim 8. ÇALIŞMA (I) Ankara’da yaşıyor, çok seviyorum. (II) Geçen pazar Ayşe ve ben Kızılay’a in­ dim. (III) Meydandaki herkes parkta, kafelerde oturuyor; etrafta olup bitenle ilgilen- miyordu. (IV) Ben bir mağazaya, Ayşe ise lokantaya girdi. (V) İşimi bitirip lokantaya doğru giderken sokak köpekleri karşıma çıktılar. (VI) Ne olduğunu anlamadan etra- fımı sardılar. (VII) Bu da yetmezmiş gibi birkaç ağacın yaprakları dökülmeye başladı- lar üzerime. (VIII) Şaşkınlık içerisinde özel ve kamu kuruluşlarının pencerelerinden insanları gülümseyen yüzlerini gördüm. (IX) Kendimi bir dükkâna içeri attım. (X) Olayın şokunu atınca hızlı adımlarla Ayşe’nin yanına gittim, konuştum. Bu metindeki numaralanmış cümleleri anlatım bozukluğu yönünden inceleyiniz. Belirlediğiniz anlatım bozukluklarının nedenlerini karşılarına yazınız. Cümleler Anlatım Bozukluğunun Nedeni Cümleler Anlatım Bozukluğunun Nedeni I. cümle VI. cümle II. cümle VII. cümle III. cümle VIII. cümle IV. cümle IX. cümle V. cümle X. cümle 9. ÇALIŞMA Aşağıdaki cümlelerde boş bırakılan yerleri tamamlayınız. a. “Babamdan kalan çiftliğimiz büyük ancak toprağı verimli değildi.” cümlesinde .................................... eksiliğinden dolayı anlatım bozukluğu vardır. b. “Bu ünitenin konusu belgisiz ve kişi zamirlerinden oluşuyor.” cümlesinde ........ ...................................................... uyumsuzluğu vardır. c. “.........................................................................................“ cümlesi dolaylı tümleç eksikliğine örnek gösterilebilir.",,,,
page_112,112,"112
Türkçe 8. Sınıf
Hazırlık 
1. Selamlaşmanın Türk toplumundaki önemi nedir?
2. İnsan, yaşama sevincini nasıl sürdürebilir? Bu durum insanlar ara-
sındaki iletişimi nasıl etkiler?
Aşağıdaki metni vurgu ve tonlamaya dikkat ederek okuyunuz.
SELAM VER
Yola çıkınca her sabah, 
Bulutlara selam ver.
Taşlara, kuşlara,
Atlara, otlara,
İnsanlara selam ver.
Ne görürsen selam ver.
Sonra çıkarıp cebinden aynanı, 
Bir selamda kendine ver. 
Hatırın kalmasın el gün yanında. 
Bu dünyada sen de varsın!
Üleştir dostluğunu varlığa,
Bir kısmı seni de sarsın...
Üstün DÖKMEN, Selam
1. ÇALIŞMA
Metinde geçen “hatırı kalmak” deyiminin anlamını “Atasözleri ve Deyimler”
sözlüğünden öğrenerek aşağıda boş bırakılan yere yazınız. Bu deyimi cümle içinde 
kullanınız.
...................................................................................................................................
...................................................................................................................................
...................................................................................................................................
...................................................................................................................................
","Türkçe 8. Sınıf Hazırlık 1. Selamlaşmanın Türk toplumundaki önemi nedir? 2. İnsan, yaşama sevincini nasıl sürdürebilir? Bu durum insanlar ara- sındaki iletişimi nasıl etkiler? Aşağıdaki metni vurgu ve tonlamaya dikkat ederek okuyunuz. SELAM VER Yola çıkınca her sabah, Bulutlara selam ver. Taşlara, kuşlara, Atlara, otlara, İnsanlara selam ver. Ne görürsen selam ver. Sonra çıkarıp cebinden aynanı, Bir selamda kendine ver. Hatırın kalmasın el gün yanında. Bu dünyada sen de varsın! Üleştir dostluğunu varlığa, Bir kısmı seni de sarsın... Üstün DÖKMEN, Selam 1. ÇALIŞMA Metinde geçen “hatırı kalmak” deyiminin anlamını “Atasözleri ve Deyimler” sözlüğünden öğrenerek aşağıda boş bırakılan yere yazınız. Bu deyimi cümle içinde kullanınız. ................................................................................................................................... ................................................................................................................................... ................................................................................................................................... ...................................................................................................................................",,,,
page_113,113,"113
4. Tema: İletişim
2. ÇALIŞMA
Aşağıdaki soruları metne göre cevaplayınız.
1.
Şiirin ana duygusu nedir?
2.
Şair, her sabah evden çıkınca ne yapılmasını öneriyor? Bu öneriye katılıyor
musunuz? Niçin?
3.
Bir kişinin “bulutlara, taşlara, kuşlara, atlara, otlara” selam vermesi ne anlama
gelmektedir?
4.
Bir selam da kendine ver.
Hatırın kalmasın el gün yanında.
Bu  dünyada sen de varsın!
Bu dizeler ile ne anlatılmak istenmiş olabilir?
5.
Bir kişinin kendine değer vermesi ona ne kazandırır? Şair   , bu durumu nasıl dile
getirmiştir?
6.
Yaşama sevinci ile dolu bir kişinin en temel özelliği nedir? Açıklayınız.
3.ÇALIŞMA
Okuduğunuz “Selam Ver” adlı şiirin içeriği ile ilgili iki soru yazınız.
           ...............................................................................................................................
4. ÇALIŞMA
Aşağıdaki soruları cevaplayarak metnin içeriğini yorumlayınız.
a. Şairin hayata bakış açısı nedir?
b. “Kendini bilmek”, kendini tanımak” ve “kendine değer vermek” sizin için ne
anlam taşımaktadır? Okuduğunuz şiirde bu kavramlardan hangileri çıkarılabilir?
...............................................................................................................................
","4. Tema: İletişim 2. ÇALIŞMA Aşağıdaki soruları metne göre cevaplayınız. 1. Şiirin ana duygusu nedir? 2. Şair, her sabah evden çıkınca ne yapılmasını öneriyor? Bu öneriye katılıyor musunuz? Niçin? 3. Bir kişinin “bulutlara, taşlara, kuşlara, atlara, otlara” selam vermesi ne anlama gelmektedir? 4. Bir selam da kendine ver. Hatırın kalmasın el gün yanında. Bu dünyada sen de varsın! Bu dizeler ile ne anlatılmak istenmiş olabilir? 5. Bir kişinin kendine değer vermesi ona ne kazandırır? Şair , bu durumu nasıl dile getirmiştir? 6. Yaşama sevinci ile dolu bir kişinin en temel özelliği nedir? Açıklayınız. 3.ÇALIŞMA Okuduğunuz “Selam Ver” adlı şiirin içeriği ile ilgili iki soru yazınız. ............................................................................................................................... 4. ÇALIŞMA Aşağıdaki soruları cevaplayarak metnin içeriğini yorumlayınız. a. Şairin hayata bakış açısı nedir? b. “Kendini bilmek”, kendini tanımak” ve “kendine değer vermek” sizin için ne anlam taşımaktadır? Okuduğunuz şiirde bu kavramlardan hangileri çıkarılabilir? ...............................................................................................................................",,,,
page_114,114,"114
Türkçe 8. Sınıf
5. ÇALIŞMA
“Selam Ver”  ile “Sürekli İletişim İçindeyiz” adlı metinleri aşağıdaki tabloda ve­
rilen ölçütlere göre karşılaştırınız. 
Ölçütler
Selam Ver
Sürekli İletişim İçindeyiz
Konu 
Anlatım biçimi
Metin türü
Dil
6. ÇALIŞMA
Aşağıdaki cümleleri ayraç içinde verilen anlamları belirtecek şekilde tamam­
layınız.
a. Fatma, düğünde giymek …………………………  yeni bir elbise aldı. (koşul)
b. İzmir’e gideceği …………………………  erkenden yola çıktı. (neden-sonuç)
c. Bu kitabı ………………………………   diğer kitabı vereceğim. (koşul)
ç. 	 Fen netim, Türkçeye  ………………………………   fazladır. (karşılaştırma)
d. 	İstanbul, ………………………………   gibi parlıyordu. (benzetme)
e. Annemin yemekleri her zamanki gibi ……………………………… .   (duygu)
f. Kardeşim oyuncağını bulamayınca ……………………………… . (abartma)
g. 	Çeşitli dilleri konuşabiliyordu: ………………………………(örnekleme)
h. ………………………………  diye spor yapıyor. (amaç-sonuç)
ı. 	 ………………………………  ana renklerden biridir. (nesnel)
i. 	Duygusal şiirler ……………………………… . (öznel)
7. ÇALIŞMA
Yola çıkınca her sabah,
Bulutlara selam ver.
Bu dizelerdeki fiilimsiyi belirleyerek dizeye kattığı anlamı aşağıdaki boş yere
yazınız.
........................................................................................................................................
","Türkçe 8. Sınıf 5. ÇALIŞMA “Selam Ver” ile “Sürekli İletişim İçindeyiz” adlı metinleri aşağıdaki tabloda ve­ rilen ölçütlere göre karşılaştırınız. Ölçütler Selam Ver Sürekli İletişim İçindeyiz Konu Anlatım biçimi Metin türü Dil 6. ÇALIŞMA Aşağıdaki cümleleri ayraç içinde verilen anlamları belirtecek şekilde tamam­ layınız. a. Fatma, düğünde giymek ………………………… yeni bir elbise aldı. (koşul) b. İzmir’e gideceği ………………………… erkenden yola çıktı. (neden-sonuç) c. Bu kitabı ……………………………… diğer kitabı vereceğim. (koşul) ç. Fen netim, Türkçeye ……………………………… fazladır. (karşılaştırma) d. İstanbul, ……………………………… gibi parlıyordu. (benzetme) e. Annemin yemekleri her zamanki gibi ……………………………… . (duygu) f. Kardeşim oyuncağını bulamayınca ……………………………… . (abartma) g. Çeşitli dilleri konuşabiliyordu: ………………………………(örnekleme) h. ……………………………… diye spor yapıyor. (amaç-sonuç) ı. ……………………………… ana renklerden biridir. (nesnel) i. Duygusal şiirler ……………………………… . (öznel) 7. ÇALIŞMA Yola çıkınca her sabah, Bulutlara selam ver. Bu dizelerdeki fiilimsiyi belirleyerek dizeye kattığı anlamı aşağıdaki boş yere yazınız. ........................................................................................................................................",,,,
page_115,115,"115
4. Tema: İletişim
Hazırlık 
1. Teknolojinin gelişmesi hayatımızı nasıl etkilemiştir?
2. En çok hangi teknolojik aleti kullanıyorsunuz? Niçin?
Aşağıdaki metni eleştirel okuma yöntemini kullanarak sessiz okuyunuz.
İLETİŞİM VE HIZ
İletişim teknolojisinin gelişmesi, insanların arasındaki iletişimi artırması bakı­
mından ilk bakışta çok olumlu bir durum olarak nitelendirilebilir. Buna ben biraz 
kuşkulu yaklaşmak istiyorum. Acaba her alanda doğru bir iletişim kuruluyor mu? 
Sandığımız gibi en yüksek noktasında mı iletişim? Televizyonlar, uydular, bilgisayar­
lar dünyayı bir bilgi akışı ağı içine sarmadan önceki zamanlarda, insanlar iletişimsiz 
mi yaşıyordu? İnsanların birbirinden haberi olmuyor muydu?
Önce bu soruların cevabını vermek lazım. Çünkü her çağ, zaman zaman nostalji 
duyar ama kendi ürettikleriyle de övünür. Biz de kendi kendisiyle çok övünen bir ça­
ğız. Çok büyük değişiklikler yapmış bir çağın çocuklarıyız. Dünyadaki iletişim hızının 
en üst düzeye çıkardık diye övünüyoruz. Oysa acaba iletişimin en üst düzeyinde mi 
yaşıyoruz ve iletişim acaba olumlu mu?
Yüzyıllardan beri insanoğlunun dünyada çeşitli yollarla kurduğu iletişimler var. 
Belki daha uzun vadeli, belki bu kadar hızlı değil ama belki daha derinlemesine, belki 
","4. Tema: İletişim Hazırlık 1. Teknolojinin gelişmesi hayatımızı nasıl etkilemiştir? 2. En çok hangi teknolojik aleti kullanıyorsunuz? Niçin? Aşağıdaki metni eleştirel okuma yöntemini kullanarak sessiz okuyunuz. İLETİŞİM VE HIZ İletişim teknolojisinin gelişmesi, insanların arasındaki iletişimi artırması bakı­ mından ilk bakışta çok olumlu bir durum olarak nitelendirilebilir. Buna ben biraz kuşkulu yaklaşmak istiyorum. Acaba her alanda doğru bir iletişim kuruluyor mu? Sandığımız gibi en yüksek noktasında mı iletişim? Televizyonlar, uydular, bilgisayar­ lar dünyayı bir bilgi akışı ağı içine sarmadan önceki zamanlarda, insanlar iletişimsiz mi yaşıyordu? İnsanların birbirinden haberi olmuyor muydu? Önce bu soruların cevabını vermek lazım. Çünkü her çağ, zaman zaman nostalji duyar ama kendi ürettikleriyle de övünür. Biz de kendi kendisiyle çok övünen bir ça­ ğız. Çok büyük değişiklikler yapmış bir çağın çocuklarıyız. Dünyadaki iletişim hızının en üst düzeye çıkardık diye övünüyoruz. Oysa acaba iletişimin en üst düzeyinde mi yaşıyoruz ve iletişim acaba olumlu mu? Yüzyıllardan beri insanoğlunun dünyada çeşitli yollarla kurduğu iletişimler var. Belki daha uzun vadeli, belki bu kadar hızlı değil ama belki daha derinlemesine, belki",,,,
page_116,116,"116
Türkçe 8. Sınıf
daha doğru. İslam filozoflarının Yunan düşüncesiyle alışverişe girmeleri belki yüzyıl-
lar aldı. 
İstanbul’un fethinden sonra İtalya’ya giden bilim ve sanat insanlarının yarattığı 
Rönesans uzun bir sürede gerçekleşti. Bunlar belki daha uzun vadede ortaya çıkan, elli 
senelik, yüz senelik süreçler. Ama daha doğru sonuçlar alınabiliyor. Çünkü doğal bir 
seleksiyon (seçme, ayıklanma) var.
Bunu modern şiir ile klasik şiir ve halk şiiri arasındaki ilişkiye benzetecek olursak 
halk kültüründen, bütün dünya halklarından bize taşınan her ürün değerlidir. Çünkü 
bize taşınması için daha önce bin bir seleksiyondan geçmiştir. Yani halk onu yüzlerce 
yıl, sözlü edebiyatta bir şiir olarak taşımış ve Yunus Emre’yi bize 700 yıl sonra hediye 
etmiş (…). Belki, Yunus Emre tarzında yazan milyonlarca şair vardı. Onların hiçbirini 
bilmiyoruz. Dolayısıyla doğal bir seleksiyon gerçekleşmiştir. Suyun dere yatağındaki 
taşı, binlerce yılda temizleyip sedefli bir hâle getirmesi gibi cilalamıştır.
Oysa modern şiire baktığımız zaman değerini ölçemiyoruz. Çünkü belki de med-
ya değeri olarak çok ünlüdür. Birdenbire, bir günde meşhur olan değerler var bu dün-
yada. Yani doğal seleksiyon ve halkların kendi içindeki doğal alışverişlerini engelleyen 
bir boyutu var bu bilgi akışının.
Zülfü LİVANELİ, Sanat Uzun Hayat Kısa
1. ÇALIŞMA
“İletişim ve Hız” adlı metinde geçen anlamını bilmediğiniz sözcükleri belirle­
yerek aşağıdaki tabloyu doldurunuz. 
Anlamını bilmediğim 
sözcükler
Tahminim
Sözlük anlamı
..............................................
............................................ .................................................
..............................................
............................................ .................................................
..............................................
............................................ .................................................
2. ÇALIŞMA
Aşağıdaki soruları metne göre cevaplayınız.
1. Okuduğunuz metnin konusu ve yazılış amacı nedir?
2. İletişim teknolojisinin gelişmesinin insan yaşamına olumlu ve olumsuz katkı­
ları nelerdir?
3. Metinde hangi anlatım biçimleri ağır basmaktadır?  Örnek veriniz.
","Türkçe 8. Sınıf daha doğru. İslam filozoflarının Yunan düşüncesiyle alışverişe girmeleri belki yüzyıl- lar aldı. İstanbul’un fethinden sonra İtalya’ya giden bilim ve sanat insanlarının yarattığı Rönesans uzun bir sürede gerçekleşti. Bunlar belki daha uzun vadede ortaya çıkan, elli senelik, yüz senelik süreçler. Ama daha doğru sonuçlar alınabiliyor. Çünkü doğal bir seleksiyon (seçme, ayıklanma) var. Bunu modern şiir ile klasik şiir ve halk şiiri arasındaki ilişkiye benzetecek olursak halk kültüründen, bütün dünya halklarından bize taşınan her ürün değerlidir. Çünkü bize taşınması için daha önce bin bir seleksiyondan geçmiştir. Yani halk onu yüzlerce yıl, sözlü edebiyatta bir şiir olarak taşımış ve Yunus Emre’yi bize 700 yıl sonra hediye etmiş (…). Belki, Yunus Emre tarzında yazan milyonlarca şair vardı. Onların hiçbirini bilmiyoruz. Dolayısıyla doğal bir seleksiyon gerçekleşmiştir. Suyun dere yatağındaki taşı, binlerce yılda temizleyip sedefli bir hâle getirmesi gibi cilalamıştır. Oysa modern şiire baktığımız zaman değerini ölçemiyoruz. Çünkü belki de med- ya değeri olarak çok ünlüdür. Birdenbire, bir günde meşhur olan değerler var bu dün- yada. Yani doğal seleksiyon ve halkların kendi içindeki doğal alışverişlerini engelleyen bir boyutu var bu bilgi akışının. Zülfü LİVANELİ, Sanat Uzun Hayat Kısa 1. ÇALIŞMA “İletişim ve Hız” adlı metinde geçen anlamını bilmediğiniz sözcükleri belirle­ yerek aşağıdaki tabloyu doldurunuz. Anlamını bilmediğim sözcükler Tahminim Sözlük anlamı .............................................. ............................................ ................................................. .............................................. ............................................ ................................................. .............................................. ............................................ ................................................. 2. ÇALIŞMA Aşağıdaki soruları metne göre cevaplayınız. 1. Okuduğunuz metnin konusu ve yazılış amacı nedir? 2. İletişim teknolojisinin gelişmesinin insan yaşamına olumlu ve olumsuz katkı­ ları nelerdir? 3. Metinde hangi anlatım biçimleri ağır basmaktadır? Örnek veriniz.",,,,
page_117,117,"117
4. Tema: İletişim
4. “Doğal seleksiyon” ile ne anlatılmak istenmiştir?
5. Medyanın iletişim konusundaki işlevi nedir?
6. Metinden “iletişim” ile ilgili çıkarımlarınızı aşağıda boş bırakılan yere yazınız.
7. İletişim konusunda siz de yazar gibi düşünüyor musunuz? Niçin?
8. Okuduğunuz metinde ileri sürülen ana düşünce ve yardımcı düşünceler neler­
dir? Aşağıdaki ilgili alana yazınız.  
Ana Düşünce
Yardımcı düşünceler
3. ÇALIŞMA
Yazar, ortaya koyduğu görüşleri desteklemek için çeşitli düşünceyi geliştirme
yollarından yararlanmıştır. Bu yöntemlere metinden örnekler veriniz.
Düşünceyi geliştirme yolu
Örnek cümle 
4. ÇALIŞMA
İletişim teknolojisinin gelişmesi, insanların arasındaki iletişimi artırması bakı­
mından ilk bakışta çok olumlu bir durum olarak nitelendirilebilir. Buna ben biraz 
kuşkulu yaklaşmak istiyorum.
Önce bu soruların cevabını vermek lazım. Çünkü her çağ, zaman zaman nostalji du-
yar ama kendi ürettikleriyle de övünür. Biz de kendi kendisiyle çok övünen bir çağız. 
Suyun dere yatağındaki taşı, binlerce yılda temizleyip sedefli bir hâle getirmesi 
gibi cilalamıştır.
Bu parçadaki fiilimsileri belirleyerek gruplandırınız. Bunların cümlenin anla-
mına katkısını belirtiniz. 
İsim - fiil
Zarf - fiil
Sıfat - fiil
..............................................
............................................ .................................................
..............................................
............................................ .................................................
..............................................
............................................ .................................................
","4. Tema: İletişim 4. “Doğal seleksiyon” ile ne anlatılmak istenmiştir? 5. Medyanın iletişim konusundaki işlevi nedir? 6. Metinden “iletişim” ile ilgili çıkarımlarınızı aşağıda boş bırakılan yere yazınız. 7. İletişim konusunda siz de yazar gibi düşünüyor musunuz? Niçin? 8. Okuduğunuz metinde ileri sürülen ana düşünce ve yardımcı düşünceler neler­ dir? Aşağıdaki ilgili alana yazınız. Ana Düşünce Yardımcı düşünceler 3. ÇALIŞMA Yazar, ortaya koyduğu görüşleri desteklemek için çeşitli düşünceyi geliştirme yollarından yararlanmıştır. Bu yöntemlere metinden örnekler veriniz. Düşünceyi geliştirme yolu Örnek cümle 4. ÇALIŞMA İletişim teknolojisinin gelişmesi, insanların arasındaki iletişimi artırması bakı­ mından ilk bakışta çok olumlu bir durum olarak nitelendirilebilir. Buna ben biraz kuşkulu yaklaşmak istiyorum. Önce bu soruların cevabını vermek lazım. Çünkü her çağ, zaman zaman nostalji du- yar ama kendi ürettikleriyle de övünür. Biz de kendi kendisiyle çok övünen bir çağız. Suyun dere yatağındaki taşı, binlerce yılda temizleyip sedefli bir hâle getirmesi gibi cilalamıştır. Bu parçadaki fiilimsileri belirleyerek gruplandırınız. Bunların cümlenin anla- mına katkısını belirtiniz. İsim - fiil Zarf - fiil Sıfat - fiil .............................................. ............................................ ................................................. .............................................. ............................................ ................................................. .............................................. ............................................ .................................................",,,,
page_118,118,"118
Türkçe 8. Sınıf
YAZMA
1. ÇALIŞMA
Okuduğunuz “İletişim ve Hız” adlı metinden yola çıkarak ve bu metni günlük hayatınızla 
ilişkilendirerek “iletişim” konusunda bir yazı kaleme alınız. Yazınızı tercih etttiğiniz metin
türünün özelliklerine göre oluşturunuz. Yazı planını oluşturarak giriş, gelişme ve sonuç
bölümlerinde neler anlatacağınızı belirleyiniz. Yazınızın ana düşüncesinden hareketle
yazınıza uygun bir başlık belirleyiniz. Çalışmanın sonundaki değerlendirme formunu
yönergelerine uygun doldurunuz.
Başlık
……………………………………
Giriş
…………………………………………………………………………………..
…………………………………………………………………………………..
…………………………………………………………………………………..
…………………………………………………………………………………..
Gelişme
…………………………………………………………………………………..
…………………………………………………………………………………..
…………………………………………………………………………………..
…………………………………………………………………………………..
…………………………………………………………………………………..
…………………………………………………………………………………..
…………………………………………………………………………………..
…………………………………………………………………………………..
Sonuç
…………………………………………………………………………………..
…………………………………………………………………………………..
…………………………………………………………………………………..
…………………………………………………………………………………..
","Türkçe 8. Sınıf YAZMA 1. ÇALIŞMA Okuduğunuz “İletişim ve Hız” adlı metinden yola çıkarak ve bu metni günlük hayatınızla ilişkilendirerek “iletişim” konusunda bir yazı kaleme alınız. Yazınızı tercih etttiğiniz metin türünün özelliklerine göre oluşturunuz. Yazı planını oluşturarak giriş, gelişme ve sonuç bölümlerinde neler anlatacağınızı belirleyiniz. Yazınızın ana düşüncesinden hareketle yazınıza uygun bir başlık belirleyiniz. Çalışmanın sonundaki değerlendirme formunu yönergelerine uygun doldurunuz. Başlık …………………………………… Giriş ………………………………………………………………………………….. ………………………………………………………………………………….. ………………………………………………………………………………….. ………………………………………………………………………………….. Gelişme ………………………………………………………………………………….. ………………………………………………………………………………….. ………………………………………………………………………………….. ………………………………………………………………………………….. ………………………………………………………………………………….. ………………………………………………………………………………….. ………………………………………………………………………………….. ………………………………………………………………………………….. Sonuç ………………………………………………………………………………….. ………………………………………………………………………………….. ………………………………………………………………………………….. …………………………………………………………………………………..",,,,
page_119,119,"119
4. Tema: İletişim
Değerlendirme Formu
Bu yazma çalışması kapsamında aşağıda listelenen davranışlardan kazandığınız 
beceriler için Evet, kazanamadığınız beceriler için Hayır kutucuğuna (X) işareti koya­
rak kendinizi değerlendiriniz. 
Değerlendirme Ölçütleri
Evet
Hayır
Yazma stratejilerini kullandınız mı?
Yazınıza başlamadan önce ele aldığınız konuyla ilgili araştırma 
yaptınız mı?
Yazınızda “iletişim”le ilgili düşüncelere yer verdiniz mi?
Yazınızda atasözleri, deyimler ve özdeyişler kullandınız mı?
Açıklayıcı ve tartışmacı anlatımın özelliklerini yazınıza 
yansıttınız mı?
Yazınızı giriş, gelişme ve sonuç bölümleri hâlinde oluşturdunuz 
mu?
Yazınızda uygun geçiş ve bağlantı ifadeleri kullandınız mı?
Yazınızda başlık kullandınız mı?
Yazınızı dil bilgisi, imla, noktalama ve anlatım bozukluğu 
bakımından gözden geçirdiniz mi?
Yazınızı çevrenizdeki kişilerle ya da sosyal medyada paylaştınız 
mı?
Yazınızda farklı cümle türleri kullandınız mı?
Değerlendirme sonunda Hayır şeklindeki cevaplarınızı bir daha gözden geçiriniz 
ve ilgili açıklamaları tekrar ediniz. 
Fiilde Çatı
A. Yüklemin Türüne Göre Cümleler
Fiillerin, nesne alıp almamalarına ve öznelerine göre özelliklerine çatı denir.
Bu konu sadece yüklemi fiil olan cümlelerle ilgilidir. Bu yüzden yüklemi bir isim 
ya da isim soylu sözcük olan cümlelerde çatı aranmaz. 
Fiiller, çatı bakımından nesnesine ve öznesine göre iki grup olarak sınıflan-
dırılır: 
BİLGİ KUTUSU
","4. Tema: İletişim Değerlendirme Formu Bu yazma çalışması kapsamında aşağıda listelenen davranışlardan kazandığınız beceriler için Evet, kazanamadığınız beceriler için Hayır kutucuğuna (X) işareti koya­ rak kendinizi değerlendiriniz. Değerlendirme Ölçütleri Evet Hayır Yazma stratejilerini kullandınız mı? Yazınıza başlamadan önce ele aldığınız konuyla ilgili araştırma yaptınız mı? Yazınızda “iletişim”le ilgili düşüncelere yer verdiniz mi? Yazınızda atasözleri, deyimler ve özdeyişler kullandınız mı? Açıklayıcı ve tartışmacı anlatımın özelliklerini yazınıza yansıttınız mı? Yazınızı giriş, gelişme ve sonuç bölümleri hâlinde oluşturdunuz mu? Yazınızda uygun geçiş ve bağlantı ifadeleri kullandınız mı? Yazınızda başlık kullandınız mı? Yazınızı dil bilgisi, imla, noktalama ve anlatım bozukluğu bakımından gözden geçirdiniz mi? Yazınızı çevrenizdeki kişilerle ya da sosyal medyada paylaştınız mı? Yazınızda farklı cümle türleri kullandınız mı? Değerlendirme sonunda Hayır şeklindeki cevaplarınızı bir daha gözden geçiriniz ve ilgili açıklamaları tekrar ediniz. Fiilde Çatı A. Yüklemin Türüne Göre Cümleler Fiillerin, nesne alıp almamalarına ve öznelerine göre özelliklerine çatı denir. Bu konu sadece yüklemi fiil olan cümlelerle ilgilidir. Bu yüzden yüklemi bir isim ya da isim soylu sözcük olan cümlelerde çatı aranmaz. Fiiller, çatı bakımından nesnesine ve öznesine göre iki grup olarak sınıflan- dırılır: BİLGİ KUTUSU",,,,
page_120,120,"120
Türkçe 8. Sınıf
Öznesine Göre Fiiller		
Nesnesine Göre Fiiller
1. Etken Fiil
1. Geçişli Fiil
2. Edilgen Fiil
2. Geçişsiz Fiil
3. Dönüşlü Fiil
4. İşteş Fiil
A. Öznesine Göre Fiiller
1. Etken Çatılı fiiller
Türkçede kimi cümlelerde yüklemin bildirdiği işi yapan özne belirlidir.
Öznesi belli olan (gerçek özne) fiillere “etken fiil” denir. 
ÖRNEK
+ Ali, çarşıdan geliyor.
+ Can, ders çalışıyor.
+ Dolmuş yine gecikti.
Bu cümlelerde kullanılan fiiller, işi yapan özneler belirli olduğu için etken
çatılıdır.
2. Edilgen Çatılı Fiiller
Türkçede kimi cümleler “başkası tarafından yapılma” anlamı taşır. Bu
cümlelerde kullanılan fiillere “edilgen fiil” denir.  Yapılan işten etkilenen varlık 
özne (sözde özne) olur. 
ÖRNEK
+ Ev iki günde silinir.
+ Caddeler tören için trafiğe kapatıldı.
+ Maaşlar yılbaşında zamlanacak.
Bu cümlelerde iş başkaları tarafından yapıldığı ve sözde özne kullanıldığı
için yüklemler edilgen çatılıdır.
","Türkçe 8. Sınıf Öznesine Göre Fiiller Nesnesine Göre Fiiller 1. Etken Fiil 1. Geçişli Fiil 2. Edilgen Fiil 2. Geçişsiz Fiil 3. Dönüşlü Fiil 4. İşteş Fiil A. Öznesine Göre Fiiller 1. Etken Çatılı fiiller Türkçede kimi cümlelerde yüklemin bildirdiği işi yapan özne belirlidir. Öznesi belli olan (gerçek özne) fiillere “etken fiil” denir. ÖRNEK + Ali, çarşıdan geliyor. + Can, ders çalışıyor. + Dolmuş yine gecikti. Bu cümlelerde kullanılan fiiller, işi yapan özneler belirli olduğu için etken çatılıdır. 2. Edilgen Çatılı Fiiller Türkçede kimi cümleler “başkası tarafından yapılma” anlamı taşır. Bu cümlelerde kullanılan fiillere “edilgen fiil” denir. Yapılan işten etkilenen varlık özne (sözde özne) olur. ÖRNEK + Ev iki günde silinir. + Caddeler tören için trafiğe kapatıldı. + Maaşlar yılbaşında zamlanacak. Bu cümlelerde iş başkaları tarafından yapıldığı ve sözde özne kullanıldığı için yüklemler edilgen çatılıdır.",,,,
page_121,121,"121
4. Tema: İletişim
3. Dönüşlü Çatılı Fiiller
Türkçede kimi cümlelerde özne, yüklemde bildirilen eylemi doğrudan ya-
par; yaptığı bu işten yine kendisi etkilenir. Dönüşlü eylemin yüklem olduğu 
cümlede “kendi kendine yapma” anlamı vardır.
ÖRNEK
+ Ahmet, babasını görünce sevindi.
+ Zeliha, akşam yemeği için hazırlandı.
+ Maçı kaybedince üzüldü.
Bu cümlelerde, yüklemde bildirilen işleri öznelerin, “kendi kendilerine
yaptıklarını” ve yaptıkları bu işlerden etkilendiklerini” görüyoruz. Bu yüzden 
yüklem dönüşlü çatılıdır.  
4. İşteş Çatılı Fiiller
Eylemin birden çok özne tarafından yapıldığını gösteren fiillerdir. Bu fiille-
rin kullanıldığı cümlelerde karşılıklı ya da birlikte yapma anlamı vardır. 
ÖRNEK
+ Arkadaşlarıyla selamlaştı.
+ Kuşlar uçuştu.
+ Kuzular dört bir yana kaçıştı.
Bu cümlelerde, yüklemde bildirilen iş birden fazla kişi tarafından aynı anda
“karşılıklı” ya da “birlikte” yapılmıştır. Bu yüzden yüklemler işteş çatılıdır.
B. Nesnelerine Göre Fiil Çatıları
Fiiller nesne alıp almadıklarına göre fiildeki bir işin başka bir varlığı etkile-
yip etkilememesine göre gruplandırılabilir: 
1. Geçişli  Fiiller
Öznenin yaptığı işi, başka varlıklar üzerine geçirebilen fillerdir. Nesne alan
ve “ne, neyi, kim, kimi” sorularına yanıt veren fiillerdir. 
","4. Tema: İletişim 3. Dönüşlü Çatılı Fiiller Türkçede kimi cümlelerde özne, yüklemde bildirilen eylemi doğrudan ya- par; yaptığı bu işten yine kendisi etkilenir. Dönüşlü eylemin yüklem olduğu cümlede “kendi kendine yapma” anlamı vardır. ÖRNEK + Ahmet, babasını görünce sevindi. + Zeliha, akşam yemeği için hazırlandı. + Maçı kaybedince üzüldü. Bu cümlelerde, yüklemde bildirilen işleri öznelerin, “kendi kendilerine yaptıklarını” ve yaptıkları bu işlerden etkilendiklerini” görüyoruz. Bu yüzden yüklem dönüşlü çatılıdır. 4. İşteş Çatılı Fiiller Eylemin birden çok özne tarafından yapıldığını gösteren fiillerdir. Bu fiille- rin kullanıldığı cümlelerde karşılıklı ya da birlikte yapma anlamı vardır. ÖRNEK + Arkadaşlarıyla selamlaştı. + Kuşlar uçuştu. + Kuzular dört bir yana kaçıştı. Bu cümlelerde, yüklemde bildirilen iş birden fazla kişi tarafından aynı anda “karşılıklı” ya da “birlikte” yapılmıştır. Bu yüzden yüklemler işteş çatılıdır. B. Nesnelerine Göre Fiil Çatıları Fiiller nesne alıp almadıklarına göre fiildeki bir işin başka bir varlığı etkile- yip etkilememesine göre gruplandırılabilir: 1. Geçişli Fiiller Öznenin yaptığı işi, başka varlıklar üzerine geçirebilen fillerdir. Nesne alan ve “ne, neyi, kim, kimi” sorularına yanıt veren fiillerdir.",,,,
page_122,122,"122
Türkçe 8. Sınıf
ÖRNEK
+ Çantasını kaybetmiş.
+ Bakkaldan limon aldı.
+ Kardeşini aradı.
Bu cümlelerde nesne bulunduğundan yüklemdeki fiiller geçişlidir.
2. Geçişsiz Fiiller
Nesne almayan fiillerdir.
ÖRNEK
+ Eve otobüsle gidiyordu.
+ Hiç durmadan koştu.
+ Treni iki saat bekledi.
Bu cümlelerin fiilleri nesne almadığından geçişsizdir.
 2. ÇALIŞMA
(I) Her çağ, zaman zaman nostalji duyar ama kendi ürettikleriyle de övünür. (II)
Biz de kendi kendisiyle çok övünen bir çağız. (III) Çok büyük değişiklikler yapmış 
bir çağın çocuklarıyız. (IV) Dünyadaki iletişim hızını en üst düzeye çıkardık diye 
övünüyoruz. 
Numaralanmış cümlelerin hangilerinde çatı özelliği görülür?
A) I ve II
B) II ve III
C) III ve IV
D) I ve IV
3. ÇALIŞMA
Aşağıdaki cümlelerin yüklemlerini özne-yüklem ilişkisine göre inceleyiniz.
Cümleler
Öznesine Göre Çatısı 
a. Fatma, pazara yalnız başına gitmiş.
b. Odası çok güzel süslenmiş.
c. Komşumla her sabah asansörde karşılaşıyoruz.
ç. Beni yalnız bırakan arkadaşıma çok kırıldım.
","Türkçe 8. Sınıf ÖRNEK + Çantasını kaybetmiş. + Bakkaldan limon aldı. + Kardeşini aradı. Bu cümlelerde nesne bulunduğundan yüklemdeki fiiller geçişlidir. 2. Geçişsiz Fiiller Nesne almayan fiillerdir. ÖRNEK + Eve otobüsle gidiyordu. + Hiç durmadan koştu. + Treni iki saat bekledi. Bu cümlelerin fiilleri nesne almadığından geçişsizdir. 2. ÇALIŞMA (I) Her çağ, zaman zaman nostalji duyar ama kendi ürettikleriyle de övünür. (II) Biz de kendi kendisiyle çok övünen bir çağız. (III) Çok büyük değişiklikler yapmış bir çağın çocuklarıyız. (IV) Dünyadaki iletişim hızını en üst düzeye çıkardık diye övünüyoruz. Numaralanmış cümlelerin hangilerinde çatı özelliği görülür? A) I ve II B) II ve III C) III ve IV D) I ve IV 3. ÇALIŞMA Aşağıdaki cümlelerin yüklemlerini özne-yüklem ilişkisine göre inceleyiniz. Cümleler Öznesine Göre Çatısı a. Fatma, pazara yalnız başına gitmiş. b. Odası çok güzel süslenmiş. c. Komşumla her sabah asansörde karşılaşıyoruz. ç. Beni yalnız bırakan arkadaşıma çok kırıldım.",,,,
page_123,123,"123
4. Tema: İletişim
4. ÇALIŞMA
Aşağıdaki cümlelerin hangisinde karşılıklı yapma anlamı vardır?
A) Eski öğretmenimle mektuplaşıyoruz.
B) Her  ay mutlaka bir kitap okurum.
C) Bu bina, çok kötü boyanmış.
D) Bahar gelince kuşlar da ötüşür.
5. ÇALIŞMA
Aşağıdaki cümlelerin yüklemlerini nesne-yüklem ilişkisine göre inceleyiniz.
Cümleler
Nesnesine Göre Çatısı 
a. Gürsel, her gün üç elma yer.
b. İbrahim sağlık için sabahları bir saat yürür.
c. Fatih bütün derslerini geçti.
ç. Halil Oktay, yeni evini boyadı.
DİNLEME / İZLEME
­
www.eba.gov.tr adresinden ""Başarılı İletişim"" adlı videoyu seçici, yaratıcı, eleştirel,
empati kurarak, not alarak dinleme gibi yöntem ve tekniklerinden birini
uygulayarak izleyiniz. Dinleme etkinliği gerçekleştirdikten sonra aşağıdaki
çalışmaları yapınız.
1.
İzlediğiniz videoda geçen anlamını bilmediğiniz sözcüklerin anlamını tahmin
ediniz.
2.
İzlediğiniz videoyu çevrenizdeki kişilerden birine sözlü olarak özetleyiniz.
","4. Tema: İletişim 4. ÇALIŞMA Aşağıdaki cümlelerin hangisinde karşılıklı yapma anlamı vardır? A) Eski öğretmenimle mektuplaşıyoruz. B) Her ay mutlaka bir kitap okurum. C) Bu bina, çok kötü boyanmış. D) Bahar gelince kuşlar da ötüşür. 5. ÇALIŞMA Aşağıdaki cümlelerin yüklemlerini nesne-yüklem ilişkisine göre inceleyiniz. Cümleler Nesnesine Göre Çatısı a. Gürsel, her gün üç elma yer. b. İbrahim sağlık için sabahları bir saat yürür. c. Fatih bütün derslerini geçti. ç. Halil Oktay, yeni evini boyadı. DİNLEME / İZLEME ­ www.eba.gov.tr adresinden ""Başarılı İletişim"" adlı videoyu seçici, yaratıcı, eleştirel, empati kurarak, not alarak dinleme gibi yöntem ve tekniklerinden birini uygulayarak izleyiniz. Dinleme etkinliği gerçekleştirdikten sonra aşağıdaki çalışmaları yapınız. 1. İzlediğiniz videoda geçen anlamını bilmediğiniz sözcüklerin anlamını tahmin ediniz. 2. İzlediğiniz videoyu çevrenizdeki kişilerden birine sözlü olarak özetleyiniz.",,,,
page_124,124,"124
Türkçe 8. Sınıf
3.
İzlediğiniz videoda ele alınan konuyla ilgili hangi uzmanın görüşlerine başvurul­
muştur?
4.
İzlediğiniz videonun konusu nedir?
5.
İzlediğiniz videonun ana fikri nedir?
…………………………………………………………………………………………
…………………………………………………………………………………………
6.
Çocuklarla iletişim kurarken nelere dikkat etmek gerekir?
…………………………………………………………………………………………
…………………………………………………………………………………………
7.
Ön yargılarımız iletişimi engeller mi? Niçin?
…………………………………………………………………………………………
…………………………………………………………………………………………
8.
“Her birey farklıdır . Dolayısıyla iletişim yolları  da farklıdır.” düşüncesini
destekleyen  örnekler (kendi hayatınızdan) veriniz.
9.
İzlediğiniz videoya bir başlık vermek isteseydiniz ne koyardınız?
…...……………………………………………………………………………………
…………………………………………………………………………………………
10. İzlediğiniz videoda birbiriyle çelişen olay ya da durumlar var mıydı?
…………………………………………………………………………………………
…………………………………………………………………………………………
",Türkçe 8. Sınıf 3. İzlediğiniz videoda ele alınan konuyla ilgili hangi uzmanın görüşlerine başvurul­ muştur? 4. İzlediğiniz videonun konusu nedir? 5. İzlediğiniz videonun ana fikri nedir? ………………………………………………………………………………………… ………………………………………………………………………………………… 6. Çocuklarla iletişim kurarken nelere dikkat etmek gerekir? ………………………………………………………………………………………… ………………………………………………………………………………………… 7. Ön yargılarımız iletişimi engeller mi? Niçin? ………………………………………………………………………………………… ………………………………………………………………………………………… 8. “Her birey farklıdır . Dolayısıyla iletişim yolları da farklıdır.” düşüncesini destekleyen örnekler (kendi hayatınızdan) veriniz. 9. İzlediğiniz videoya bir başlık vermek isteseydiniz ne koyardınız? …...…………………………………………………………………………………… ………………………………………………………………………………………… 10. İzlediğiniz videoda birbiriyle çelişen olay ya da durumlar var mıydı? ………………………………………………………………………………………… …………………………………………………………………………………………,,,,
page_125,125,"125
4. Tema: İletişim
11. İzlediğiniz videoyu değerlendiriniz ve görüşlerinizi yazınız.
…………………………………………………………………………………………
…………………………………………………………………………………………
…………………………………………………………………………………………
…………………………………………………………………………………………
12. İzlediğiniz videonun hazırlanış amacı nedir?
…………………………………………………………………………………………
…………………………………………………………………………………………
13. İzlediğiniz videoda aktarılan bilgiler güvenilir bir kaynağa dayanıyor mu?
…………………………………………………………………………………………
…………………………………………………………………………………………
KONUŞMA
1. “İnsanlar konuşa konuşa anlaşırlar.” atasözümüzünden hareketle “kişiler arası
iletişimin önemini” açıklayan bir sunu hazırlayarak çevrenizdeki kişilerle paylaşınız.
2. Hazırladığınız sununun aşamalarını aşağıya yazınız.
…………………………………………………………………………………………
…………………………………………………………………………………………
…………………………………………………………………………………………
…………………………………………………………………………………………
…………………………………………………………………………………………
3. Hazırladığınız sunuyu aşağıdaki “Değerlendirme Formu”na göre değerlendiri­
niz. Bu sunu çalışması kapsamında aşağıda listelenen davranışlardan kazandığınız be­
ceriler için Evet, kazanamadığınız beceriler için Hayır kutucuğuna (X) işareti koyarak 
kendinizi değerlendiriniz. 
","4. Tema: İletişim 11. İzlediğiniz videoyu değerlendiriniz ve görüşlerinizi yazınız. ………………………………………………………………………………………… ………………………………………………………………………………………… ………………………………………………………………………………………… ………………………………………………………………………………………… 12. İzlediğiniz videonun hazırlanış amacı nedir? ………………………………………………………………………………………… ………………………………………………………………………………………… 13. İzlediğiniz videoda aktarılan bilgiler güvenilir bir kaynağa dayanıyor mu? ………………………………………………………………………………………… ………………………………………………………………………………………… KONUŞMA 1. “İnsanlar konuşa konuşa anlaşırlar.” atasözümüzünden hareketle “kişiler arası iletişimin önemini” açıklayan bir sunu hazırlayarak çevrenizdeki kişilerle paylaşınız. 2. Hazırladığınız sununun aşamalarını aşağıya yazınız. ………………………………………………………………………………………… ………………………………………………………………………………………… ………………………………………………………………………………………… ………………………………………………………………………………………… ………………………………………………………………………………………… 3. Hazırladığınız sunuyu aşağıdaki “Değerlendirme Formu”na göre değerlendiri­ niz. Bu sunu çalışması kapsamında aşağıda listelenen davranışlardan kazandığınız be­ ceriler için Evet, kazanamadığınız beceriler için Hayır kutucuğuna (X) işareti koyarak kendinizi değerlendiriniz.",,,,
page_126,126,"126
Türkçe 8. Sınıf
Değerlendirme Ölçütleri
Evet
Hayır
Sunu hazırladım.
Sunum anında konuşma stratejilerini uyguladım. 
Konuşmamda beden dilini etkili bir şekilde kullandım.
Sözcükleri anlamlarına uygun kullandım.
Konuşmamda yabancı dillerden alınmış, dilimize henüz 
yerleşmemiş sözcüklerin Türkçelerini kullandım.
Konuşmamda uygun geçiş ve bağlantı ifadelerini kullandım.
Değerlendirme sonunda Hayır şeklindeki cevaplarınızı bir daha gözden geçiriniz ve 
ilgili açıklamaları tekrar ediniz. 
","Türkçe 8. Sınıf Değerlendirme Ölçütleri Evet Hayır Sunu hazırladım. Sunum anında konuşma stratejilerini uyguladım. Konuşmamda beden dilini etkili bir şekilde kullandım. Sözcükleri anlamlarına uygun kullandım. Konuşmamda yabancı dillerden alınmış, dilimize henüz yerleşmemiş sözcüklerin Türkçelerini kullandım. Konuşmamda uygun geçiş ve bağlantı ifadelerini kullandım. Değerlendirme sonunda Hayır şeklindeki cevaplarınızı bir daha gözden geçiriniz ve ilgili açıklamaları tekrar ediniz.",,,,
page_127,127,"127
4. Tema: İletişim
1.
Bir kişiden diğer kişi veya kişilere mesajın
aktarılmasına …. denir.
Bu cümlede boş bırakılan yere aşağıda­
kilerden hangisi getirilebilir?
A) Bağlam
B) Kanal
C) İletişim
D) Tartışma
2.
İnternet, gelişen teknolojinin de etkisiyle
toplumsal yaşamın vazgeçilmez bir ögesi
olmuştur. Birçok sosyal bilimci araştırma­
larında İnternetin birey ve toplum yaşamı
üzerindeki etkisini sorgulamıştır.  İnternet
çağımızın en büyük bilgi paylaşım ağıdır.
Kitle iletişimin tümünü kapsamaktadır.
Bireyler olumlu etkileri olduğu kadar
olumsuz etkileri de vardır. Özellikle bir­
biriyle ilişkisi olmayan geniş bir nüfusun
ortaya çıkmasına neden olmuştur.  Bu du­
rumun gelecekte artarak devam edeceği
kuşkusuzdur.
Bu parçadan aşağıdakilerin hangisi çı­
karılamaz?
A) İnternet, kitle iletişim araçlarından bi­
ridir.
B) İnternet günümüzde bilginin paylaşıl­
dığı en önemli platformdur.
C) İnternetin, bireylerin yaşamında olum­
lu/olumsuz etkileri vardır.
D) İnternet, gençlerin birbirini tanıma­
sında etkilidir.
3.
Edebî eserler üstün bir çalışmanın sonun­
da ortaya çıkar. Başka bir ifadeyle bireysel
bir ürün olan edebî eserler, aynı zamanda
yaratıcı bir çalışmadır. Burada Alain’in bir
sözünü hatırlıyoruz. “Sanat insanın, do­
ğaya eklediği bir şeydir.” Edebî eserlerin
özünü oluşturan unsurlar doğada varsa da
bunları edebiyat hâline getiren sanatçılar­
dır.
Bu parçanın anlatımında aşağıdakiler­
den hangisi ağır basmaktadır?
A) Tanımlama
B) Karşılaştırma
C) Tanık gösterme
D) Benzetme
4.
Fatih televizyon izliyordu, Ali ve ben de
kitap okuyordum.
Bu cümledeki anlatım bozukluğunun
nedeni aşağıdakilerden hangisidir?
A) Nesne eksikliği
B) Özne-yüklem uyuşmazlığı
C) Tamlayan eki eksikliği
D) Dolaylı tümleç eksikliği
5.
Ayşe: Baba o kadar sevinçliyim ki anlata­
mam, okul birincisi oldum.
Aşağıdaki deyimlerden hangisi altı çizili
sözcüğün anlamını içermektedir?
A) Etekleri tutuşmak
B) Ağzı kulaklarına varmak
C) Canından bezmek
D) Yüreği incinmek
4. TEMA
ÖLÇME VE DEĞERLENDİRME SORULARI
HAYAT BOYU ÖĞRENME
","4. Tema: İletişim 1. Bir kişiden diğer kişi veya kişilere mesajın aktarılmasına …. denir. Bu cümlede boş bırakılan yere aşağıda­ kilerden hangisi getirilebilir? A) Bağlam B) Kanal C) İletişim D) Tartışma 2. İnternet, gelişen teknolojinin de etkisiyle toplumsal yaşamın vazgeçilmez bir ögesi olmuştur. Birçok sosyal bilimci araştırma­ larında İnternetin birey ve toplum yaşamı üzerindeki etkisini sorgulamıştır. İnternet çağımızın en büyük bilgi paylaşım ağıdır. Kitle iletişimin tümünü kapsamaktadır. Bireyler olumlu etkileri olduğu kadar olumsuz etkileri de vardır. Özellikle bir­ biriyle ilişkisi olmayan geniş bir nüfusun ortaya çıkmasına neden olmuştur. Bu du­ rumun gelecekte artarak devam edeceği kuşkusuzdur. Bu parçadan aşağıdakilerin hangisi çı­ karılamaz? A) İnternet, kitle iletişim araçlarından bi­ ridir. B) İnternet günümüzde bilginin paylaşıl­ dığı en önemli platformdur. C) İnternetin, bireylerin yaşamında olum­ lu/olumsuz etkileri vardır. D) İnternet, gençlerin birbirini tanıma­ sında etkilidir. 3. Edebî eserler üstün bir çalışmanın sonun­ da ortaya çıkar. Başka bir ifadeyle bireysel bir ürün olan edebî eserler, aynı zamanda yaratıcı bir çalışmadır. Burada Alain’in bir sözünü hatırlıyoruz. “Sanat insanın, do­ ğaya eklediği bir şeydir.” Edebî eserlerin özünü oluşturan unsurlar doğada varsa da bunları edebiyat hâline getiren sanatçılar­ dır. Bu parçanın anlatımında aşağıdakiler­ den hangisi ağır basmaktadır? A) Tanımlama B) Karşılaştırma C) Tanık gösterme D) Benzetme 4. Fatih televizyon izliyordu, Ali ve ben de kitap okuyordum. Bu cümledeki anlatım bozukluğunun nedeni aşağıdakilerden hangisidir? A) Nesne eksikliği B) Özne-yüklem uyuşmazlığı C) Tamlayan eki eksikliği D) Dolaylı tümleç eksikliği 5. Ayşe: Baba o kadar sevinçliyim ki anlata­ mam, okul birincisi oldum. Aşağıdaki deyimlerden hangisi altı çizili sözcüğün anlamını içermektedir? A) Etekleri tutuşmak B) Ağzı kulaklarına varmak C) Canından bezmek D) Yüreği incinmek 4. TEMA ÖLÇME VE DEĞERLENDİRME SORULARI HAYAT BOYU ÖĞRENME",,,,
page_128,128,"128
Türkçe 8. Sınıf
6.
İçimde bir tımar etmek hırsı uyandı.
Kaşağıyı aradım, bulamadım. Ahırın
                                   I
köşesinde Dadaruh'un penceresiz,
                                          II
küçük bir odası vardı.
Oraya girip rafları aşağıya indirdim;
III
ama kaşağıyı yine bulamadım.
IV
Bu parçadaki altı çizili sözcüklerden han­
gisi fiilimsidir?
A) I
B) II
C) III
D) IV
7.
(I) Sanat dallarının sınırlarını kesin çizgilerle
ayıramazsınız. (II) Sözgelimi tiyatro, kimile­
rince görsel sanatların bir türü olarak görü­
lür. (III) Bazen de edebî bir tür olarak kabul
edilmektedir. (IV) Birinci görüşü savunan­
lar, seyirci karşısında ve sahnede oynanma­
sını, ikinci görüşü savunanlar da oyunun
yazılı metnini esas alır.
Numaralanmış cümlelerin hangilerinde
edilgen çatı özelliği görülür?
A) I ve II
B) II ve III
C) III  ve IV
D) I ve IV
8.
Aşağıdaki cümlelerden hangisinin yükle­
mi geçişli bir fiildir?
A) Sen beni tanımıyorsun.
B) Denize bugün de gitmiyoruz.
C) Sizinle ders çalışmaya karar verdim.
D) Her gün iki saat yürüyorum
9.	
Geçmişten günümüze var olan birikimle uy­
garlık ileri gitmektedir. Uygarlık gelişirken 
bilimin bu gelişeme katkısı oldukça fazladır. 
Çünkü yapılan bilimsel araştırmalar insan 
ufkunu sürekli geliştirmekte insanoğlu bu 
sayede her geçen gün daha önce tahmin bile 
edemediği bilimsel bilgiye sahip olabilmek­
tedir. Bu yüzden bilim ve teknoloji alanı her 
daim gelişir. Bu alanlarda gerileme diye bir 
şey yoktur. Yukarıda verilen görselleri ince­
lediğimiz zaman farklı dönemlere ait tele­
fonlarda olduğunu görürüz.  Elde edilen her 
bilgi, uygarlığın gelişmesini sağlar. 
Bu parçada anlatılmak istenen aşağıdaki­
lerden hangisidir?
A) Elde edilen bilgilerin her çağda aynı ol­
duğu
B) Bilimsel çalışmaların uygarlığın geliş­
mesini sağladığı
C) Bilimsel çalışmaların zaman zaman du­
rakladığı
D) Her bilginin belli bir dönemde geçerlili­
ğini koruduğu
HAYAT BOYU ÖĞRENME
","Türkçe 8. Sınıf 6. İçimde bir tımar etmek hırsı uyandı. Kaşağıyı aradım, bulamadım. Ahırın I köşesinde Dadaruh'un penceresiz, II küçük bir odası vardı. Oraya girip rafları aşağıya indirdim; III ama kaşağıyı yine bulamadım. IV Bu parçadaki altı çizili sözcüklerden han­ gisi fiilimsidir? A) I B) II C) III D) IV 7. (I) Sanat dallarının sınırlarını kesin çizgilerle ayıramazsınız. (II) Sözgelimi tiyatro, kimile­ rince görsel sanatların bir türü olarak görü­ lür. (III) Bazen de edebî bir tür olarak kabul edilmektedir. (IV) Birinci görüşü savunan­ lar, seyirci karşısında ve sahnede oynanma­ sını, ikinci görüşü savunanlar da oyunun yazılı metnini esas alır. Numaralanmış cümlelerin hangilerinde edilgen çatı özelliği görülür? A) I ve II B) II ve III C) III ve IV D) I ve IV 8. Aşağıdaki cümlelerden hangisinin yükle­ mi geçişli bir fiildir? A) Sen beni tanımıyorsun. B) Denize bugün de gitmiyoruz. C) Sizinle ders çalışmaya karar verdim. D) Her gün iki saat yürüyorum 9. Geçmişten günümüze var olan birikimle uy­ garlık ileri gitmektedir. Uygarlık gelişirken bilimin bu gelişeme katkısı oldukça fazladır. Çünkü yapılan bilimsel araştırmalar insan ufkunu sürekli geliştirmekte insanoğlu bu sayede her geçen gün daha önce tahmin bile edemediği bilimsel bilgiye sahip olabilmek­ tedir. Bu yüzden bilim ve teknoloji alanı her daim gelişir. Bu alanlarda gerileme diye bir şey yoktur. Yukarıda verilen görselleri ince­ lediğimiz zaman farklı dönemlere ait tele­ fonlarda olduğunu görürüz. Elde edilen her bilgi, uygarlığın gelişmesini sağlar. Bu parçada anlatılmak istenen aşağıdaki­ lerden hangisidir? A) Elde edilen bilgilerin her çağda aynı ol­ duğu B) Bilimsel çalışmaların uygarlığın geliş­ mesini sağladığı C) Bilimsel çalışmaların zaman zaman du­ rakladığı D) Her bilginin belli bir dönemde geçerlili­ ğini koruduğu HAYAT BOYU ÖĞRENME",,,,
page_129,129,"129
4. Tema: İletişim
10. Çok kitap okudum çocukluğumdan beri.
Hatta uzun zaman kötü kitaplar okuyarak
geçti ömrüm. İyi bir kitap benim için her
şeydir. Gezmeye, yeni kıyafetlere de tercih
ederim onu. Sevdiğim kitapları yeniden
okuma isteği vardır içimde. Onları iki üç
kez okuduğum bile olur.
Bu parçada aşağıdakilerden hangisi üze­
rinde durulmaktadır?
A) Okuma şeklinin önemi
B) Kitapların hayatımıza etkisi
C) Okuma alışkanlıkları
D) Kitapların nasıl inceleneceği
11. İnsanlar karşılıklı olarak birbirlerinden ne
beklediklerini düpedüz söyleseler, herhalde 
hayatta kârlı ve daha memnun olurlardı.
Bu sözü ilk duyduğumda hoşuma gitti 
Eylül’ün bu söz için arkadaşına söylediği 
cümlede geçen altı çizili söz öbeğiyle anlat­
mak istediği aşağıdakilerden hangisidir?
A) Çok şaşırmak
B) Çok beğenmek
C) Çok garipsemek
D) Çok düşünmek
12. Aşağıdaki cümlelerden hangisinin yükle­
minde karşılıklı yapma anlamı vardır?
A) Eski bir dostla karşılaşınca selamlaştık.
B) Kuşlar, ağaçların üstünde hızla uçuşuyor.
C) Dersten çıkan öğrenciler durmadan bağ­
rışıyor.
D) Terminalde yolcu yakınları bekleşiyor.
13. Bir daha dünyaya gelsem
Yine seni severdim
Beni üzesin diye
Bu cümlede aşağıdaki anlam ilişkilerinden 
hangisi vardır?
A) Neden-sonuç
B) Amaç-sonuç
C) Hayıflanma
D) Azımsama
14.	
Konuyu iyice anlamak istiyorsan önce 
tekrar et, sonra da bol bol soru çöz!
Öğretmenin 
öğrencisine 
söylediği 
bu cümle aşağıdakilerden hangisi ile 
nitelendirilebilir? 
A) Öneri cümlesi
B) Beğeni cümlesi
C) Tahmin cümlesi
D) Sitem cümlesi
HAYAT BOYU ÖĞRENME
","4. Tema: İletişim 10. Çok kitap okudum çocukluğumdan beri. Hatta uzun zaman kötü kitaplar okuyarak geçti ömrüm. İyi bir kitap benim için her şeydir. Gezmeye, yeni kıyafetlere de tercih ederim onu. Sevdiğim kitapları yeniden okuma isteği vardır içimde. Onları iki üç kez okuduğum bile olur. Bu parçada aşağıdakilerden hangisi üze­ rinde durulmaktadır? A) Okuma şeklinin önemi B) Kitapların hayatımıza etkisi C) Okuma alışkanlıkları D) Kitapların nasıl inceleneceği 11. İnsanlar karşılıklı olarak birbirlerinden ne beklediklerini düpedüz söyleseler, herhalde hayatta kârlı ve daha memnun olurlardı. Bu sözü ilk duyduğumda hoşuma gitti Eylül’ün bu söz için arkadaşına söylediği cümlede geçen altı çizili söz öbeğiyle anlat­ mak istediği aşağıdakilerden hangisidir? A) Çok şaşırmak B) Çok beğenmek C) Çok garipsemek D) Çok düşünmek 12. Aşağıdaki cümlelerden hangisinin yükle­ minde karşılıklı yapma anlamı vardır? A) Eski bir dostla karşılaşınca selamlaştık. B) Kuşlar, ağaçların üstünde hızla uçuşuyor. C) Dersten çıkan öğrenciler durmadan bağ­ rışıyor. D) Terminalde yolcu yakınları bekleşiyor. 13. Bir daha dünyaya gelsem Yine seni severdim Beni üzesin diye Bu cümlede aşağıdaki anlam ilişkilerinden hangisi vardır? A) Neden-sonuç B) Amaç-sonuç C) Hayıflanma D) Azımsama 14. Konuyu iyice anlamak istiyorsan önce tekrar et, sonra da bol bol soru çöz! Öğretmenin öğrencisine söylediği bu cümle aşağıdakilerden hangisi ile nitelendirilebilir? A) Öneri cümlesi B) Beğeni cümlesi C) Tahmin cümlesi D) Sitem cümlesi HAYAT BOYU ÖĞRENME",,,,
page_130,130,"5. TEMA
MİLLÎ MÜCADELE
",5. TEMA MİLLÎ MÜCADELE,,,,
page_131,131,"Atatürk Kurtuluş Savaşı’nda
Mustafa Kemal Paşa
İlber Ortaylı İle Röportaj
Milli Mücadele Yolu 
(Dinleme / İzleme Metni)
ANAHTAR KAVRAMLAR
Millî Mücadele	
Atatürk	
Kurtuluş Savaşı	 Kuvayımilliye	
Çanakkale
Öznel/Nesnel	
Çanakkale	 Sunu 
Kaynak	
Söyleşi
Zaferi
Gösterme	
",Atatürk Kurtuluş Savaşı’nda Mustafa Kemal Paşa İlber Ortaylı İle Röportaj Milli Mücadele Yolu (Dinleme / İzleme Metni) ANAHTAR KAVRAMLAR Millî Mücadele Atatürk Kurtuluş Savaşı Kuvayımilliye Çanakkale Öznel/Nesnel Çanakkale Sunu Kaynak Söyleşi Zaferi Gösterme,,,,
page_132,132,"132
Türkçe 8. Sınıf
OKUMA
Hazırlık 
1. Kurtuluş Savaşı’nın Türk tarihi açısından önemi nedir?
2. Aşağıdaki şiirde kullanılan görselleri inceleyiniz. Bu görsellerden ve
metnin başlığından hareketle bu şiirin temasını tahmin ediniz.
Aşağıdaki parçayı noktalama işaretlerine dikkat ederek okuyunuz.
ATATÜRK KURTULUŞ SAVAŞI’NDA
VI
Bir gemi yanaştı Samsun’a sabaha karşı
Selam durdu kayığı, çaparı, takası, 
Selam durdu tayfası
Bir duman tüterdi bu geminin 
Bacasından bir duman
Duman değildi bu!
Memleketin uçup giden kaygılarıydı.
Samsun limanına bu gemiden atılan
Demir değil!
Sarılan anayurda
Kemal Paşa’nın kollarıydı. 	
Selam vererek Anadolu çocuklarına
Çıkarken yüce komutan
Karadeniz’in hâlini görmeliydi. 
Kalkıp ayağa ardı sıra baktı dalgalar
Kalktı takalar,
İzin verseydi Kemal Paşa
","Türkçe 8. Sınıf OKUMA Hazırlık 1. Kurtuluş Savaşı’nın Türk tarihi açısından önemi nedir? 2. Aşağıdaki şiirde kullanılan görselleri inceleyiniz. Bu görsellerden ve metnin başlığından hareketle bu şiirin temasını tahmin ediniz. Aşağıdaki parçayı noktalama işaretlerine dikkat ederek okuyunuz. ATATÜRK KURTULUŞ SAVAŞI’NDA VI Bir gemi yanaştı Samsun’a sabaha karşı Selam durdu kayığı, çaparı, takası, Selam durdu tayfası Bir duman tüterdi bu geminin Bacasından bir duman Duman değildi bu! Memleketin uçup giden kaygılarıydı. Samsun limanına bu gemiden atılan Demir değil! Sarılan anayurda Kemal Paşa’nın kollarıydı. Selam vererek Anadolu çocuklarına Çıkarken yüce komutan Karadeniz’in hâlini görmeliydi. Kalkıp ayağa ardı sıra baktı dalgalar Kalktı takalar, İzin verseydi Kemal Paşa",,,,
page_133,133,"133
5. Tema: Millî Mücadele
Ardından gürleyip giderlerdi.
Erzurum’a kadar.
Bu ne inançtı ki Kemal Paşa
Atının teri kurumadan
Sürüp geldin yeni yeni savaşların peşinde
VII
Bir selam gibi gitti Erzurum’a, 
Bin selam gibi geldi Sivas’a Erzurum’dan.
Dağlar alçaldı yol vermeğe,
Temizlendi ılkımından karından.
Analar bacılar yola döküldü,
Cephane taşıdı arkasından.	
Irmaklar suyundan faydalattı,
Ağaçlar daldasından.
Yer gök inledi bir yol daha
Kurtuluş Savaşı’ndan.
Cahit Külebi
Atatürk Kurtuluş Savaşı’nda
1. ÇALIŞMA
Okuduğunuz metinde geçen altı çizili ifadelerin anlamını bulunuz ve yazınız.
selam durmak:
yol vermek:
yola dökülmek:
2. ÇALIŞMA
Aşağıdaki soruları metne göre cevaplayınız.
­
lan dönemde Türk milletinin ve Anadolu’nun nasıl bir durumda olduğunu belirtiniz.
","5. Tema: Millî Mücadele Ardından gürleyip giderlerdi. Erzurum’a kadar. Bu ne inançtı ki Kemal Paşa Atının teri kurumadan Sürüp geldin yeni yeni savaşların peşinde VII Bir selam gibi gitti Erzurum’a, Bin selam gibi geldi Sivas’a Erzurum’dan. Dağlar alçaldı yol vermeğe, Temizlendi ılkımından karından. Analar bacılar yola döküldü, Cephane taşıdı arkasından. Irmaklar suyundan faydalattı, Ağaçlar daldasından. Yer gök inledi bir yol daha Kurtuluş Savaşı’ndan. Cahit Külebi Atatürk Kurtuluş Savaşı’nda 1. ÇALIŞMA Okuduğunuz metinde geçen altı çizili ifadelerin anlamını bulunuz ve yazınız. selam durmak: yol vermek: yola dökülmek: 2. ÇALIŞMA Aşağıdaki soruları metne göre cevaplayınız. ­ lan dönemde Türk milletinin ve Anadolu’nun nasıl bir durumda olduğunu belirtiniz.",,,,
page_134,134,"134
Türkçe 8. Sınıf
4. Türk milletinin Mustafa Kemal Atatürk’e inanç duymasının temel sebebi nedir?
5. Şair, Atatürk için “Atının teri kurumadan / Sürüp geldin yeni yeni savaşların
peşinde” demektedir. Buna göre Atatürk’ün Samsun’a gelişinin nedeni nedir?
6. Anadolu kadınının Kurtuluş Savaşı sırasındaki fedakârlıkları ve rolü ne olmuştur?
7. “Yer gök inledi bir yol daha / Kurtuluş Savaşı’ndan.” dizelerinde hangi edebî
sanat yapılmıştır?
3. ÇALIŞMA
Okuduğunuz şiirden benzetme sanatına örnekler bularak aşağıdaki tabloya
yazınız.
1. Örnek
2. Örnek
3. Örnek
4. ÇALIŞMA
“Millî Mücadele” konusunda neler düşündüğünüzü okuduğunuz şiirdeki “Kurtu­
luş Savaşı” ve “Atatürk”le ilgili ayrıntılara atıf yaparak belirtiniz.
5. ÇALIŞMA
Okuduğunuz şiire farklı başlıklar yazınız.
BENİM 
BAŞLIKLARIM
....................................................
....................................................
....................................................
6. ÇALIŞMA
Aşağıdaki cümlelerdeki fiilleri geçişli ve geçişsiz olarak ayırıp uygun kutulara
yazınız.
a. Dün kaybettiğim parayı bugün evde buldum.
b. Yeni kitabı önümüzdeki ay bitecek.
c. Bu konudan bir daha bahsetmeyeceğim.
ç. Onun yaptığı esprilere çok güleriz.
Geçişli Fiil
Geçişsiz Fiil 
","Türkçe 8. Sınıf 4. Türk milletinin Mustafa Kemal Atatürk’e inanç duymasının temel sebebi nedir? 5. Şair, Atatürk için “Atının teri kurumadan / Sürüp geldin yeni yeni savaşların peşinde” demektedir. Buna göre Atatürk’ün Samsun’a gelişinin nedeni nedir? 6. Anadolu kadınının Kurtuluş Savaşı sırasındaki fedakârlıkları ve rolü ne olmuştur? 7. “Yer gök inledi bir yol daha / Kurtuluş Savaşı’ndan.” dizelerinde hangi edebî sanat yapılmıştır? 3. ÇALIŞMA Okuduğunuz şiirden benzetme sanatına örnekler bularak aşağıdaki tabloya yazınız. 1. Örnek 2. Örnek 3. Örnek 4. ÇALIŞMA “Millî Mücadele” konusunda neler düşündüğünüzü okuduğunuz şiirdeki “Kurtu­ luş Savaşı” ve “Atatürk”le ilgili ayrıntılara atıf yaparak belirtiniz. 5. ÇALIŞMA Okuduğunuz şiire farklı başlıklar yazınız. BENİM BAŞLIKLARIM .................................................... .................................................... .................................................... 6. ÇALIŞMA Aşağıdaki cümlelerdeki fiilleri geçişli ve geçişsiz olarak ayırıp uygun kutulara yazınız. a. Dün kaybettiğim parayı bugün evde buldum. b. Yeni kitabı önümüzdeki ay bitecek. c. Bu konudan bir daha bahsetmeyeceğim. ç. Onun yaptığı esprilere çok güleriz. Geçişli Fiil Geçişsiz Fiil",,,,
page_135,135,"135
5. Tema: Millî Mücadele
Ateşi ve ihaneti gördük.
Dayandık,
ve kayboldu dağlarda yine. 
dayandık her yanda,
dayandık İzmir'de, Aydın'da, 
Adana'da dayandık,
dayandık, Urfa'da, Maraş'ta, Antep'te.
(…)
Antep sıcak,
Antep çetin yerdir. 
Antepliler silahşor olur. 
Antepliler yiğit kişilerdir. Karayılan
Karayılan olmazdan önce 
Antep köylüklerinde ırgattı. 
(…)
Yiğitlik atla, silahla, toprakla olur, 
onun atı, silahı, toprağı yoktu. 
Boynu yine böyle çöp gibi ince
ve böyle kocaman kafalıydı
Karayılan 
Karayılan olmazdan önce.
	
Düşman Antep'e girince
Antepliler onu
korkusunu saklayan
bir fıstık ağacından
alıp indirdiler.
Altına bir at çekip
eline bir mavzer
verdiler. (…)
7. ÇALIŞMA
Nazım Hikmet’in “Kuvayı Milliye” adlı şiirinden bir bölüm verilmiştir.
Bu parçayı görsellerle birlikte yorumlayınız. 
","5. Tema: Millî Mücadele Ateşi ve ihaneti gördük. Dayandık, ve kayboldu dağlarda yine. dayandık her yanda, dayandık İzmir'de, Aydın'da, Adana'da dayandık, dayandık, Urfa'da, Maraş'ta, Antep'te. (…) Antep sıcak, Antep çetin yerdir. Antepliler silahşor olur. Antepliler yiğit kişilerdir. Karayılan Karayılan olmazdan önce Antep köylüklerinde ırgattı. (…) Yiğitlik atla, silahla, toprakla olur, onun atı, silahı, toprağı yoktu. Boynu yine böyle çöp gibi ince ve böyle kocaman kafalıydı Karayılan Karayılan olmazdan önce. Düşman Antep'e girince Antepliler onu korkusunu saklayan bir fıstık ağacından alıp indirdiler. Altına bir at çekip eline bir mavzer verdiler. (…) 7. ÇALIŞMA Nazım Hikmet’in “Kuvayı Milliye” adlı şiirinden bir bölüm verilmiştir. Bu parçayı görsellerle birlikte yorumlayınız.",,,,
page_136,136,"136
Türkçe 8. Sınıf
Düşman tutmuştu tepeleri,
düşmanın topu vardı.
Antepliler düz ovada 
sıkışmışlardı.
Düşman şarapnel döküyordu,
toprağı kökünden söküyordu.  
Düşman tutmuştu tepeleri.
Akan: Antep'in kanıydı.
Ve bir tarla sıçanı gibi yaşayıp
bir tarla sıçanı kadar korkak olan, 
fırlayıp atlayınca ileri
bir dehşet aldı Anteplileri,
seğirttiler peşince. 
Düşmanı tepelerde yediler.
Ve bir tarla sıçanı gibi yaşayıp
bir tarla sıçanı kadar korkak olana:
KARAYlLAN dediler.
“Karayılan der ki: Harbe oturak,
Kilis yollarından kelle getirek,
nerde düşman varsa orda bitirek,
vurun ha yiğitler namus günüdür...” 
Ve biz de bunu böylece duyduk
ve çetesinin başında yıllarca namı yürüyen
        Karayılan'ı ve Anteplileri ve Antep'i 
aynen duyup işittiğimiz gibi destanımızın 
birinci babına koyduk .
","Türkçe 8. Sınıf Düşman tutmuştu tepeleri, düşmanın topu vardı. Antepliler düz ovada sıkışmışlardı. Düşman şarapnel döküyordu, toprağı kökünden söküyordu. Düşman tutmuştu tepeleri. Akan: Antep'in kanıydı. Ve bir tarla sıçanı gibi yaşayıp bir tarla sıçanı kadar korkak olan, fırlayıp atlayınca ileri bir dehşet aldı Anteplileri, seğirttiler peşince. Düşmanı tepelerde yediler. Ve bir tarla sıçanı gibi yaşayıp bir tarla sıçanı kadar korkak olana: KARAYlLAN dediler. “Karayılan der ki: Harbe oturak, Kilis yollarından kelle getirek, nerde düşman varsa orda bitirek, vurun ha yiğitler namus günüdür...” Ve biz de bunu böylece duyduk ve çetesinin başında yıllarca namı yürüyen Karayılan'ı ve Anteplileri ve Antep'i aynen duyup işittiğimiz gibi destanımızın birinci babına koyduk .",,,,
page_137,137,"137
5. Tema: Millî Mücadele
Hazırlık 
1. Atatürk’ün kişilik özelliklerini araştırınız.
2. Büyük devlet adamlarının hayatını bilmek bizlere ne kazandırır?
Aşağıdaki parçayı noktalama işaretlerine dikkat ederek okuyunuz.
MUSTAFA KEMAL PAŞA
17 Temmuz 1921
Mustafa Kemal Paşa, Çankaya denilen bir tepenin yamacında bir bağ evinde otu-
ruyor. Burası şehre bir saat uzaklıktadır. Oldukça bakımsız ve düzensiz bir kır yo-
lundan herhangi bir araba epeyce büyük bir zahmetle sizi bu köşkün bir kenarına 
kadar getirebiliyor. Fakat geçtiğiniz yerler o kadar bağlık-bahçelik ki yolun 
fenalığından çekilen rahatsızlığı hiç hissetmiyorsunuz. Hele zihniniz biraz sonra 
gireceğiniz ev ve göreceğiniz ev sahibi ile o derece meşguldür ki ne sizi her dakika 
yerinizden hoplatan çukurlara ne ikide bir yolunuzu kesen kağnılara bakmaya vakit 
buluyorsunuz, durmadan heyecanlı bir dalgınlık içinde gidiyorsunuz. 
Araba büyükçe bir köşkün önünde 
biraz durur gibi olunca, acaba geldik 
mi diye yüreğiniz çarpmaya, benzimiz 
sararmaya başlıyor. Zira biliyorsunuz 
ki biraz sonra dünyayı başının üstünde 
taşıyan insanüstü adamla karşı karşıya 
geleceksiniz ve bu heyecan, bu korku 
ta onun önüne çıkıncaya kadar yaka­
nızı bırakmıyor, sizi her tarafınızdan 
sarıyor. 
Fakat bir dakika sonra o kadar korktuğunuz olay meydana geldi mi vücudunuza 
derin bir huzur, kalbinize tasvire sığmaz bir emniyet geliyor; birdenbire, biraz önce 
geçirdiğiniz endişelerin niçin olduğuna şaşıyorsunuz.
Dünyayı başının üstünde taşıyan o heybetli adam, sizi çoktan tanıdığınız bir dost 
hâliyle karşılıyor, gülümseyerek elinizi sıkıyor ve en ikramcı bir ev sahibi nezaketiyle 
","5. Tema: Millî Mücadele Hazırlık 1. Atatürk’ün kişilik özelliklerini araştırınız. 2. Büyük devlet adamlarının hayatını bilmek bizlere ne kazandırır? Aşağıdaki parçayı noktalama işaretlerine dikkat ederek okuyunuz. MUSTAFA KEMAL PAŞA 17 Temmuz 1921 Mustafa Kemal Paşa, Çankaya denilen bir tepenin yamacında bir bağ evinde otu- ruyor. Burası şehre bir saat uzaklıktadır. Oldukça bakımsız ve düzensiz bir kır yo- lundan herhangi bir araba epeyce büyük bir zahmetle sizi bu köşkün bir kenarına kadar getirebiliyor. Fakat geçtiğiniz yerler o kadar bağlık-bahçelik ki yolun fenalığından çekilen rahatsızlığı hiç hissetmiyorsunuz. Hele zihniniz biraz sonra gireceğiniz ev ve göreceğiniz ev sahibi ile o derece meşguldür ki ne sizi her dakika yerinizden hoplatan çukurlara ne ikide bir yolunuzu kesen kağnılara bakmaya vakit buluyorsunuz, durmadan heyecanlı bir dalgınlık içinde gidiyorsunuz. Araba büyükçe bir köşkün önünde biraz durur gibi olunca, acaba geldik mi diye yüreğiniz çarpmaya, benzimiz sararmaya başlıyor. Zira biliyorsunuz ki biraz sonra dünyayı başının üstünde taşıyan insanüstü adamla karşı karşıya geleceksiniz ve bu heyecan, bu korku ta onun önüne çıkıncaya kadar yaka­ nızı bırakmıyor, sizi her tarafınızdan sarıyor. Fakat bir dakika sonra o kadar korktuğunuz olay meydana geldi mi vücudunuza derin bir huzur, kalbinize tasvire sığmaz bir emniyet geliyor; birdenbire, biraz önce geçirdiğiniz endişelerin niçin olduğuna şaşıyorsunuz. Dünyayı başının üstünde taşıyan o heybetli adam, sizi çoktan tanıdığınız bir dost hâliyle karşılıyor, gülümseyerek elinizi sıkıyor ve en ikramcı bir ev sahibi nezaketiyle",,,,
page_138,138,"138
Türkçe 8. Sınıf
size oturmak için odasının en rahat koltuğunu gös­
teriyor. 
Mustafa Kemal Paşa, sivil giyinmiş, orta boylu, 
zayıf ve sarışın bir zattır. Gazetelerde gördüğünüz 
resimlerden hiçbirine benzemiyor. Kendisi bu re­
simlerin hepsinden daha sevimli, daha canlı, daha 
ayrı bir simadır. Yüzü renk ve çizgiler bakımından 
bir tunç parçası üzerine oyulmuş bir eski madalyo­
nu andırır. Elmacık kemikleri çıkık, ağız kemikleri 
kuvvetli ve alnı serttir. Ve bu yüzün umum görü­
nüşünde çok zahmet çekmiş, çok uğraşmış, çok dü­
şünmüş kimselerin yüzündeki ifade var fakat hiçbir 
yorgunluk belirtisi gözükmemek şartıyla... Kısık ve sıcak bir sesle konuşuyor, mavi 
gözleri muammalı bakışlarla bakıyor, vücudunun kımıldanışları genç bir parsın kı-
mıldanışları gibi sevimli, cana yakın bir tarzda keskin ve çeviktir. İnce, uzun 
parmaklı elleri durmadan iri taneli bir kehribar tespihle oynuyor. Bu tespihi kâh 
bileğine geçiriyor kâh bir ucundan tutup çeviriyor, sağdan sola, soldan sağa sallıyor.
Çevresinde göz alıcı hiçbir şey yok; bir yazı masasının yanında güvez renkli kol-
tukta oturuyor; arkasında büyük bir pencerenin tül perdesi var, bunun arkasında 
Molteke'nin (Molteki) alçıdan bir büstü duruyor. Masanın öbür tarafındaki başka 
bir pencerenin içine de Bonapart'ın aynı büyüklükte bir yarım heykeli konulmuş.
Bulunduğumuz oda her türlü gösterişten uzak fakat düzgün döşenmiş, rahat ve 
temizdir. Duvarlar aşağı yukarı çıplaktır.
Benimle bir akran gibi konuşan bu zayıf ve sarışın adam şu dakikada oynamakta 
olduğu muazzam tarihî rolün heybetini benim kadar hissediyor mu? Hayır, her 
büyük adam gibi Mustafa Kemal Paşa’da da yıldızının parıltısıyla kamaşmamış ve 
talihinin heyecanlı aşkından habersiz bir sadelik ve bir alışkanlık var.
Konuşmamız, hep havai konular üzerinde geçti. Burada söyleyeyim ki Mustafa 
Kemal Paşa, pek tatlı dilli ve hoş sohbetlidir. Kaç yıldır kalbimizi ve beynimizi saran 
o korkunç millî meselelerden hiçbirine dokunmak istemiyordu. Belki bu bir çeşit
alçakgönüllülüktür. Zira bütün bu meseleler hep onun şahsiyle ilgilidir.  Mustafa
Kemal Paşa benden İstanbul’a dair de hiçbir haber sormadı. Zannedilir ki o burada
doğdu, burada büyüdü ve varlığının bütün kökleriyle buraya bağlıdır. (…) Çünkü
methedilmekten o kadar çekinir bir hâli var.  Yemeğimizi mermer döşemeli bir
","Türkçe 8. Sınıf size oturmak için odasının en rahat koltuğunu gös­ teriyor. Mustafa Kemal Paşa, sivil giyinmiş, orta boylu, zayıf ve sarışın bir zattır. Gazetelerde gördüğünüz resimlerden hiçbirine benzemiyor. Kendisi bu re­ simlerin hepsinden daha sevimli, daha canlı, daha ayrı bir simadır. Yüzü renk ve çizgiler bakımından bir tunç parçası üzerine oyulmuş bir eski madalyo­ nu andırır. Elmacık kemikleri çıkık, ağız kemikleri kuvvetli ve alnı serttir. Ve bu yüzün umum görü­ nüşünde çok zahmet çekmiş, çok uğraşmış, çok dü­ şünmüş kimselerin yüzündeki ifade var fakat hiçbir yorgunluk belirtisi gözükmemek şartıyla... Kısık ve sıcak bir sesle konuşuyor, mavi gözleri muammalı bakışlarla bakıyor, vücudunun kımıldanışları genç bir parsın kı- mıldanışları gibi sevimli, cana yakın bir tarzda keskin ve çeviktir. İnce, uzun parmaklı elleri durmadan iri taneli bir kehribar tespihle oynuyor. Bu tespihi kâh bileğine geçiriyor kâh bir ucundan tutup çeviriyor, sağdan sola, soldan sağa sallıyor. Çevresinde göz alıcı hiçbir şey yok; bir yazı masasının yanında güvez renkli kol- tukta oturuyor; arkasında büyük bir pencerenin tül perdesi var, bunun arkasında Molteke'nin (Molteki) alçıdan bir büstü duruyor. Masanın öbür tarafındaki başka bir pencerenin içine de Bonapart'ın aynı büyüklükte bir yarım heykeli konulmuş. Bulunduğumuz oda her türlü gösterişten uzak fakat düzgün döşenmiş, rahat ve temizdir. Duvarlar aşağı yukarı çıplaktır. Benimle bir akran gibi konuşan bu zayıf ve sarışın adam şu dakikada oynamakta olduğu muazzam tarihî rolün heybetini benim kadar hissediyor mu? Hayır, her büyük adam gibi Mustafa Kemal Paşa’da da yıldızının parıltısıyla kamaşmamış ve talihinin heyecanlı aşkından habersiz bir sadelik ve bir alışkanlık var. Konuşmamız, hep havai konular üzerinde geçti. Burada söyleyeyim ki Mustafa Kemal Paşa, pek tatlı dilli ve hoş sohbetlidir. Kaç yıldır kalbimizi ve beynimizi saran o korkunç millî meselelerden hiçbirine dokunmak istemiyordu. Belki bu bir çeşit alçakgönüllülüktür. Zira bütün bu meseleler hep onun şahsiyle ilgilidir. Mustafa Kemal Paşa benden İstanbul’a dair de hiçbir haber sormadı. Zannedilir ki o burada doğdu, burada büyüdü ve varlığının bütün kökleriyle buraya bağlıdır. (…) Çünkü methedilmekten o kadar çekinir bir hâli var. Yemeğimizi mermer döşemeli bir",,,,
page_139,139,"139
5. Tema: Millî Mücadele
sofada, bir havuz kenarında, küçücük bir masanın etrafında yedik. Sağında sabık 
Maliye Vekili Ferit Bey ve onun yanında Maarif Vekili Hamdullah Suphi var. Ben sol 
tarafında Ruşen Eşref’le beraberim. O kadar yan yanayız ki ikide bir dirseğim 
dirseğine, dizim dizine dokunuyor ve sevinçten ürperiyorum. Bu hayatımın en 
şerefli bir günüdür. Horatius’un (Horatyus), bir mısrasını hatırlıyorum. Bu sözü, bu 
fırsat dolayısıyla kendim için söylemek belki biraz mübalağalı olur. Fakat günün 
birinde bana hayatımın en şanlı olayını soracak olan torunuma göğsüm kabararak 
diyemez miyim ki gençliğimin yüksek bir dönümünde bir yaz günü Mustafa Kemal 
Paşa ile yan yana yemek yedim. 
Yakup Kadri Karaosmanoğlu
Ergenekon-Millî Mücadele Yazıları
1. ÇALIŞMA
Okuduğunuz metinde geçen aşağıdaki sözcüklerin anlamlarını “Türkçe Söz­
lük”ten yazınız.
dirlik	
  : .....................................................................................................................
havai	
  : .....................................................................................................................
hoş sohbet    : .....................................................................................................................
muammalı   : ......................................................................................................................
muazzam     : .....................................................................................................................
2. ÇALIŞMA
Aşağıdaki soruları metne göre cevaplayınız.
1.
Metnin konusu nedir?
2.
Yazarın Atatürk’le karşılaşmadan önceki duyguları nelerdir?
3.
Atatürk’ün yaşadığı yer nasıl betimlenmiştir? Bu mekânın özelliklerinden
hareketle Atatürk’ün yaşam tarzı hakkında neler söylenebilir?
4.
Yazar, Atatürk’le neler konuşmuştur?
5.
Yazar, Atatürk hakkında hangi izlenimlerini okurla paylaşmıştır?
6.
Metinden çıkarılacak en önemli düşünce nedir?
","5. Tema: Millî Mücadele sofada, bir havuz kenarında, küçücük bir masanın etrafında yedik. Sağında sabık Maliye Vekili Ferit Bey ve onun yanında Maarif Vekili Hamdullah Suphi var. Ben sol tarafında Ruşen Eşref’le beraberim. O kadar yan yanayız ki ikide bir dirseğim dirseğine, dizim dizine dokunuyor ve sevinçten ürperiyorum. Bu hayatımın en şerefli bir günüdür. Horatius’un (Horatyus), bir mısrasını hatırlıyorum. Bu sözü, bu fırsat dolayısıyla kendim için söylemek belki biraz mübalağalı olur. Fakat günün birinde bana hayatımın en şanlı olayını soracak olan torunuma göğsüm kabararak diyemez miyim ki gençliğimin yüksek bir dönümünde bir yaz günü Mustafa Kemal Paşa ile yan yana yemek yedim. Yakup Kadri Karaosmanoğlu Ergenekon-Millî Mücadele Yazıları 1. ÇALIŞMA Okuduğunuz metinde geçen aşağıdaki sözcüklerin anlamlarını “Türkçe Söz­ lük”ten yazınız. dirlik : ..................................................................................................................... havai : ..................................................................................................................... hoş sohbet : ..................................................................................................................... muammalı : ...................................................................................................................... muazzam : ..................................................................................................................... 2. ÇALIŞMA Aşağıdaki soruları metne göre cevaplayınız. 1. Metnin konusu nedir? 2. Yazarın Atatürk’le karşılaşmadan önceki duyguları nelerdir? 3. Atatürk’ün yaşadığı yer nasıl betimlenmiştir? Bu mekânın özelliklerinden hareketle Atatürk’ün yaşam tarzı hakkında neler söylenebilir? 4. Yazar, Atatürk’le neler konuşmuştur? 5. Yazar, Atatürk hakkında hangi izlenimlerini okurla paylaşmıştır? 6. Metinden çıkarılacak en önemli düşünce nedir?",,,,
page_140,140,"140
Türkçe 8. Sınıf
3. ÇALIŞMA
Metinde Atatürk’ün hangi özelliklerine değinilmiştir? Aşağıdaki boşlukları
doldurunuz. 
ATATÜRK
4. ÇALIŞMA
Okuduğunuz “Mustafa Kemal Paşa” adlı metnin içeriği ile ilgili iki soru yazınız.
1.
................................................................
................................................................
2.
................................................................
................................................................
5. ÇALIŞMA
Okuduğunuz metindeki önemli noktaları; “altını çizme, koyu veya italik yazma,
renklendirme, farklı punto veya font ile yazma” yöntemlerinden birini kullanarak 
vurgulayınız. 
6. ÇALIŞMA
Aşağıdaki cümlelerdeki yüklemleri özne-yüklem ilişkisine göre inceleyiniz. Bu
yüklemlerdeki fiillerin çatısını ilgili alana yazınız.
a. Mustafa Kemal Paşa, Çankaya denilen bir tepenin yamacında bir bağ evinde
oturuyor. (………………………………)
b. Masanın öbür tarafındaki başka bir pencerenin içine de Bonapart'ın aynı bü­
yüklükte bir yarım heykeli konulmuş. (………………………………)
","Türkçe 8. Sınıf 3. ÇALIŞMA Metinde Atatürk’ün hangi özelliklerine değinilmiştir? Aşağıdaki boşlukları doldurunuz. ATATÜRK 4. ÇALIŞMA Okuduğunuz “Mustafa Kemal Paşa” adlı metnin içeriği ile ilgili iki soru yazınız. 1. ................................................................ ................................................................ 2. ................................................................ ................................................................ 5. ÇALIŞMA Okuduğunuz metindeki önemli noktaları; “altını çizme, koyu veya italik yazma, renklendirme, farklı punto veya font ile yazma” yöntemlerinden birini kullanarak vurgulayınız. 6. ÇALIŞMA Aşağıdaki cümlelerdeki yüklemleri özne-yüklem ilişkisine göre inceleyiniz. Bu yüklemlerdeki fiillerin çatısını ilgili alana yazınız. a. Mustafa Kemal Paşa, Çankaya denilen bir tepenin yamacında bir bağ evinde oturuyor. (………………………………) b. Masanın öbür tarafındaki başka bir pencerenin içine de Bonapart'ın aynı bü­ yüklükte bir yarım heykeli konulmuş. (………………………………)",,,,
page_141,141,"141
5. Tema: Millî Mücadele
7. ÇALIŞMA
Aşağıdaki cümlelerdeki yüklemleri nesne-yüklem ilişkisine göre inceleyiniz.
Bu yüklemlerdeki fiillerin çatısını ilgili alana yazınız.
a. Mustafa Kemal Paşa benden İstanbul’a dair de hiçbir haber sormadı.
(………………………………)
b.
Gazetelerde 
gördüğünüz 
resimlerden 
hiçbirine 
benzemiyor.
(………………………………)
8. ÇALIŞMA
Konuşmamız, hep havai konular üzerinde geçti. Burada söyleyeyim ki Mustafa
Kemal Paşa, pek tatlı dilli ve hoş sohbetlidir. Kaç yıldır kalbimizi ve beynimizi saran o 
korkunç millî meselelerden hiçbirine dokunmak istemiyordu.
Bu parçadaki altı çizili sözcüklerden hangileri fiilimsidir? 
  Fıkra  
 Gazete ve dergilerin belli köşelerinde çıkan ve daha çok gündelik olayları 
konu edinen kısa yazılardır. Bilgilendirici metinlerden olan fıkralar, bir düşün-
ceye dayanır.  
Fıkra Yazılarının Özellikleri  
+ Gazetelerin belli köşelerinde yayımlanır.
+ Gündelik olaylarla ilgili kişisel görüşler sohbet havasıyla açıklanır.
+ Konunun derinliğine ve ayrıntılarına inilmeden ele alınır.
+ Kısa ve yoğun bir anlatım vardır.
+ İleri sürülen düşünceleri ispatlamak zorunluluğu yoktur.
BİLGİ KUTUSU
","5. Tema: Millî Mücadele 7. ÇALIŞMA Aşağıdaki cümlelerdeki yüklemleri nesne-yüklem ilişkisine göre inceleyiniz. Bu yüklemlerdeki fiillerin çatısını ilgili alana yazınız. a. Mustafa Kemal Paşa benden İstanbul’a dair de hiçbir haber sormadı. (………………………………) b. Gazetelerde gördüğünüz resimlerden hiçbirine benzemiyor. (………………………………) 8. ÇALIŞMA Konuşmamız, hep havai konular üzerinde geçti. Burada söyleyeyim ki Mustafa Kemal Paşa, pek tatlı dilli ve hoş sohbetlidir. Kaç yıldır kalbimizi ve beynimizi saran o korkunç millî meselelerden hiçbirine dokunmak istemiyordu. Bu parçadaki altı çizili sözcüklerden hangileri fiilimsidir? Fıkra Gazete ve dergilerin belli köşelerinde çıkan ve daha çok gündelik olayları konu edinen kısa yazılardır. Bilgilendirici metinlerden olan fıkralar, bir düşün- ceye dayanır. Fıkra Yazılarının Özellikleri + Gazetelerin belli köşelerinde yayımlanır. + Gündelik olaylarla ilgili kişisel görüşler sohbet havasıyla açıklanır. + Konunun derinliğine ve ayrıntılarına inilmeden ele alınır. + Kısa ve yoğun bir anlatım vardır. + İleri sürülen düşünceleri ispatlamak zorunluluğu yoktur. BİLGİ KUTUSU",,,,
page_142,142,"142
Türkçe 8. Sınıf
Hazırlık 
1. Bir toprak parçasının vatan olması için ne gerekir?
2. Türk tarihini etkileyen önemli olaylar nelerdir?
Aşağıdaki metni, önce göz atarak sonra noktalama işaretlerine dikkat ederek 
okuyunuz.
İLBER ORTAYLI İLE SÖYLEŞİ
“Her Ülkenin Çanakkale’si Yoktur…”
Bir süre önce önemli tarihçilerimizden İlber Ortaylı’nın “İmparatorluğun Son Nefe­
si” adıyla bir kitabı daha yayımlandı. Kitap, Birinci Dünya Savaşı’nın bir bakıma İlber 
Hoca gözüyle yorumlanması. Adem Koçal, Hoca ile hem Çanakkale Savaşı’nı hem de 
Birinci Dünya Savaşı boyunca Osmanlı İmparatorluğu’nun durumunu konuştu.
Hocam, Çanakkale Savaşları’nı 
dünyada son 150 yıl içinde yapılmış di­
ğer büyük cephe savaşlarıyla kıyaslaya­
bilir miyiz?
Çanakkale Savaşı 1915’te kazanılmış 
bir zaferdir. Türkiye için çok büyük in­
san kaybına yol açmıştır. Şehit sayısını 
bugün bile tam olarak bilemiyoruz. 50 
bin ila 250 bin arasında rakamlar söz ko­
nusudur. Ama sayı ne kadar olursa ol­
sun ortada büyük bir kayıp vardır. Savaş 
tarihinde bütün ülkelerin “Çanakkale”­
si yoktur. Fransızların Marne ve Ver­
dun’u vardır. Rusların bilhassa II. Ci­
han Harbi’nde Minsk Cephesi, Odessa, 
Sivastopol’ları vardır. Bunlar o vatanın 
savunulduğunu, o halkın vatanları için 
öldüğünü gösteren ve asırlarca iftiharla 
sahiplendiği ve düşman unsurların ib­
retle değerlendirmesi gereken anıtlardır. 
","Türkçe 8. Sınıf Hazırlık 1. Bir toprak parçasının vatan olması için ne gerekir? 2. Türk tarihini etkileyen önemli olaylar nelerdir? Aşağıdaki metni, önce göz atarak sonra noktalama işaretlerine dikkat ederek okuyunuz. İLBER ORTAYLI İLE SÖYLEŞİ “Her Ülkenin Çanakkale’si Yoktur…” Bir süre önce önemli tarihçilerimizden İlber Ortaylı’nın “İmparatorluğun Son Nefe­ si” adıyla bir kitabı daha yayımlandı. Kitap, Birinci Dünya Savaşı’nın bir bakıma İlber Hoca gözüyle yorumlanması. Adem Koçal, Hoca ile hem Çanakkale Savaşı’nı hem de Birinci Dünya Savaşı boyunca Osmanlı İmparatorluğu’nun durumunu konuştu. Hocam, Çanakkale Savaşları’nı dünyada son 150 yıl içinde yapılmış di­ ğer büyük cephe savaşlarıyla kıyaslaya­ bilir miyiz? Çanakkale Savaşı 1915’te kazanılmış bir zaferdir. Türkiye için çok büyük in­ san kaybına yol açmıştır. Şehit sayısını bugün bile tam olarak bilemiyoruz. 50 bin ila 250 bin arasında rakamlar söz ko­ nusudur. Ama sayı ne kadar olursa ol­ sun ortada büyük bir kayıp vardır. Savaş tarihinde bütün ülkelerin “Çanakkale”­ si yoktur. Fransızların Marne ve Ver­ dun’u vardır. Rusların bilhassa II. Ci­ han Harbi’nde Minsk Cephesi, Odessa, Sivastopol’ları vardır. Bunlar o vatanın savunulduğunu, o halkın vatanları için öldüğünü gösteren ve asırlarca iftiharla sahiplendiği ve düşman unsurların ib­ retle değerlendirmesi gereken anıtlardır.",,,,
page_143,143,"143
5. Tema: Millî Mücadele
Çanakkale de bu tip anıtlardan biridir. 
Şark milletleri içinde Çanakkale tek ör­
nektir. Burada Türk askeri dayanıklı bir 
asker olduğunu, her şeye rağmen düzeni 
elinde tutabildiğini, komutanlarına itaat 
ettiğini, komutanların ise her kademede 
durum muhakemesi yapabildiğini, za­
man ve zemine uyabildiğini göstermiş­
lerdir. Asıl önemlisi de Balkan’da yeni­
len, o arada Trablusgarp gibi deneyleri 
olan ve 1840’lardan beri kurmay eğiti­
mi gören genç ordunun komutanları­
nın çok etkili olduğu anlaşılmıştır. Bu 
kadrolar savaşı idare etmiş ve mütareke 
yıllarında Anadolu’da Millî Mücade­
le’yi örgütleyip zafere götürmüşlerdir. 
Buradan çıkan general ve mareşallerin 
kimler olduğunu biliyoruz. Çanakkale 
Savaşı’nın en önemli yanlarından biri 
de cephe gerisinin cepheyle birlikte sa­
vaşı yaşamasıdır. İstanbul o zamanın il­
kel tayyareleriyle çivi ve bomba atılarak 
bombalanmıştır. Aslında İstanbul, sava­
şı her an beklemiştir. O zamanki yokluk 
ve açlığı yaşamıştır. (…) Sivil halkı ka­
ramsarlığa sürüklemiştir ama yine de di­
reniş dayanıklılığı göstermişlerdir.
Çanakkale Savaşı, Birinci Cihan 
Harbi’nin gidişini, bu harbe katılan 
devletlerin pozisyonlarını ne oranda 
etkiledi?
Çanakkale, şüphesiz savaşı uzatmış­
tı. Savaş başında bütün devletlerin genel­
kurmayları birkaç ay, en çok bir senelik 
bir savaştan söz ederdi. Bu saplantı sürdü 
ve yeni silahların, genel seferberliğin na­
sıl korkunç bir dünya yarattığını görmek 
istemeyenler hâlâ uzayan savaşın fatura­
sını dördüncü yılın sonunda bile Türk­
lere yüklediler. “Türkler olmasa savaş 
biterdi.” zihniyeti sürdü. Oysa Türkler 
","5. Tema: Millî Mücadele Çanakkale de bu tip anıtlardan biridir. Şark milletleri içinde Çanakkale tek ör­ nektir. Burada Türk askeri dayanıklı bir asker olduğunu, her şeye rağmen düzeni elinde tutabildiğini, komutanlarına itaat ettiğini, komutanların ise her kademede durum muhakemesi yapabildiğini, za­ man ve zemine uyabildiğini göstermiş­ lerdir. Asıl önemlisi de Balkan’da yeni­ len, o arada Trablusgarp gibi deneyleri olan ve 1840’lardan beri kurmay eğiti­ mi gören genç ordunun komutanları­ nın çok etkili olduğu anlaşılmıştır. Bu kadrolar savaşı idare etmiş ve mütareke yıllarında Anadolu’da Millî Mücade­ le’yi örgütleyip zafere götürmüşlerdir. Buradan çıkan general ve mareşallerin kimler olduğunu biliyoruz. Çanakkale Savaşı’nın en önemli yanlarından biri de cephe gerisinin cepheyle birlikte sa­ vaşı yaşamasıdır. İstanbul o zamanın il­ kel tayyareleriyle çivi ve bomba atılarak bombalanmıştır. Aslında İstanbul, sava­ şı her an beklemiştir. O zamanki yokluk ve açlığı yaşamıştır. (…) Sivil halkı ka­ ramsarlığa sürüklemiştir ama yine de di­ reniş dayanıklılığı göstermişlerdir. Çanakkale Savaşı, Birinci Cihan Harbi’nin gidişini, bu harbe katılan devletlerin pozisyonlarını ne oranda etkiledi? Çanakkale, şüphesiz savaşı uzatmış­ tı. Savaş başında bütün devletlerin genel­ kurmayları birkaç ay, en çok bir senelik bir savaştan söz ederdi. Bu saplantı sürdü ve yeni silahların, genel seferberliğin na­ sıl korkunç bir dünya yarattığını görmek istemeyenler hâlâ uzayan savaşın fatura­ sını dördüncü yılın sonunda bile Türk­ lere yüklediler. “Türkler olmasa savaş biterdi.” zihniyeti sürdü. Oysa Türkler",,,,
page_144,144,"144
Türkçe 8. Sınıf
uzayan savaşta daha büyük fedakârlıklar 
sergilemiş, kan ve ateş içindeki yurtları­
nı Çanakkale’de savunmuşlardı. (…)
Birinci Dünya Savaşı’na Alman­
ya’nın müttefiki olarak katıldık. Savaş 
boyunca da Almanların hem silah hem 
de askeri kadro desteği oldu. Çanakka­
le Savaşları’nda Alman komutanların 
rolü nedir?
Çanakkale Savaşı sırasında müttefik 
Almanya ordumuzu mühimmat bakı­
mından yeterli olmasa da desteklemiştir. 
Ama savaşan Türk ordusudur, yani ora­
daki yardımcı kuvvetler ikinci planda­
dır. Komutanlar karmadır. Burada Türk 
komuta heyetinin müthiş bir direnci ve 
inadı da söz konusudur; komutandan 
neferine kadar tümü şehit düşen 57. 
Alay gibi… Çanakkale müstakil olarak 
Cihan Harbi’nden mağlup olarak çıka­
cak Türk İmparatorluğu için abidevi bir 
savaştı. Bunu bugün de görüyoruz, ora­
ya gidenler hissediyorlar. (…)
Bir de Birinci Dünya Savaşına gi­
rişimiz sıkça tartışılıyor. Karşı olanlar 
da var. Bu savaşa nasıl dâhil olduk?
Savaş 28 Temmuz 1914’te başladı. 
Biz üç ay sonra 29 Ekim 1914’te katıldık. 
Bu çok açık belirtilmiştir. Sözde bize sı­
ğınan ve satın aldığımızı söylediğimiz 
Goeben ve Breslau, yani Yavuz ve Mi­
dilli zırhlılarının fes giydirilerek yerinde 
bırakılan Alman bahriye personelinin 
Karadeniz’e çıkıp izinsiz olarak Rus li­
manlarını bombaladıkları hikâyesi doğ­
ru değildir ve alçaltıcıdır. Balkan devleti, 
Romanya, hele Yunanistan 1917’de sa­
vaşa girmiştir. Türkiye’nin acele savaşa 
girişi başlı başına bir hataydı. Almanya 
tarafında savaşa girişi ise daha da büyük 
bir hataydı. (…)
Bir de savaş boyunca kaybettiğimiz 
nitelikli nüfus meselesi var...
Osmanlı ordusu cephelerde geniş 
ölçüde genç nüfusunu kaybetmiştir. 
Köydeki en iyi ziraatçı, kasabadaki en 
iyi zanaatçı ve mektep sıralarını boşaltan 
yedek subay kaybı o kadar geniş boyut­
larda ki, Sıddık Sami Onar Hoca’nın ha­
tıratından öğreniyoruz; Mercan İdadi­
si’ni bırakıp savaşa alınıyorlar; savaştan 
sonra liseye döndüklerinde, “Ne lisesi, 
burada vakit kaybedilmez. Haydi, Darül­
fünun’a” diyorlar. Türkiye’nin bu savaş­
ta kaybedeceği insan unsuru en önemli 
sorundu; nitekim bu sorun 1940’ların 
sonuna kadar bir nesil boyunca da ken­
dini hissettirecekti. I. Cihan Harbi Türk 
halkı için en acı hatıralarla doludur. 
Cephede kaybedilen askerlerin yanı sıra 
cephe gerisinde yokluktan, hastalıktan 
ölümler ve sıkıntılı bir hayat söz konu­
sudur. Ama galiba Türk toplumu mo­
dern anlamda bir millet olma aşaması­
na burada ulaşmıştır. Onu birçok başka 
ulustan farklı kılan yanı budur. Direnci 
artmış ve kimliği oturmuştur.
Söyleşiyi yapan: Adem KOÇAL
","Türkçe 8. Sınıf uzayan savaşta daha büyük fedakârlıklar sergilemiş, kan ve ateş içindeki yurtları­ nı Çanakkale’de savunmuşlardı. (…) Birinci Dünya Savaşı’na Alman­ ya’nın müttefiki olarak katıldık. Savaş boyunca da Almanların hem silah hem de askeri kadro desteği oldu. Çanakka­ le Savaşları’nda Alman komutanların rolü nedir? Çanakkale Savaşı sırasında müttefik Almanya ordumuzu mühimmat bakı­ mından yeterli olmasa da desteklemiştir. Ama savaşan Türk ordusudur, yani ora­ daki yardımcı kuvvetler ikinci planda­ dır. Komutanlar karmadır. Burada Türk komuta heyetinin müthiş bir direnci ve inadı da söz konusudur; komutandan neferine kadar tümü şehit düşen 57. Alay gibi… Çanakkale müstakil olarak Cihan Harbi’nden mağlup olarak çıka­ cak Türk İmparatorluğu için abidevi bir savaştı. Bunu bugün de görüyoruz, ora­ ya gidenler hissediyorlar. (…) Bir de Birinci Dünya Savaşına gi­ rişimiz sıkça tartışılıyor. Karşı olanlar da var. Bu savaşa nasıl dâhil olduk? Savaş 28 Temmuz 1914’te başladı. Biz üç ay sonra 29 Ekim 1914’te katıldık. Bu çok açık belirtilmiştir. Sözde bize sı­ ğınan ve satın aldığımızı söylediğimiz Goeben ve Breslau, yani Yavuz ve Mi­ dilli zırhlılarının fes giydirilerek yerinde bırakılan Alman bahriye personelinin Karadeniz’e çıkıp izinsiz olarak Rus li­ manlarını bombaladıkları hikâyesi doğ­ ru değildir ve alçaltıcıdır. Balkan devleti, Romanya, hele Yunanistan 1917’de sa­ vaşa girmiştir. Türkiye’nin acele savaşa girişi başlı başına bir hataydı. Almanya tarafında savaşa girişi ise daha da büyük bir hataydı. (…) Bir de savaş boyunca kaybettiğimiz nitelikli nüfus meselesi var... Osmanlı ordusu cephelerde geniş ölçüde genç nüfusunu kaybetmiştir. Köydeki en iyi ziraatçı, kasabadaki en iyi zanaatçı ve mektep sıralarını boşaltan yedek subay kaybı o kadar geniş boyut­ larda ki, Sıddık Sami Onar Hoca’nın ha­ tıratından öğreniyoruz; Mercan İdadi­ si’ni bırakıp savaşa alınıyorlar; savaştan sonra liseye döndüklerinde, “Ne lisesi, burada vakit kaybedilmez. Haydi, Darül­ fünun’a” diyorlar. Türkiye’nin bu savaş­ ta kaybedeceği insan unsuru en önemli sorundu; nitekim bu sorun 1940’ların sonuna kadar bir nesil boyunca da ken­ dini hissettirecekti. I. Cihan Harbi Türk halkı için en acı hatıralarla doludur. Cephede kaybedilen askerlerin yanı sıra cephe gerisinde yokluktan, hastalıktan ölümler ve sıkıntılı bir hayat söz konu­ sudur. Ama galiba Türk toplumu mo­ dern anlamda bir millet olma aşaması­ na burada ulaşmıştır. Onu birçok başka ulustan farklı kılan yanı budur. Direnci artmış ve kimliği oturmuştur. Söyleşiyi yapan: Adem KOÇAL",,,,
page_145,145,"145
5. Tema: Millî Mücadele
1. ÇALIŞMA
Okuduğunuz röportajda geçen anlamını bilmediğiniz sözcükleri belirleyerek
aşağıdaki tabloyu doldurunuz. 
Anlamını bilmediğim 
sözcükler
Tahminim
Sözlük anlamı
..............................................
............................................ .................................................
..............................................
............................................ .................................................
..............................................
............................................ .................................................
2. ÇALIŞMA
Aşağıdaki soruları metne göre cevaplayınız.
­
nelerdir? Aşağıdaki ilgili alana yazınız.  
Ana düşünce
Yardımcı düşünceler
",5. Tema: Millî Mücadele 1. ÇALIŞMA Okuduğunuz röportajda geçen anlamını bilmediğiniz sözcükleri belirleyerek aşağıdaki tabloyu doldurunuz. Anlamını bilmediğim sözcükler Tahminim Sözlük anlamı .............................................. ............................................ ................................................. .............................................. ............................................ ................................................. .............................................. ............................................ ................................................. 2. ÇALIŞMA Aşağıdaki soruları metne göre cevaplayınız. ­ nelerdir? Aşağıdaki ilgili alana yazınız. Ana düşünce Yardımcı düşünceler,,,,
page_146,146,"146
Türkçe 8. Sınıf
4. ÇALIŞMA
Metinden “Çanakkale Savaşı” ile ilgili çıkarımlarınızı aşağıda boş bırakılan
yere yazınız.
..................................................................................................................................
..................................................................................................................................
..................................................................................................................................
..................................................................................................................................
5. ÇALIŞMA
Atatürk’ün aşağıda verilen sözlerini okuduğunuz metinle anlam yönünden
karşılaştırınız.
Onlar mukaddes vatan toprakları için 
canlarını seve seve vermişler, Çanakkale 
Savaşları’nın kaderini değiştirmişlerdir. 
Burada geçen her saniye, kullanılan her 
an, ölen her nefer, Türk vatan ve mille­
tinin mukadderatını çizmiştir. Kara sa­
vaşlarına katılan ilk birlik olan 57. Alay, 
vatan sevgisinin ne olduğunu insanlığa 
göstermiştir. Bu kahraman Alayı hayran­
lık, minnet ve rahmetle anıyorum.
Çanakkale Zaferi, Türk askerinin ruh 
kudretini gösteren şayanı hayret ve teb­
rik bir misaldir. Emin olmalısınız ki Ça­
nakkale Muharebelerini kazandıran bu 
yüksek ruhtur. 
","Türkçe 8. Sınıf 4. ÇALIŞMA Metinden “Çanakkale Savaşı” ile ilgili çıkarımlarınızı aşağıda boş bırakılan yere yazınız. .................................................................................................................................. .................................................................................................................................. .................................................................................................................................. .................................................................................................................................. 5. ÇALIŞMA Atatürk’ün aşağıda verilen sözlerini okuduğunuz metinle anlam yönünden karşılaştırınız. Onlar mukaddes vatan toprakları için canlarını seve seve vermişler, Çanakkale Savaşları’nın kaderini değiştirmişlerdir. Burada geçen her saniye, kullanılan her an, ölen her nefer, Türk vatan ve mille­ tinin mukadderatını çizmiştir. Kara sa­ vaşlarına katılan ilk birlik olan 57. Alay, vatan sevgisinin ne olduğunu insanlığa göstermiştir. Bu kahraman Alayı hayran­ lık, minnet ve rahmetle anıyorum. Çanakkale Zaferi, Türk askerinin ruh kudretini gösteren şayanı hayret ve teb­ rik bir misaldir. Emin olmalısınız ki Ça­ nakkale Muharebelerini kazandıran bu yüksek ruhtur.",,,,
page_147,147,"147
5. Tema: Millî Mücadele
6. ÇALIŞMA
Osmanlı ordusu cephelerde geniş ölçüde genç nüfusunu kaybetmiştir. Köydeki
en iyi ziraatçı, kasabadaki en iyi zanaatçı ve mektep sıralarını boşaltan yedek subay 
kaybı o kadar geniş boyutlarda ki, Sıddık Sami Onar Hoca’nın hatıratından öğreniyo­
ruz; Mercan İdadisi’ni bırakıp savaşa alınıyorlar; savaştan sonra liseye döndüklerinde, 
“Ne lisesi, burada vakit kaybedilmez. Haydi, Darülfünun’a” diyorlar. Türkiye’nin bu 
savaşta kaybedeceği insan unsuru en önemli sorundu; nitekim bu sorun 1940’ların so­
nuna kadar bir nesil boyunca da kendini hissettirecekti. I. Cihan Harbi Türk halkı için 
en acı hatıralarla doludur. Cephede kaybedilen askerlerin yanı sıra cephe gerisinde 
yokluktan, hastalıktan ölümler ve sıkıntılı bir hayat söz konusudur. Ama galiba Türk 
toplumu modern anlamda bir millet olma aşamasına burada ulaşmıştır. Onu birçok 
başka ulustan farklı kılan yanı budur. Direnci artmış ve kimliği oturmuştur.
 Okuduğunuz metinden alınan bu parçayı yorumlayınız. Çıkarımlarınızı aşa­
ğıda boş bırakılan yere yazınız.
..............................................................................................................................................
.....................................................................................................................................................
.....................................................................................................................................................
.....................................................................................................................................................
.....................................................................................................................................................
.....................................................................................................................................................
.....................................................................................................................................................
7. ÇALIŞMA
Yazar, ortaya koyduğu görüşleri desteklemek için çeşitli düşünceyi geliştirme
yollarından yararlanmıştır. Bu yöntemlere metinden örnekler veriniz.
Düşünceyi geliştirme yolu
Örnek cümle 
","5. Tema: Millî Mücadele 6. ÇALIŞMA Osmanlı ordusu cephelerde geniş ölçüde genç nüfusunu kaybetmiştir. Köydeki en iyi ziraatçı, kasabadaki en iyi zanaatçı ve mektep sıralarını boşaltan yedek subay kaybı o kadar geniş boyutlarda ki, Sıddık Sami Onar Hoca’nın hatıratından öğreniyo­ ruz; Mercan İdadisi’ni bırakıp savaşa alınıyorlar; savaştan sonra liseye döndüklerinde, “Ne lisesi, burada vakit kaybedilmez. Haydi, Darülfünun’a” diyorlar. Türkiye’nin bu savaşta kaybedeceği insan unsuru en önemli sorundu; nitekim bu sorun 1940’ların so­ nuna kadar bir nesil boyunca da kendini hissettirecekti. I. Cihan Harbi Türk halkı için en acı hatıralarla doludur. Cephede kaybedilen askerlerin yanı sıra cephe gerisinde yokluktan, hastalıktan ölümler ve sıkıntılı bir hayat söz konusudur. Ama galiba Türk toplumu modern anlamda bir millet olma aşamasına burada ulaşmıştır. Onu birçok başka ulustan farklı kılan yanı budur. Direnci artmış ve kimliği oturmuştur. Okuduğunuz metinden alınan bu parçayı yorumlayınız. Çıkarımlarınızı aşa­ ğıda boş bırakılan yere yazınız. .............................................................................................................................................. ..................................................................................................................................................... ..................................................................................................................................................... ..................................................................................................................................................... ..................................................................................................................................................... ..................................................................................................................................................... ..................................................................................................................................................... 7. ÇALIŞMA Yazar, ortaya koyduğu görüşleri desteklemek için çeşitli düşünceyi geliştirme yollarından yararlanmıştır. Bu yöntemlere metinden örnekler veriniz. Düşünceyi geliştirme yolu Örnek cümle",,,,
page_148,148,"148
Türkçe 8. Sınıf
8. ÇALIŞMA
Aşağıdaki cümlelerden öznel olanların başına “Ö”, nesnel olanların başına
“N” yazınız.
Bir süre önce önemli tarihçilerimizden İlber Ortaylı’nın “İmparatorluğun Son 
Nefesi” adıyla bir kitabı daha yayımlandı.
Çanakkale Savaşı 1915’te kazanılmış bir zaferdir.
Türkiye’nin bu savaşta kaybedeceği insan unsuru en önemli sorundu.
Çanakkale müstakil olarak Cihan Harbi’nden mağlup olarak çıkacak Türk 
İmparatorluğu için abidevi bir savaştı.
9. ÇALIŞMA
Savaş 28 Temmuz 1914’te başladı. Biz üç ay sonra 29 Ekim 1914’te katıldık. Bu
çok açık belirtilmiştir. Sözde bize sığınan ve satın aldığımızı söylediğimiz Goeben 
(Goben) ve Breslau (Bresla), yani Yavuz ve Midilli zırhlılarının fes giydirilerek 
yerinde bırakılan Alman bahriye personelinin Karadeniz’e çıkıp izinsiz olarak Rus 
limanlarını bombaladıkları hikâyesi doğru değildir ve alçaltıcıdır.
Aşağıdaki altı çizili sözcüklerden fiilimsi olanları bularak bunların türlerini 
örnekteki gibi yazınız. 
sığınan	
 sıfat-fiil  
........................    
.................................        
........................    
.................................        
........................    
.................................        
........................    
.................................        
........................ 
.................................     
","Türkçe 8. Sınıf 8. ÇALIŞMA Aşağıdaki cümlelerden öznel olanların başına “Ö”, nesnel olanların başına “N” yazınız. Bir süre önce önemli tarihçilerimizden İlber Ortaylı’nın “İmparatorluğun Son Nefesi” adıyla bir kitabı daha yayımlandı. Çanakkale Savaşı 1915’te kazanılmış bir zaferdir. Türkiye’nin bu savaşta kaybedeceği insan unsuru en önemli sorundu. Çanakkale müstakil olarak Cihan Harbi’nden mağlup olarak çıkacak Türk İmparatorluğu için abidevi bir savaştı. 9. ÇALIŞMA Savaş 28 Temmuz 1914’te başladı. Biz üç ay sonra 29 Ekim 1914’te katıldık. Bu çok açık belirtilmiştir. Sözde bize sığınan ve satın aldığımızı söylediğimiz Goeben (Goben) ve Breslau (Bresla), yani Yavuz ve Midilli zırhlılarının fes giydirilerek yerinde bırakılan Alman bahriye personelinin Karadeniz’e çıkıp izinsiz olarak Rus limanlarını bombaladıkları hikâyesi doğru değildir ve alçaltıcıdır. Aşağıdaki altı çizili sözcüklerden fiilimsi olanları bularak bunların türlerini örnekteki gibi yazınız. sığınan sıfat-fiil ........................ ................................. ........................ ................................. ........................ ................................. ........................ ................................. ........................ .................................",,,,
page_149,149,"149
5. Tema: Millî Mücadele
YAZMA
1. ÇALIŞMA
“Millî Mücadele ve Atatürk” konusunda araştırma yapınız.  Bilgilendirici metin­
lerde kullanılan veya yararlanılan bilgi, düşünce, veri gibi alıntıların kaynaklarının 
gösterilmesi hem hukuki hem de etik bakımından gereklidir. TDK’ye göre bunlar şu 
şekilde gösterilir: Yazar Adı ve Soyadı, Eser Adı, Yayınevi Adı, Basım Yeri,  Basım 
Yılı. Örnek: Agâh Sırrı Levend, Türk Dilinde Gelişme ve Sadeleşme Evreleri, TDK 
Yayınları, Ankara, 1960.
Yaptığınız araştırmalardan elde ettiğiniz bilgileri kullanarak “Millî Mücadele ve 
Atatürk” konulu taslak bir metin yazınız. Hazırladığınız metinde giriş, gelişme, sonuç 
bölümlerine yer veriniz.Yazınızda Atatürk’ün sözlerinden yararlanınız, anlatımı des-
teklemek için görsel kullanınız. Yazınızı değerlendirme formunu yönergelerine uygun 
doldurunuz.
……………………………………………………………………………………………
……………………………………………………………………………………………
……………………………………………………………………………………………
……………………………………………………………………………………………
……………………………………………………………………………………………
……………………………………………………………………………………………
Değerlendirme Formu
Bu deneme yazma çalışma kapsamında aşağıda listelenen davranışlardan kazan­
dığınız beceriler için Evet, kazanamadığınız beceriler için Hayır kutucuğuna (X) işa­
reti koyarak kendinizi değerlendiriniz. 
Değerlendirme Ölçütleri
Evet
Hayır
Yazınıza başlamadan önce ele aldığınız konuyla ilgili araştırma 
yaptınız mı?
Yazınızda “Millî Mücadele ve Atatürk” ile ilgili duygulara yer 
verdiniz mi?
Yazınızda giriş, gelişme, sonuç bölümlerine yer verdiniz mi?
Yazınızda başlık kullandınız mı?
Yazınızı dil bilgisi, imla, noktalama ve anlatım bozukluğu 
bakımından gözden geçirdiniz mi?
Değerlendirme sonunda Hayır şeklindeki cevaplarınızı bir daha gözden geçiriniz 
ve ilgili açıklamaları tekrar ediniz. 
","5. Tema: Millî Mücadele YAZMA 1. ÇALIŞMA “Millî Mücadele ve Atatürk” konusunda araştırma yapınız. Bilgilendirici metin­ lerde kullanılan veya yararlanılan bilgi, düşünce, veri gibi alıntıların kaynaklarının gösterilmesi hem hukuki hem de etik bakımından gereklidir. TDK’ye göre bunlar şu şekilde gösterilir: Yazar Adı ve Soyadı, Eser Adı, Yayınevi Adı, Basım Yeri, Basım Yılı. Örnek: Agâh Sırrı Levend, Türk Dilinde Gelişme ve Sadeleşme Evreleri, TDK Yayınları, Ankara, 1960. Yaptığınız araştırmalardan elde ettiğiniz bilgileri kullanarak “Millî Mücadele ve Atatürk” konulu taslak bir metin yazınız. Hazırladığınız metinde giriş, gelişme, sonuç bölümlerine yer veriniz.Yazınızda Atatürk’ün sözlerinden yararlanınız, anlatımı des- teklemek için görsel kullanınız. Yazınızı değerlendirme formunu yönergelerine uygun doldurunuz. …………………………………………………………………………………………… …………………………………………………………………………………………… …………………………………………………………………………………………… …………………………………………………………………………………………… …………………………………………………………………………………………… …………………………………………………………………………………………… Değerlendirme Formu Bu deneme yazma çalışma kapsamında aşağıda listelenen davranışlardan kazan­ dığınız beceriler için Evet, kazanamadığınız beceriler için Hayır kutucuğuna (X) işa­ reti koyarak kendinizi değerlendiriniz. Değerlendirme Ölçütleri Evet Hayır Yazınıza başlamadan önce ele aldığınız konuyla ilgili araştırma yaptınız mı? Yazınızda “Millî Mücadele ve Atatürk” ile ilgili duygulara yer verdiniz mi? Yazınızda giriş, gelişme, sonuç bölümlerine yer verdiniz mi? Yazınızda başlık kullandınız mı? Yazınızı dil bilgisi, imla, noktalama ve anlatım bozukluğu bakımından gözden geçirdiniz mi? Değerlendirme sonunda Hayır şeklindeki cevaplarınızı bir daha gözden geçiriniz ve ilgili açıklamaları tekrar ediniz.",,,,
page_150,150,"150
Türkçe 8. Sınıf
DİNLEME / İZLEME
­
www.eba.gov.tr adresinden “Milli Mücadele Yolu” adlı videoyu seçici, yaratıcı,
eleştirel, empati kurarak, not alarak dinleme gibi yöntem ve tekniklerinden
birini uygulayarak izleyiniz. Dinleme etkinliği gerçekleştirdikten sonra aşağıdaki
çalışmaları yapınız.
1.
İzlediğiniz videoda geçen anlamını bilmediğiniz sözcüklerin anlamını tahmin
ediniz.
2.
İzlediğiniz videoyu çevrenizdeki kişilerden birine sözlü olarak özetleyiniz.
3.
İzlediğiniz videonun konusu nedir?
………………………………………………………………………………………
4.
İzlediğiniz videonun ana fikri nedir?
………………………………………………………………………………………
5.
Mustafa Kemal Atatürk Millî Mücadele’yi ne zaman başlatmıştır?
………………………………………………………………………………………
6.
Mustafa Kemal Atatürk Samsun’dan sonra hangi şehirlere girmiştir?
………………………………………………………………………………………
7.
Amasya Genelgesi ne zaman yayımlanmıştır? Erzurum ve Sivas Kongreleri ne za­
man toplanmıştır?
………………………………………………………………………………………
8.
Büyük Millet Meclisi nerede açılmıştır?
………………………………………………………………………………………
9. İzlediğiniz videoya bir başlık vermeniz istenseydi ne koyardınız?
………………………………………………………………………………………
10. İzlediğiniz videonun hazırlanış amacı nedir?
………………………………………………………………………………………
11. İzlediğiniz videoda aktarılan bilgiler bir kaynağa dayandırılmış mıdır?
………………………………………………………………………………………
","Türkçe 8. Sınıf DİNLEME / İZLEME ­ www.eba.gov.tr adresinden “Milli Mücadele Yolu” adlı videoyu seçici, yaratıcı, eleştirel, empati kurarak, not alarak dinleme gibi yöntem ve tekniklerinden birini uygulayarak izleyiniz. Dinleme etkinliği gerçekleştirdikten sonra aşağıdaki çalışmaları yapınız. 1. İzlediğiniz videoda geçen anlamını bilmediğiniz sözcüklerin anlamını tahmin ediniz. 2. İzlediğiniz videoyu çevrenizdeki kişilerden birine sözlü olarak özetleyiniz. 3. İzlediğiniz videonun konusu nedir? ……………………………………………………………………………………… 4. İzlediğiniz videonun ana fikri nedir? ……………………………………………………………………………………… 5. Mustafa Kemal Atatürk Millî Mücadele’yi ne zaman başlatmıştır? ……………………………………………………………………………………… 6. Mustafa Kemal Atatürk Samsun’dan sonra hangi şehirlere girmiştir? ……………………………………………………………………………………… 7. Amasya Genelgesi ne zaman yayımlanmıştır? Erzurum ve Sivas Kongreleri ne za­ man toplanmıştır? ……………………………………………………………………………………… 8. Büyük Millet Meclisi nerede açılmıştır? ……………………………………………………………………………………… 9. İzlediğiniz videoya bir başlık vermeniz istenseydi ne koyardınız? ……………………………………………………………………………………… 10. İzlediğiniz videonun hazırlanış amacı nedir? ……………………………………………………………………………………… 11. İzlediğiniz videoda aktarılan bilgiler bir kaynağa dayandırılmış mıdır? ………………………………………………………………………………………",,,,
page_151,151,"151
5. Tema: Millî Mücadele
KONUŞMA
1.
Övün, ey Çanakkale, cihan durdukça övün!
Ömründe göstermedin bin düşmana bir düğün.
Sen bir büyük milletin savaşa girdiği gün,
Başına yüz milletin üşüştüğü yersin.
Bu dizelerden hareketle “Çanakkale Zaferi” ile ilgili bir sunu hazırlayarak çev­
renizdeki kişilerle paylaşınız. 
2. Sunu için hazırladığınız konuşmayı aşağıya yazınız.
………………………………………………………………………………………
………………………………………………………………………………………
………………………………………………………………………………………
………………………………………………………………………………………
………………………………………………………………………………………
………………………………………………………………………………………
3. Hazırladığınız sunuyu aşağıdaki “Değerlendirme Formu”na göre değerlendiri­
niz. Bu sunu çalışması kapsamında aşağıda listelenen davranışlardan kazandığınız be­
ceriler için Evet, kazanamadığınız beceriler için Hayır kutucuğuna (X) işareti koyarak 
kendinizi değerlendiriniz. 
Değerlendirme Ölçütleri
Evet
Hayır
Sunu hazırladım.
Sunum anında konuşma stratejilerini uyguladım. 
Konuşmamda beden dilini etkili bir şekilde kullandım.
Sözcükleri anlamlarına uygun kullandım.
Konuşmamda yabancı dillerden alınmış, dilimize henüz 
yerleşmemiş sözcüklerin Türkçelerini kullandım.
Konuşmamda uygun geçiş ve bağlantı ifadelerini kullandım.
Değerlendirme sonunda Hayır şeklindeki cevaplarınızı bir daha gözden geçiriniz 
ve ilgili açıklamaları tekrar ediniz. 
","5. Tema: Millî Mücadele KONUŞMA 1. Övün, ey Çanakkale, cihan durdukça övün! Ömründe göstermedin bin düşmana bir düğün. Sen bir büyük milletin savaşa girdiği gün, Başına yüz milletin üşüştüğü yersin. Bu dizelerden hareketle “Çanakkale Zaferi” ile ilgili bir sunu hazırlayarak çev­ renizdeki kişilerle paylaşınız. 2. Sunu için hazırladığınız konuşmayı aşağıya yazınız. ……………………………………………………………………………………… ……………………………………………………………………………………… ……………………………………………………………………………………… ……………………………………………………………………………………… ……………………………………………………………………………………… ……………………………………………………………………………………… 3. Hazırladığınız sunuyu aşağıdaki “Değerlendirme Formu”na göre değerlendiri­ niz. Bu sunu çalışması kapsamında aşağıda listelenen davranışlardan kazandığınız be­ ceriler için Evet, kazanamadığınız beceriler için Hayır kutucuğuna (X) işareti koyarak kendinizi değerlendiriniz. Değerlendirme Ölçütleri Evet Hayır Sunu hazırladım. Sunum anında konuşma stratejilerini uyguladım. Konuşmamda beden dilini etkili bir şekilde kullandım. Sözcükleri anlamlarına uygun kullandım. Konuşmamda yabancı dillerden alınmış, dilimize henüz yerleşmemiş sözcüklerin Türkçelerini kullandım. Konuşmamda uygun geçiş ve bağlantı ifadelerini kullandım. Değerlendirme sonunda Hayır şeklindeki cevaplarınızı bir daha gözden geçiriniz ve ilgili açıklamaları tekrar ediniz.",,,,
page_152,152,"152
Türkçe 8. Sınıf
1.
Peyami Safa, edebiyatımızda  bir çınardı.
Edebiyatla 11 yaşındayken ilgilenmeye
 
başlamış, eğitim hayatına doğru düzgün
 
devam edememesine rağmen sürekli oku-
yarak kendisini geliştirmiştir. Hatta lise
 
döneminde arkadaşlık yaptığı Yusuf Ziya 
Ortaç onun hakkında “olmayan parasını 
ekmekten, kravattan çok kitaba vermiştir, 
her türlü kitaba…” yorumunu yapmıştır. 
Yaşamını sürekli olarak kitaplara adamıştı.
Okumayı tıpkı çocukları sevdiği gibi se-
verdi.
Bu parçada altı çizili bölümde aşağıda-
kilerden hangisinden yararlanılmıştır?
A) Karşılaştırmadan
B) Açıklamadan
C) Benzetmeden
D) Örneklemeden
2.
Tarihin dilinden düşmez bu destan:
Nehirler gazidir, dağlar kahraman
Her taşı bir yakut olan bu vatan,
Can verme sırrına erenlerindir
Altı çizili dizelerde aşağıdaki sanatlar­
dan hangisi vardır?
A) Benzetme
B) Kişileştirme
C) Konuşturma
D) Tezat
3.
Ey ana toprağı, ey Anadolu,
Açıldı önünde terakki yolu.
Hamdolsun her yanın bereket dolu,
Cennette bir yeşil meydan gibisin.
Bu dizelerde ele alınan tema aşağıdaki­
lerden hangisidir?
A) Tabiat sevgisi
B) Anne sevgisi
C) Vatan sevgisi
D) Bilim sevgisi
4.
Aşağıdakilerden hangisi iyi konuşmacı­
da bulunması gereken özelliklerden biri
değildir?
A) Sözcükleri doğru telaffuz etmek
B) Konuşmayı gereksiz yere uzatmak
C) Yapmacık davranışlarda kaçınmak
D) Beden dilini doğru kullanmak
5.
Aşağıdaki 
cümlelerden 
hangisinde
olumsuz eleştiri yapılmıştır?
A) Dili açık ve anlaşılırdır
B) Toplantıyı tarafsız yönetti.
C) Kitabı eskisi kadar iyi değil.
D) Öyküleri, okurun ufkunu açıyor.
5. TEMA
ÖLÇME VE DEĞERLENDİRME SORULARI
HAYAT BOYU ÖĞRENME
","Türkçe 8. Sınıf 1. Peyami Safa, edebiyatımızda bir çınardı. Edebiyatla 11 yaşındayken ilgilenmeye başlamış, eğitim hayatına doğru düzgün devam edememesine rağmen sürekli oku- yarak kendisini geliştirmiştir. Hatta lise döneminde arkadaşlık yaptığı Yusuf Ziya Ortaç onun hakkında “olmayan parasını ekmekten, kravattan çok kitaba vermiştir, her türlü kitaba…” yorumunu yapmıştır. Yaşamını sürekli olarak kitaplara adamıştı. Okumayı tıpkı çocukları sevdiği gibi se- verdi. Bu parçada altı çizili bölümde aşağıda- kilerden hangisinden yararlanılmıştır? A) Karşılaştırmadan B) Açıklamadan C) Benzetmeden D) Örneklemeden 2. Tarihin dilinden düşmez bu destan: Nehirler gazidir, dağlar kahraman Her taşı bir yakut olan bu vatan, Can verme sırrına erenlerindir Altı çizili dizelerde aşağıdaki sanatlar­ dan hangisi vardır? A) Benzetme B) Kişileştirme C) Konuşturma D) Tezat 3. Ey ana toprağı, ey Anadolu, Açıldı önünde terakki yolu. Hamdolsun her yanın bereket dolu, Cennette bir yeşil meydan gibisin. Bu dizelerde ele alınan tema aşağıdaki­ lerden hangisidir? A) Tabiat sevgisi B) Anne sevgisi C) Vatan sevgisi D) Bilim sevgisi 4. Aşağıdakilerden hangisi iyi konuşmacı­ da bulunması gereken özelliklerden biri değildir? A) Sözcükleri doğru telaffuz etmek B) Konuşmayı gereksiz yere uzatmak C) Yapmacık davranışlarda kaçınmak D) Beden dilini doğru kullanmak 5. Aşağıdaki cümlelerden hangisinde olumsuz eleştiri yapılmıştır? A) Dili açık ve anlaşılırdır B) Toplantıyı tarafsız yönetti. C) Kitabı eskisi kadar iyi değil. D) Öyküleri, okurun ufkunu açıyor. 5. TEMA ÖLÇME VE DEĞERLENDİRME SORULARI HAYAT BOYU ÖĞRENME",,,,
page_153,153,"153
5. Tema: Millî Mücadele
6.
I. 	 Beden dilini iyi kullanmak
II. Konu hakkında araştırma yapmak
III. Konuşma metni hazırlamak
IV. Prova yapmak
Numaralanmış ifadelerden hangisi su­
numdan önce yapılması gereken husus­
lardan biri değildir?
A) I
B) II
C) III
D) IV
7.
“Dinleme”, ana dil eğitiminde, temel dil
becerilerinin en zayıf halkası olarak kalıyor
hep. Çünkü “iyi dinlemek” denen şey ne ise
çocuğun susup karşısındakini işitmeye baş­
ladığı anda, onu gerçekleştirebileceği basit
bir eylem olarak görülüyor.
Buna göre aşağıdakilerden hangisi bu du­
rumu aşmak için kullanılabilecek etkili
dinleme yöntemlerinden biridir?
A) Dinleme sürecinde konuşmacı ve konu­
ya ön yargısız yaklaşmak
B) Dinlenenler arasında sebep-sonuç ilişki­
leri kurmak
C) Dinlenenlerle ilgili önemli noktalar not
almak
D) Çelişkili görülen ifadeleri konuşma so­
nunda konuşmacıya uygun bir üslupla
sormak
8.
Çanakkale Savaşı 1915’ te kazanılmış bir za-
ferdir. Türkiye için çok büyük insan kaybına
yol açmıştır. Şehit sayısını bugün   bile tam 
olarak bilemiyoruz. 50 bin ila 250  bin ara-
sında rakamlar söz konusudur. Ama sayı ne
kadar olursa olsun ortada büyük bir    kayıp
vardır. Savaş tarihinde bütün ülkelerin
“Çanakkale”si yoktur.
Bu parçanın anlatımında aşağıdakilerin 
hangisi ağır basmaktadır?
A) Sayısal verilerden yararlanma
B) Örnekleme
C) Öyküleme
D) Tartışma
9.
Ben kaderimi yaşıyorum
Okyanuslarda bir damla gibi
Silmez alınyazımı zaman
Getirmez seneler beklediğimi
Bu dizelerde altı çizili fiillerin nesnesine 
göre çatısı aşağıdakilerden hangisinde sı-
rasıyla doğru olarak verilmiştir?
A) Geçişli-etken
B) Geçişsiz-geçişli
C) Geçişsiz-geçişsiz
D) Geçişli-geçişli
HAYAT BOYU ÖĞRENME
","5. Tema: Millî Mücadele 6. I. Beden dilini iyi kullanmak II. Konu hakkında araştırma yapmak III. Konuşma metni hazırlamak IV. Prova yapmak Numaralanmış ifadelerden hangisi su­ numdan önce yapılması gereken husus­ lardan biri değildir? A) I B) II C) III D) IV 7. “Dinleme”, ana dil eğitiminde, temel dil becerilerinin en zayıf halkası olarak kalıyor hep. Çünkü “iyi dinlemek” denen şey ne ise çocuğun susup karşısındakini işitmeye baş­ ladığı anda, onu gerçekleştirebileceği basit bir eylem olarak görülüyor. Buna göre aşağıdakilerden hangisi bu du­ rumu aşmak için kullanılabilecek etkili dinleme yöntemlerinden biridir? A) Dinleme sürecinde konuşmacı ve konu­ ya ön yargısız yaklaşmak B) Dinlenenler arasında sebep-sonuç ilişki­ leri kurmak C) Dinlenenlerle ilgili önemli noktalar not almak D) Çelişkili görülen ifadeleri konuşma so­ nunda konuşmacıya uygun bir üslupla sormak 8. Çanakkale Savaşı 1915’ te kazanılmış bir za- ferdir. Türkiye için çok büyük insan kaybına yol açmıştır. Şehit sayısını bugün bile tam olarak bilemiyoruz. 50 bin ila 250 bin ara- sında rakamlar söz konusudur. Ama sayı ne kadar olursa olsun ortada büyük bir kayıp vardır. Savaş tarihinde bütün ülkelerin “Çanakkale”si yoktur. Bu parçanın anlatımında aşağıdakilerin hangisi ağır basmaktadır? A) Sayısal verilerden yararlanma B) Örnekleme C) Öyküleme D) Tartışma 9. Ben kaderimi yaşıyorum Okyanuslarda bir damla gibi Silmez alınyazımı zaman Getirmez seneler beklediğimi Bu dizelerde altı çizili fiillerin nesnesine göre çatısı aşağıdakilerden hangisinde sı- rasıyla doğru olarak verilmiştir? A) Geçişli-etken B) Geçişsiz-geçişli C) Geçişsiz-geçişsiz D) Geçişli-geçişli HAYAT BOYU ÖĞRENME",,,,
page_154,154,"6. TEMA
OKUMA
",6. TEMA OKUMA,,,,
page_155,155,"ANAHTAR KAVRAMLAR
Okuma	
Görsel okuma	
Kitap	
Yazar
Çeviri	
Hızlı Okuma Teknikleri	
Konuşma	
Kılavuz
Türk Dili
Yaşam Boyu Kullanacağımız Bir 
Araç
Sait Faik’le Bir Görüşme 
Anlayarak Hızlı Okuma Teknikleri 
(Dinleme / İzleme Metni
",ANAHTAR KAVRAMLAR Okuma Görsel okuma Kitap Yazar Çeviri Hızlı Okuma Teknikleri Konuşma Kılavuz Türk Dili Yaşam Boyu Kullanacağımız Bir Araç Sait Faik’le Bir Görüşme Anlayarak Hızlı Okuma Teknikleri (Dinleme / İzleme Metni,,,,
page_156,156,"156
Türkçe 8. Sınıf
Aşağıdaki metni tür özelliklerine uygun biçimde sesli okuyunuz.
TÜRK DİLİ
Bir varmış, bir yokmuş, Allah'ın kulu çokmuş. Ben daha çok genç bir şehir mek-
teplisi iken orta halli bir amcam varmış. Bu amcam, makinistlik edermiş. Yaz ayların-
da, taşralarda gezer, çiftliklerde harman savurtur ve makinelere bakarmış. Günlerden 
bir gün, henüz on yedi yaşında bulunduğum ve Debretsen şehrinde liseyi bitirmek-
te olduğum sıralarda, Boğdan memleketinden yeni dönen amcam bizi ziyarete gel-
di. Hoşbeşten sonra, kahve çubuk içerek gezdiği memleketlerin türlü türlü âdetlerini, 
söyledikleri (konuştukları) dilleri birer birer anlatırken en ziyade beğendiğim insan 
cinsi ve en kolay öğrendiğim insan dili, Türk ve Türkçedir, dedi.
Meğer o vakitler, Boğdan memleketi Türk hükmü altında imiş. “Bu dediğiniz 
Türk dili nasıldır?” diye sordum. ""Hem söylenişi güzel hem öğrenmesi kolay bir dil-
dir!” cevabını aldım. Güzelliğinin ve kolaylığının neden ibaret olduğu sualine cevaben: 
""Telaffuzu bizim Macar dili, ahengi bizim dilimizdeki ahenk gibi olup sözlerinin çoğu 
da dilimizde var.” dedi. Sordum: ""Mesela, ne gibi?” “İşte onların kapısı, bizde kapı; 
onların elması, arpası, teknesi, baltası; bizde de elma, arpa, tekne, baltadır. (…) ; satıcı, 
satuç; sakal, sakal; öküz, ükür ve bunlara benzeyen daha neler neler...""
Amcam, iki yüzden fazla kelime sayıp söylerken, zaten evvelden beri pek çok dil 
meraklısı olduğumdan dikkatim gayet arttı. Amcam:
— Oğlum, Latince, Rumca öğreneceğine Türkçe öğren. Türk milleti bize en yakın 
bir millet olduğu gibi Türk dili de bizim dilimize pek yakın bir dildir. Türkçeyi öğre-
necek olursan hem Türklere, hem kendi vatanına hizmet etmiş olursun, dedi.
Amcamın bu sözleri üzerine, derin derin düşünmeye başladım. Vakitler de masal-
larınki gibi tez geçer. Şehrimizin lisesini bitirip tam kırk altı sene önce doğduğum yer 
Hazırlık 
1. “Türk milletinin dili Türkçe’dir. Türk dili dünyada en güzel, en zengin
ve en kolay olabilecek bir dildir. Onun için her Türk, dilini çok sever ve onu 
yüceltmek için çalışır.”
Atatürk, bu sözüyle ne anlatmak istemiş olabilir?
OKUMA
","Türkçe 8. Sınıf Aşağıdaki metni tür özelliklerine uygun biçimde sesli okuyunuz. TÜRK DİLİ Bir varmış, bir yokmuş, Allah'ın kulu çokmuş. Ben daha çok genç bir şehir mek- teplisi iken orta halli bir amcam varmış. Bu amcam, makinistlik edermiş. Yaz ayların- da, taşralarda gezer, çiftliklerde harman savurtur ve makinelere bakarmış. Günlerden bir gün, henüz on yedi yaşında bulunduğum ve Debretsen şehrinde liseyi bitirmek- te olduğum sıralarda, Boğdan memleketinden yeni dönen amcam bizi ziyarete gel- di. Hoşbeşten sonra, kahve çubuk içerek gezdiği memleketlerin türlü türlü âdetlerini, söyledikleri (konuştukları) dilleri birer birer anlatırken en ziyade beğendiğim insan cinsi ve en kolay öğrendiğim insan dili, Türk ve Türkçedir, dedi. Meğer o vakitler, Boğdan memleketi Türk hükmü altında imiş. “Bu dediğiniz Türk dili nasıldır?” diye sordum. ""Hem söylenişi güzel hem öğrenmesi kolay bir dil- dir!” cevabını aldım. Güzelliğinin ve kolaylığının neden ibaret olduğu sualine cevaben: ""Telaffuzu bizim Macar dili, ahengi bizim dilimizdeki ahenk gibi olup sözlerinin çoğu da dilimizde var.” dedi. Sordum: ""Mesela, ne gibi?” “İşte onların kapısı, bizde kapı; onların elması, arpası, teknesi, baltası; bizde de elma, arpa, tekne, baltadır. (…) ; satıcı, satuç; sakal, sakal; öküz, ükür ve bunlara benzeyen daha neler neler..."" Amcam, iki yüzden fazla kelime sayıp söylerken, zaten evvelden beri pek çok dil meraklısı olduğumdan dikkatim gayet arttı. Amcam: — Oğlum, Latince, Rumca öğreneceğine Türkçe öğren. Türk milleti bize en yakın bir millet olduğu gibi Türk dili de bizim dilimize pek yakın bir dildir. Türkçeyi öğre- necek olursan hem Türklere, hem kendi vatanına hizmet etmiş olursun, dedi. Amcamın bu sözleri üzerine, derin derin düşünmeye başladım. Vakitler de masal- larınki gibi tez geçer. Şehrimizin lisesini bitirip tam kırk altı sene önce doğduğum yer Hazırlık 1. “Türk milletinin dili Türkçe’dir. Türk dili dünyada en güzel, en zengin ve en kolay olabilecek bir dildir. Onun için her Türk, dilini çok sever ve onu yüceltmek için çalışır.” Atatürk, bu sözüyle ne anlatmak istemiş olabilir? OKUMA",,,,
page_157,157,"157
6. Tema: Okuma
olan şehirden Peşte Üniversitesine 
gittim. Türk dilinin o zamanki ho-
cası Avrupa Doğu bilimcilerinin en 
ünlüsü bizim üstat Vambery (Vam-
beri ) idi. Peşte'ye gelişimin birinci 
haftasında ünlü hocanın talebesi ol-
dum ve Türkçeyi öğrenmeye başla-
dım. Vambery'nin derslerine üç sene 
devam 
edip 
Türkçeden 
başka, 
Uygurca, Tatarca ve Çağataycaya da 
çalıştım. 
Günlerden bir gün, Peşte sokaklarını gezerek, lale ve sümbül biçerek, Tuna suyu 
içerek fesli bir tacire, Türkiye'den henüz gelmiş bir şekercinin dükkânında rastladım. 
Dükkân da mini mini bir yerdi. Selam ve kelamdan ve Türkçe zar zor görüştükten 
sonra, hem şekerini yedik hem konuşmağa başladık. O, benim kekemeli Türkçemden 
ne kadar haz ediyorsa ben de onun Türkçe konuşmasından o derece lezzet buluyor­
dum. Oh! O, şimdiye kadar hiç görmediğim, hiç tatmadığım lokumlar, helvalar, türlü 
türlü ezmeler ne âlâ imiş!... Âdeta şekercinin tatlı mallarının tiryakisi oldum. Bu, be­
nim tatlı meşguliyetimden başka, Türk diline daha ziyade heves edip konuşmaya da 
epeyce alıştım. 
(…)
 Ignácz KÚNOS (İgnas Kunoş), Türk Halk Edebiyatı
1. ÇALIŞMA
Aşağıda verilen sözcüklerin anlamını metinden hareketle tahmin ediniz.  Tah­
minlerinizin doğruluğunu “Türkçe Sözlük”ten kontrol ediniz.
Tahminim
Sözlük anlamı
hoşbeş
................................................ ......................................................................
kekemeli
................................................ ......................................................................
tacir
................................................ ......................................................................
","6. Tema: Okuma olan şehirden Peşte Üniversitesine gittim. Türk dilinin o zamanki ho- cası Avrupa Doğu bilimcilerinin en ünlüsü bizim üstat Vambery (Vam- beri ) idi. Peşte'ye gelişimin birinci haftasında ünlü hocanın talebesi ol- dum ve Türkçeyi öğrenmeye başla- dım. Vambery'nin derslerine üç sene devam edip Türkçeden başka, Uygurca, Tatarca ve Çağataycaya da çalıştım. Günlerden bir gün, Peşte sokaklarını gezerek, lale ve sümbül biçerek, Tuna suyu içerek fesli bir tacire, Türkiye'den henüz gelmiş bir şekercinin dükkânında rastladım. Dükkân da mini mini bir yerdi. Selam ve kelamdan ve Türkçe zar zor görüştükten sonra, hem şekerini yedik hem konuşmağa başladık. O, benim kekemeli Türkçemden ne kadar haz ediyorsa ben de onun Türkçe konuşmasından o derece lezzet buluyor­ dum. Oh! O, şimdiye kadar hiç görmediğim, hiç tatmadığım lokumlar, helvalar, türlü türlü ezmeler ne âlâ imiş!... Âdeta şekercinin tatlı mallarının tiryakisi oldum. Bu, be­ nim tatlı meşguliyetimden başka, Türk diline daha ziyade heves edip konuşmaya da epeyce alıştım. (…) Ignácz KÚNOS (İgnas Kunoş), Türk Halk Edebiyatı 1. ÇALIŞMA Aşağıda verilen sözcüklerin anlamını metinden hareketle tahmin ediniz. Tah­ minlerinizin doğruluğunu “Türkçe Sözlük”ten kontrol ediniz. Tahminim Sözlük anlamı hoşbeş ................................................ ...................................................................... kekemeli ................................................ ...................................................................... tacir ................................................ ......................................................................",,,,
page_158,158,"158
Türkçe 8. Sınıf
2. ÇALIŞMA
Aşağıdaki soruları şiire göre cevaplayınız.
1.
Okuduğunuz metnin konusu nedir?
2.
Yazar, Türkçe hakkında bilgiyi ilk kez kimden ve ne zaman öğrenmiştir?
3.
Türkçe ile Macarcanın benzerlikleri nelerdir?
4.
Amcasının sözleri, yazarı nasıl etkilemiştir?
5.
Yazar, Türkçeyi nerede öğrenmiştir?
6.
Yazar, Türkçe konuşmayı neye benzetmiştir? Türkçede hangi lezzetleri bulmuştur?
7.
Yazar, Türkçeye karşı sevgisini nasıl dile getirmektedir?
8.
Okuduğunuz metnin ana düşüncesini belirleyiniz.
3. ÇALIŞMA
Okuduğunuz metne farklı başlıklar yazınız.
BENİM 
BAŞLIKLARIM
....................................................
....................................................
....................................................
4. ÇALIŞMA
Metnin içeriğine yönelik iki soru yazarak soruları cevaplayınız.
1. SORU:
CEVABIM:
2. SORU:
CEVABIM:
5. ÇALIŞMA
a) Yazarın Türkçeye bakış açısının tespit ediniz.
b) Okuduğunuz metindeki öznel ve nesnel ifadeleri tespit ediniz.
","Türkçe 8. Sınıf 2. ÇALIŞMA Aşağıdaki soruları şiire göre cevaplayınız. 1. Okuduğunuz metnin konusu nedir? 2. Yazar, Türkçe hakkında bilgiyi ilk kez kimden ve ne zaman öğrenmiştir? 3. Türkçe ile Macarcanın benzerlikleri nelerdir? 4. Amcasının sözleri, yazarı nasıl etkilemiştir? 5. Yazar, Türkçeyi nerede öğrenmiştir? 6. Yazar, Türkçe konuşmayı neye benzetmiştir? Türkçede hangi lezzetleri bulmuştur? 7. Yazar, Türkçeye karşı sevgisini nasıl dile getirmektedir? 8. Okuduğunuz metnin ana düşüncesini belirleyiniz. 3. ÇALIŞMA Okuduğunuz metne farklı başlıklar yazınız. BENİM BAŞLIKLARIM .................................................... .................................................... .................................................... 4. ÇALIŞMA Metnin içeriğine yönelik iki soru yazarak soruları cevaplayınız. 1. SORU: CEVABIM: 2. SORU: CEVABIM: 5. ÇALIŞMA a) Yazarın Türkçeye bakış açısının tespit ediniz. b) Okuduğunuz metindeki öznel ve nesnel ifadeleri tespit ediniz.",,,,
page_159,159,"159
6. Tema: Okuma
6. ÇALIŞMA
Aşağıdaki cümlelerde “neden-sonuç, amaç-sonuç, koşul, karşılaştırma, benzet­
me, örneklendirme, abartma ve duygu” belirten ifadelerden hangileri olduğunu 
karşılarına yazınız.
a) Türkçeyi öğrenecek olursan hem Türklere, hem kendi vatanına hizmet etmiş
olursun, dedi. (----------------------)
b) ""Mesela, ne gibi?” “İşte onların kapısı, bizde kapı; onların elması, arpası, tek­
nesi, baltası; bizde de elma, arpa, tekne, baltadır. (…) ; satıcı, satuç; sakal, sakal; öküz, 
ükür ve bunlara benzeyen daha neler neler..."" (----------------------)
c) Oh! O, şimdiye kadar hiç görmediğim, hiç tatmadığım lokumlar, helvalar, türlü
türlü ezmeler ne âlâ imiş!... (----------------------)
7. ÇALIŞMA
Okuduğunuz metinde hangi cümleleri vurgulamak isterdiniz? Örnek veriniz.
..............................................................................................................................
..............................................................................................................................
..............................................................................................................................
..............................................................................................................................
8. ÇALIŞMA
Türkçenin özellikleri ile ilgili blog ve şahsi internet sayfalarından beş tanesini
inceleyiniz. Bu sayfalardaki bilgileri karşılaştırarak bunların hangisindeki bilgile­
rin güvenilir olduğunu tespit ediniz. 
9. ÇALIŞMA
Türkçe üzerine bilimsel bir yazı yazınız. Bu yazınızda ağırlıklı olarak “edu”
ve “gov” uzantılı sitelerden yararlanınız. Yazınızın kaynakçasında bu sitelerin 
adını belirtiniz. 
BİLİMSEL YAZIM
………………………………………………………………………………………
………………………………………………………………………………………
………………………………………………………………………………………
KAYNAKÇAM: 1 .........................................  2. .........................................................
","6. Tema: Okuma 6. ÇALIŞMA Aşağıdaki cümlelerde “neden-sonuç, amaç-sonuç, koşul, karşılaştırma, benzet­ me, örneklendirme, abartma ve duygu” belirten ifadelerden hangileri olduğunu karşılarına yazınız. a) Türkçeyi öğrenecek olursan hem Türklere, hem kendi vatanına hizmet etmiş olursun, dedi. (----------------------) b) ""Mesela, ne gibi?” “İşte onların kapısı, bizde kapı; onların elması, arpası, tek­ nesi, baltası; bizde de elma, arpa, tekne, baltadır. (…) ; satıcı, satuç; sakal, sakal; öküz, ükür ve bunlara benzeyen daha neler neler..."" (----------------------) c) Oh! O, şimdiye kadar hiç görmediğim, hiç tatmadığım lokumlar, helvalar, türlü türlü ezmeler ne âlâ imiş!... (----------------------) 7. ÇALIŞMA Okuduğunuz metinde hangi cümleleri vurgulamak isterdiniz? Örnek veriniz. .............................................................................................................................. .............................................................................................................................. .............................................................................................................................. .............................................................................................................................. 8. ÇALIŞMA Türkçenin özellikleri ile ilgili blog ve şahsi internet sayfalarından beş tanesini inceleyiniz. Bu sayfalardaki bilgileri karşılaştırarak bunların hangisindeki bilgile­ rin güvenilir olduğunu tespit ediniz. 9. ÇALIŞMA Türkçe üzerine bilimsel bir yazı yazınız. Bu yazınızda ağırlıklı olarak “edu” ve “gov” uzantılı sitelerden yararlanınız. Yazınızın kaynakçasında bu sitelerin adını belirtiniz. BİLİMSEL YAZIM ……………………………………………………………………………………… ……………………………………………………………………………………… ……………………………………………………………………………………… KAYNAKÇAM: 1 ......................................... 2. .........................................................",,,,
page_160,160,"160
Türkçe 8. Sınıf
9. ÇALIŞMA
“Prof. Dr. Ayten Genç” ve “Dr. Murat Sami Türker” tarafından yapılan  “Yabancı
Dil Olarak Türkçe Öğretiminde Blogların Öğretim Amaçlı Kullanımı Üzerine Öğren­
ci ve Öğretmen Görüşler” adlı araştırmadan alınan aşağıdaki parçayı okuyunuz.
Türkçenin yabancı dil olarak öğretiminde blog kullanımına yönelik öğ-
renci ve öğretmen görüşlerinin araştırıldığı bu nitel çalışmanın verileri, araş-
tırmacı tarafından özgün olarak hazırlanmış öğrenci ve öğretim elemanı 
görüşme formlarından elde edilmiştir. Görüşmelerde, Türkçe öğrenme amaç-
larının sorulduğu ilk soru için öğrenciler, “Türkiye’de eğitim almak, sosyal 
çevre edinmek ve öz yeterliklerini artırmak ” gibi ortak cevaplar vermişlerdir. 
(Bk. Tablo 2).
 İkinci soruda yabancı dil öğrenmede blogların avantajları ve dezavantaj-
ları sorulduğunda, öğrenciler blogların yeni, eğlenceli ve teknolojik özellikleri 
sayesinde ilgi çekici öğrenme ortamları olduğunu ifade etmişlerdir. (Bk. Tablo 
3).
https://www.researchgate.net
","Türkçe 8. Sınıf 9. ÇALIŞMA “Prof. Dr. Ayten Genç” ve “Dr. Murat Sami Türker” tarafından yapılan “Yabancı Dil Olarak Türkçe Öğretiminde Blogların Öğretim Amaçlı Kullanımı Üzerine Öğren­ ci ve Öğretmen Görüşler” adlı araştırmadan alınan aşağıdaki parçayı okuyunuz. Türkçenin yabancı dil olarak öğretiminde blog kullanımına yönelik öğ- renci ve öğretmen görüşlerinin araştırıldığı bu nitel çalışmanın verileri, araş- tırmacı tarafından özgün olarak hazırlanmış öğrenci ve öğretim elemanı görüşme formlarından elde edilmiştir. Görüşmelerde, Türkçe öğrenme amaç- larının sorulduğu ilk soru için öğrenciler, “Türkiye’de eğitim almak, sosyal çevre edinmek ve öz yeterliklerini artırmak ” gibi ortak cevaplar vermişlerdir. (Bk. Tablo 2). İkinci soruda yabancı dil öğrenmede blogların avantajları ve dezavantaj- ları sorulduğunda, öğrenciler blogların yeni, eğlenceli ve teknolojik özellikleri sayesinde ilgi çekici öğrenme ortamları olduğunu ifade etmişlerdir. (Bk. Tablo 3). https://www.researchgate.net",,,,
page_161,161,"161
6. Tema: Okuma
Aşağıdaki soruları okuduğunuz araştırmaya göre cevaplayınız.
a) Tablo 2’ye göre Türkçe öğrenmedeki bloglar en çok hangi amaçla kullanılmak­
tadır?
………………………………………………………………………………………
………………………………………………………………………………………
………………………………………………………………………………………
………………………………………………………………………………………
b) Tablo 3’e göre yabancı dil öğrenmede blogların avantajları/dezavantajları ne­
lerdir?  
………………………………………………………………………………………
………………………………………………………………………………………
………………………………………………………………………………………
………………………………………………………………………………………
10. ÇALIŞMA
Fiilimsilerle ilgili aşağıdaki ifadeler doğru ise başına “D”, yanlış ise “Y” yazınız.
(----) a. Fiilimsiler fiil kök ya da gövdelerine gelen eklerle türetilir.
(----) b. İsim, sıfat, zarf görevinde kullanılır.
(----) c. Fiilimsiler, fiiller gibi olumsuzluk ekini alamaz.
(----) ç.  “Boğdan memleketinden yeni dönen amcam bizi ziyarete geldi.” cümle­
sinde sıfat-fiil kullanılmıştır.
(----) d. “Günlerden bir gün, Peşte sokaklarını gezerek, lale ve sümbül biçerek, 
Tuna suyu içerek fesli bir tacire, Türkiye'den henüz gelmiş bir şekercinin 
dükkânında rastladım.” cümlesinde iki tane zarf-fiil kullanılmıştır.
(----) e. “Amcamın bu sözleri üzerine, derin derin düşünmeye başladım.” cümle-
sindeki altı çizili sözcük isim-fiildir.
(----) f. “Debretsen şehrinde liseyi bitirmekte olduğum sıralarda...” cümlesindeki 
altı çizili sözcük isim-fiildir.
(----) g. Hem söylenişi güzel hem öğrenmesi kolay bir dildir!” cümlesinde iki tane 
isim-fiil vardır.
","6. Tema: Okuma Aşağıdaki soruları okuduğunuz araştırmaya göre cevaplayınız. a) Tablo 2’ye göre Türkçe öğrenmedeki bloglar en çok hangi amaçla kullanılmak­ tadır? ……………………………………………………………………………………… ……………………………………………………………………………………… ……………………………………………………………………………………… ……………………………………………………………………………………… b) Tablo 3’e göre yabancı dil öğrenmede blogların avantajları/dezavantajları ne­ lerdir? ……………………………………………………………………………………… ……………………………………………………………………………………… ……………………………………………………………………………………… ……………………………………………………………………………………… 10. ÇALIŞMA Fiilimsilerle ilgili aşağıdaki ifadeler doğru ise başına “D”, yanlış ise “Y” yazınız. (----) a. Fiilimsiler fiil kök ya da gövdelerine gelen eklerle türetilir. (----) b. İsim, sıfat, zarf görevinde kullanılır. (----) c. Fiilimsiler, fiiller gibi olumsuzluk ekini alamaz. (----) ç. “Boğdan memleketinden yeni dönen amcam bizi ziyarete geldi.” cümle­ sinde sıfat-fiil kullanılmıştır. (----) d. “Günlerden bir gün, Peşte sokaklarını gezerek, lale ve sümbül biçerek, Tuna suyu içerek fesli bir tacire, Türkiye'den henüz gelmiş bir şekercinin dükkânında rastladım.” cümlesinde iki tane zarf-fiil kullanılmıştır. (----) e. “Amcamın bu sözleri üzerine, derin derin düşünmeye başladım.” cümle- sindeki altı çizili sözcük isim-fiildir. (----) f. “Debretsen şehrinde liseyi bitirmekte olduğum sıralarda...” cümlesindeki altı çizili sözcük isim-fiildir. (----) g. Hem söylenişi güzel hem öğrenmesi kolay bir dildir!” cümlesinde iki tane isim-fiil vardır.",,,,
page_162,162,"162
Türkçe 8. Sınıf
Hazırlık 
1. Hangi sıklıkta kitap okursunuz?
2. Kitap okumanın insana katkıları neler olabilir?
Aşağıdaki metni noktalama işaretlerine dikkat ederek 
“eleştirel okuma” yapınız. 
YAŞAM BOYU KULLANACAĞIMIZ BİR ARAÇ
Ünlü Alman ozanı Goethe'nin (Göthe) özdeyiş niteliği kazanmış bir sözü 
vardır. Der ki “Okumayı öğrenmek sanatların en gücüdür. Ben bu işe yaşamımın 
seksen yılını verdim yine de tam olarak öğrendiğimi söyleyemem.""
Gerçekten de böyledir bu. Okuma, yaşamımızın belirli bir aşamasında ya da ça-
ğında başlayıp biten bir etkinlik değildir. Çocukluk, gençlik, orta yaşlılık ya da 
yaşlılık döneminde de yaşamımızda yer alır. Daha doğrusu yeme, içme, soluma gibi 
yaşamsal bir edim niteliğini kazanır. Onu öğrenme de sürüp gider, öyle ki çocukluk 
çağında okuduğumuz bir kitabı yetişkinlik döneminde okuduğumuzda ondan 
alacağımız tat, ilk okuduğumuzdan farklı olur. Çünkü yaşamın akışı içinde hem 
okuma yöntemimiz değişmiştir hem kişiliğimiz. Tartışma götürmez bir gerçektir bu. 
Okumanın yaşamımızda yeri yaşla sınırlı değildir. Her yaşın kendine özgü ilgileri, 
","Türkçe 8. Sınıf Hazırlık 1. Hangi sıklıkta kitap okursunuz? 2. Kitap okumanın insana katkıları neler olabilir? Aşağıdaki metni noktalama işaretlerine dikkat ederek “eleştirel okuma” yapınız. YAŞAM BOYU KULLANACAĞIMIZ BİR ARAÇ Ünlü Alman ozanı Goethe'nin (Göthe) özdeyiş niteliği kazanmış bir sözü vardır. Der ki “Okumayı öğrenmek sanatların en gücüdür. Ben bu işe yaşamımın seksen yılını verdim yine de tam olarak öğrendiğimi söyleyemem."" Gerçekten de böyledir bu. Okuma, yaşamımızın belirli bir aşamasında ya da ça- ğında başlayıp biten bir etkinlik değildir. Çocukluk, gençlik, orta yaşlılık ya da yaşlılık döneminde de yaşamımızda yer alır. Daha doğrusu yeme, içme, soluma gibi yaşamsal bir edim niteliğini kazanır. Onu öğrenme de sürüp gider, öyle ki çocukluk çağında okuduğumuz bir kitabı yetişkinlik döneminde okuduğumuzda ondan alacağımız tat, ilk okuduğumuzdan farklı olur. Çünkü yaşamın akışı içinde hem okuma yöntemimiz değişmiştir hem kişiliğimiz. Tartışma götürmez bir gerçektir bu. Okumanın yaşamımızda yeri yaşla sınırlı değildir. Her yaşın kendine özgü ilgileri,",,,,
page_163,163,"163
6. Tema: Okuma
merakları, soruları vardır. Bunları karşılamak için insanoğlu her yaşta değişik 
kaynaklara yönelir, okumaya başvurur. Bu gerçeği yüzyılların ötesinden Montaigne 
(Monteyn) ne güzel belirtiyor:
""Kitaplar, ömür boyu yanı başımda elimin altındadır. Yaşlılığımda ve yalnızlığım-
da avuturlar beni. Sıkıntılı bir avareliğin baskısından kurtarır, hoşlanmadığım kişile-
rin havasından dilediğim zaman ayırıverirler beni. Fazla ağır basmadıkları, gücümü 
aşmadıkları zaman acılarımı törpülerler. Rahatımı kaçıran bir saplantıyı başımdan 
atmak için kitaplara başvurmaktan iyisi yoktur, hemen beni kendilerine çeker, içim-
dekinden uzaklaştırırlar. İnsan hayatı denen bu yolculukta benim bulduğum en iyi 
nevale kitaplardır ve ondan yoksun anlayışta insanlara çok acırım."" Yaşam boyu kul-
lanacağımız bir araçtır okuma.
Emin ÖZDEMİR, Eleştirel Okuma
1. ÇALIŞMA
özdeyiş
edim
avutmak
avarelik
Yukarıdaki sözcüklerin anlamlarını metnin bağlamından yararlanarak anla­
mını tahmin ediniz. Tahminlerinizin doğruluğunu “Türkçe Sözlük”ten kontrol 
ediniz.
","6. Tema: Okuma merakları, soruları vardır. Bunları karşılamak için insanoğlu her yaşta değişik kaynaklara yönelir, okumaya başvurur. Bu gerçeği yüzyılların ötesinden Montaigne (Monteyn) ne güzel belirtiyor: ""Kitaplar, ömür boyu yanı başımda elimin altındadır. Yaşlılığımda ve yalnızlığım- da avuturlar beni. Sıkıntılı bir avareliğin baskısından kurtarır, hoşlanmadığım kişile- rin havasından dilediğim zaman ayırıverirler beni. Fazla ağır basmadıkları, gücümü aşmadıkları zaman acılarımı törpülerler. Rahatımı kaçıran bir saplantıyı başımdan atmak için kitaplara başvurmaktan iyisi yoktur, hemen beni kendilerine çeker, içim- dekinden uzaklaştırırlar. İnsan hayatı denen bu yolculukta benim bulduğum en iyi nevale kitaplardır ve ondan yoksun anlayışta insanlara çok acırım."" Yaşam boyu kul- lanacağımız bir araçtır okuma. Emin ÖZDEMİR, Eleştirel Okuma 1. ÇALIŞMA özdeyiş edim avutmak avarelik Yukarıdaki sözcüklerin anlamlarını metnin bağlamından yararlanarak anla­ mını tahmin ediniz. Tahminlerinizin doğruluğunu “Türkçe Sözlük”ten kontrol ediniz.",,,,
page_164,164,"164
Türkçe 8. Sınıf
2. ÇALIŞMA
Aşağıdaki soruları metne göre cevaplayınız.
­
kirleri aşağıdaki noktalı yerlere yazınız.
………………………………………………………………………………………
………………………………………………………………………………………
………………………………………………………………………………………
4. ÇALIŞMA
Okuduğunuz metinde ağırlıklı olarak kullanılan anlatım biçimini aşağıdaki
noktalı yere yazınız.
………………………………………………………………………………………
5. ÇALIŞMA
“Ünlü Alman ozanı Goethe'nin özdeyiş niteliği kazanmış bir sözü vardır. Der ki
“Okumayı öğrenmek sanatların en gücüdür. Ben bu işe yaşamımın seksen yılını ver-
dim yine de tam olarak öğrendiğimi söyleyemem.""
Okuduğunuz metinden alınan bu parçada kullanılan düşünceyi geliştirme yo-
lunu belirleyiniz.
………………………………………………………………………………………
","Türkçe 8. Sınıf 2. ÇALIŞMA Aşağıdaki soruları metne göre cevaplayınız. ­ kirleri aşağıdaki noktalı yerlere yazınız. ……………………………………………………………………………………… ……………………………………………………………………………………… ……………………………………………………………………………………… 4. ÇALIŞMA Okuduğunuz metinde ağırlıklı olarak kullanılan anlatım biçimini aşağıdaki noktalı yere yazınız. ……………………………………………………………………………………… 5. ÇALIŞMA “Ünlü Alman ozanı Goethe'nin özdeyiş niteliği kazanmış bir sözü vardır. Der ki “Okumayı öğrenmek sanatların en gücüdür. Ben bu işe yaşamımın seksen yılını ver- dim yine de tam olarak öğrendiğimi söyleyemem."" Okuduğunuz metinden alınan bu parçada kullanılan düşünceyi geliştirme yo- lunu belirleyiniz. ………………………………………………………………………………………",,,,
page_165,165,"165
6. Tema: Okuma
6. ÇALIŞMA
a. “Yaşam Boyu Kullanacağımız Bir Araç” adlı metinde yazarın “okuma”ya bakış
açısını tespit ediniz.
b. Yazarın ele aldığı konuya yaklaşımı öznel midir yoksa nesnel midir? Metin­
den alınan aşağıdaki cümleleri öznellik-nesnellik açısından değerlendiriniz. 
Cümleler
Öznel
Nesnel
•
Okumayı öğrenmek sanatların en gücüdür.
•
İnsan hayatı denen bu yolculukta benim bulduğum en iyi
nevale kitaplardır.
•
Yaşamın akışı içinde hem okuma yöntemimiz değişmiştir
hem kişiliğimiz.
7. ÇALIŞMA
Aşağıdaki cümleler ile karşılarındaki kavramları eşleştiriniz.
Cümleler
Nesnel
•
Çocukluk çağında okuduğumuz bir kitabı yetişkinlik
döneminde okuduğumuzda ondan alacağımız tat, ilk
okuduğumuzdan farklı olur.
Amaç-Sonuç
•
Rahatımı kaçıran bir saplantıyı başımdan atmak için
kitaplara başvurmaktan iyisi yoktur.
Benzetme
•
Çocukluk, gençlik, orta yaşlılık ya da yaşlılık döne­
minde de yaşamımızda yer alır. Daha doğrusu yeme,
içme, soluma gibi yaşamsal bir edim niteliğini kaza­
nır.
Karşılaştırma 
8. ÇALIŞMA
a. “Okumayı öğrenmek sanatların en gücüdür.” sözünün metnin anlamına kat­
kısını belirleyiniz. 
b. Okuduğunuz metindeki altı çizili  “daha doğrusu” ve “çünkü” geçiş ve bağ­
lantı ifadelerinin metnin anlamına olan katkısını değerlendiriniz.
","6. Tema: Okuma 6. ÇALIŞMA a. “Yaşam Boyu Kullanacağımız Bir Araç” adlı metinde yazarın “okuma”ya bakış açısını tespit ediniz. b. Yazarın ele aldığı konuya yaklaşımı öznel midir yoksa nesnel midir? Metin­ den alınan aşağıdaki cümleleri öznellik-nesnellik açısından değerlendiriniz. Cümleler Öznel Nesnel • Okumayı öğrenmek sanatların en gücüdür. • İnsan hayatı denen bu yolculukta benim bulduğum en iyi nevale kitaplardır. • Yaşamın akışı içinde hem okuma yöntemimiz değişmiştir hem kişiliğimiz. 7. ÇALIŞMA Aşağıdaki cümleler ile karşılarındaki kavramları eşleştiriniz. Cümleler Nesnel • Çocukluk çağında okuduğumuz bir kitabı yetişkinlik döneminde okuduğumuzda ondan alacağımız tat, ilk okuduğumuzdan farklı olur. Amaç-Sonuç • Rahatımı kaçıran bir saplantıyı başımdan atmak için kitaplara başvurmaktan iyisi yoktur. Benzetme • Çocukluk, gençlik, orta yaşlılık ya da yaşlılık döne­ minde de yaşamımızda yer alır. Daha doğrusu yeme, içme, soluma gibi yaşamsal bir edim niteliğini kaza­ nır. Karşılaştırma 8. ÇALIŞMA a. “Okumayı öğrenmek sanatların en gücüdür.” sözünün metnin anlamına kat­ kısını belirleyiniz. b. Okuduğunuz metindeki altı çizili “daha doğrusu” ve “çünkü” geçiş ve bağ­ lantı ifadelerinin metnin anlamına olan katkısını değerlendiriniz.",,,,
page_166,166,"166
Türkçe 8. Sınıf
9. ÇALIŞMA
Aşağıdaki kullanım kılavuzunu inceleyiniz.
Fare Kullanımı
Fare, grafik tabanlı kullanıcı arayüzleri ile kullanılan bir iletişim aracıdır. 
Fare aracılığı ile bilgisayarda nesneleri seçebilir, programları çalıştırabilir, re-
sim çizebilir ve bunlara benzer daha bir çok şey yapabiliriz. Farenin kullanım 
prensibi hemen hemen bütün programlar ve işletim sistemlerinde aynıdır. 
Fareyi sağ ya da sol elimizle kavrar, parmaklarımızı farenin tuşları üzerine 
koyarız. Bu dokümanda fare kullanımı sağ el kullanımına göre anlatılmıştır. 
Fareyi hareket ettirdiğimizde farenin ekran üzerinde nereye konumlandığını 
gösteren ok     ( 
) şeklinde bir imleç belirir. 
Hareket
Görevi
Tıklamak : Farenin sol düğmesine bir kez basıp bırakmak.
Çift Tıklamak : Farenin sol düğmesine iki kez seri şekilde 
basıp bırakmak.
Sağ Tıklamak: Farenin sağ tuşuna bir kez basıp bırakmak.
Ekran üzerinde herhangi bir nesneyi bir yerden bir yere taşımak için de 
şu adımlar izlenir; fare göstergeci istenilen nesnenin üzerine konumlandırılır. 
Farenin sol ya da sağ tuşuna basılı tutulur. Nesne istenilen yere, fare hareket 
ettirilerek taşınır. İstenilen yere gelindiğinde farenin basılı olan tuşu bırakılır.
https://eortak.dtm.gov.tr/eortak/login/getPage.htm?page=SBBUPKilavuz.htm
a. Farenin kullanım prensibini açıklayınız?
b. Fare ile bilgisayarda neler yapılabilir?
c. Fare tuşlarının işlevleri nelerdir?
ç.   Ekran üzerinde herhangi bir nesneyi bir yerden bir yere taşımak için hangi
iş ve işlem basamakları gerçekleştirilir?
","Türkçe 8. Sınıf 9. ÇALIŞMA Aşağıdaki kullanım kılavuzunu inceleyiniz. Fare Kullanımı Fare, grafik tabanlı kullanıcı arayüzleri ile kullanılan bir iletişim aracıdır. Fare aracılığı ile bilgisayarda nesneleri seçebilir, programları çalıştırabilir, re- sim çizebilir ve bunlara benzer daha bir çok şey yapabiliriz. Farenin kullanım prensibi hemen hemen bütün programlar ve işletim sistemlerinde aynıdır. Fareyi sağ ya da sol elimizle kavrar, parmaklarımızı farenin tuşları üzerine koyarız. Bu dokümanda fare kullanımı sağ el kullanımına göre anlatılmıştır. Fareyi hareket ettirdiğimizde farenin ekran üzerinde nereye konumlandığını gösteren ok ( ) şeklinde bir imleç belirir. Hareket Görevi Tıklamak : Farenin sol düğmesine bir kez basıp bırakmak. Çift Tıklamak : Farenin sol düğmesine iki kez seri şekilde basıp bırakmak. Sağ Tıklamak: Farenin sağ tuşuna bir kez basıp bırakmak. Ekran üzerinde herhangi bir nesneyi bir yerden bir yere taşımak için de şu adımlar izlenir; fare göstergeci istenilen nesnenin üzerine konumlandırılır. Farenin sol ya da sağ tuşuna basılı tutulur. Nesne istenilen yere, fare hareket ettirilerek taşınır. İstenilen yere gelindiğinde farenin basılı olan tuşu bırakılır. https://eortak.dtm.gov.tr/eortak/login/getPage.htm?page=SBBUPKilavuz.htm a. Farenin kullanım prensibini açıklayınız? b. Fare ile bilgisayarda neler yapılabilir? c. Fare tuşlarının işlevleri nelerdir? ç. Ekran üzerinde herhangi bir nesneyi bir yerden bir yere taşımak için hangi iş ve işlem basamakları gerçekleştirilir?",,,,
page_167,167,"167
6. Tema: Okuma
Hazırlık 
1. En sevdiğiniz Türk yazarları kimlerdir?
2. Yabancı dillerden çevrilmiş kitapları mı yoksa Türkçe yazılmış kitap-
ları mı tercih edersiniz?
Aşağıdaki metni noktalama işaretlerine dikkat ederek okuyunuz.
SAİT FAİK’LE BİR GÖRÜŞME
Akşamüstleri Tünel'den Taksim'e doğru sol kaldırımdan yürürseniz, gözünüze 
dalgın, siyah gözlüklü, yüzü kederli, ama müthiş kederli, -yüzündeki keder besbellidir, 
elle tutulacak gibi yüzde donup kalmıştır- pantolonu ütüsüz, ağarmış saçları kabar-
mış bir adam çarpar. Bu adamın bu Beyoğlu kalabalığı içinde bir hâli vardır ki (daha 
doğrusu her hâli) size bu koskocaman şehirde yalnız, yapayalnız olduğunu söyler. Bu 
neden böyledir? Orasını kimse de bilmez. Bazı adam vardır insan yüzünde sırf hınç, 
kin okur. Bazısında gurur, bazısında neşe, bazısında bayağılık, aşağılık... Bu adamın 
üstünden, başından da yalnızlık akar. Bir de bu adama Kadıköy iskelesinin kanepele-
rinden birine oturmuş, Heybeli köylüleri, çıplak ayaklı serseri çocukları, hanımefen-
dileri seyrederken rastlarsınız.
Bu adam hikâyeci Sait Faik’tir.
Bir gün, aklımda kaldığına göre, bir pırıl pırıl, cam gibi parlayan sonbahar saba-
hıydı, ona Kadıköy iskelesinin kanepelerinde rastladım.
Ne var, ne yok Sait? dedim. Hikâye yazıyor musun?
Yok, dedi, yaşıyorum.
Hüzünlü, ılık, insan sevgisi dolu hikâyelerini yazmaz, yaşar. Sait bir dertli, kötü-
lüklerden, aşağılıklardan, dünyadaki cümle bayağılıklardan, kirden iğrenen bir âde-
moğludur. O daima iyiliği söylemiştir
Dünyaca ün almış Mark Twain (Mark Tvein) derneğinin fahri üyeliğini aldığını 
duyunca, bu iş için Sait’in ne diyeceğini öğrenmek için aradım. O gün öğleden sonra 
İstiklal Caddesi’ndeki kaldırımdan gittim geldim. Sonra Kadıköy iskelesine uğradım, 
orada da yoktu. Sait anacığı ile birlikte Burgazadası'nda oturur, bindim vapura, 
ikinci gün oraya gittim. Anası Sait’in aynı gün İstanbul’a indiğini söyledi. 
İstanbul'da, tarif ettiğim kaldırımda, ona rastladım. Gene dalgın, sinirliydi. 
Yüzünden düşen bin parça olur derler ya öyleydi.
","6. Tema: Okuma Hazırlık 1. En sevdiğiniz Türk yazarları kimlerdir? 2. Yabancı dillerden çevrilmiş kitapları mı yoksa Türkçe yazılmış kitap- ları mı tercih edersiniz? Aşağıdaki metni noktalama işaretlerine dikkat ederek okuyunuz. SAİT FAİK’LE BİR GÖRÜŞME Akşamüstleri Tünel'den Taksim'e doğru sol kaldırımdan yürürseniz, gözünüze dalgın, siyah gözlüklü, yüzü kederli, ama müthiş kederli, -yüzündeki keder besbellidir, elle tutulacak gibi yüzde donup kalmıştır- pantolonu ütüsüz, ağarmış saçları kabar- mış bir adam çarpar. Bu adamın bu Beyoğlu kalabalığı içinde bir hâli vardır ki (daha doğrusu her hâli) size bu koskocaman şehirde yalnız, yapayalnız olduğunu söyler. Bu neden böyledir? Orasını kimse de bilmez. Bazı adam vardır insan yüzünde sırf hınç, kin okur. Bazısında gurur, bazısında neşe, bazısında bayağılık, aşağılık... Bu adamın üstünden, başından da yalnızlık akar. Bir de bu adama Kadıköy iskelesinin kanepele- rinden birine oturmuş, Heybeli köylüleri, çıplak ayaklı serseri çocukları, hanımefen- dileri seyrederken rastlarsınız. Bu adam hikâyeci Sait Faik’tir. Bir gün, aklımda kaldığına göre, bir pırıl pırıl, cam gibi parlayan sonbahar saba- hıydı, ona Kadıköy iskelesinin kanepelerinde rastladım. Ne var, ne yok Sait? dedim. Hikâye yazıyor musun? Yok, dedi, yaşıyorum. Hüzünlü, ılık, insan sevgisi dolu hikâyelerini yazmaz, yaşar. Sait bir dertli, kötü- lüklerden, aşağılıklardan, dünyadaki cümle bayağılıklardan, kirden iğrenen bir âde- moğludur. O daima iyiliği söylemiştir Dünyaca ün almış Mark Twain (Mark Tvein) derneğinin fahri üyeliğini aldığını duyunca, bu iş için Sait’in ne diyeceğini öğrenmek için aradım. O gün öğleden sonra İstiklal Caddesi’ndeki kaldırımdan gittim geldim. Sonra Kadıköy iskelesine uğradım, orada da yoktu. Sait anacığı ile birlikte Burgazadası'nda oturur, bindim vapura, ikinci gün oraya gittim. Anası Sait’in aynı gün İstanbul’a indiğini söyledi. İstanbul'da, tarif ettiğim kaldırımda, ona rastladım. Gene dalgın, sinirliydi. Yüzünden düşen bin parça olur derler ya öyleydi.",,,,
page_168,168,"168
Türkçe 8. Sınıf
Bu iş için ne dersin? diyecek­
tim, korktum.
—Merhaba, dedim.
—Merhaba, eyvallah, dedi. 
—Ne var, ne yok, dedim.
—İyilik, dedi.
—Mark Twain... dedim.
—Aldırma, dedi.
—Bak dedim, Sait, biliyorsun 
ki ben röportaj yaparım.
—Sonra? dedi.
—Söyle, dedim.
Sait, beni kırmadı. Teşekkür ederim.
Ben sual sormadan o başladı:
—Bana, Mark Twain cemiyeti fahri üyeliği verildi, dünya edebiyatına ettiğim hiz-
metten ötürü. Birçokları gibi ben de şaşırdım. Dünya edebiyatına hizmet filan etme-
diğimi söylemeye ne hacet. Bu, üyelik verilebilmesi için uydurulmuş nazik bir 
sebeptir sanırım.
Ben aldım, dedim ki:
—Senden önce, bu cemiyetin ilk üyesi Atatürk’müş...
Biliyorum. Beni sevindiren de bu işte. Atatürk’ten sonra, benim üye olmam, be­
nim için ne büyük bir şereftir. Bir milletin yetiştirdiği en büyük çocuğu ile o milletin 
kendi hâlinde bir küçük hikâyecisinin Amerika’daki bir cemiyette buluşmaları küçük 
hikâyeci için ne bulunmaz şerefli bir fırsattır. Demokrasi de zaman zaman böyle olur. 
Eğer bu üyelikten memnunsam bu yüzdendir.
— Politika... dedim.
Sözümü ağzımda kodu:
—Karışmam.
 — Peki, seni bu cemiyete ne sebepten, hangi eserin için aza seçtiler?
— En büyük devlet adamlarının, başkanların ve başbakanların fahri veya asli üye 
oldukları bir cemiyete beni de seçmenin aslı nedir diye düşündüm, şunu buldum: De­
mek ki şimdiden sonra dünya çapında hikâyeciyi anmak için kurulmuş bir cemiyete 
dünyanın dört bucağından kendi hâlinde hikâyeciler de seçilecek. 
","Türkçe 8. Sınıf Bu iş için ne dersin? diyecek­ tim, korktum. —Merhaba, dedim. —Merhaba, eyvallah, dedi. —Ne var, ne yok, dedim. —İyilik, dedi. —Mark Twain... dedim. —Aldırma, dedi. —Bak dedim, Sait, biliyorsun ki ben röportaj yaparım. —Sonra? dedi. —Söyle, dedim. Sait, beni kırmadı. Teşekkür ederim. Ben sual sormadan o başladı: —Bana, Mark Twain cemiyeti fahri üyeliği verildi, dünya edebiyatına ettiğim hiz- metten ötürü. Birçokları gibi ben de şaşırdım. Dünya edebiyatına hizmet filan etme- diğimi söylemeye ne hacet. Bu, üyelik verilebilmesi için uydurulmuş nazik bir sebeptir sanırım. Ben aldım, dedim ki: —Senden önce, bu cemiyetin ilk üyesi Atatürk’müş... Biliyorum. Beni sevindiren de bu işte. Atatürk’ten sonra, benim üye olmam, be­ nim için ne büyük bir şereftir. Bir milletin yetiştirdiği en büyük çocuğu ile o milletin kendi hâlinde bir küçük hikâyecisinin Amerika’daki bir cemiyette buluşmaları küçük hikâyeci için ne bulunmaz şerefli bir fırsattır. Demokrasi de zaman zaman böyle olur. Eğer bu üyelikten memnunsam bu yüzdendir. — Politika... dedim. Sözümü ağzımda kodu: —Karışmam. — Peki, seni bu cemiyete ne sebepten, hangi eserin için aza seçtiler? — En büyük devlet adamlarının, başkanların ve başbakanların fahri veya asli üye oldukları bir cemiyete beni de seçmenin aslı nedir diye düşündüm, şunu buldum: De­ mek ki şimdiden sonra dünya çapında hikâyeciyi anmak için kurulmuş bir cemiyete dünyanın dört bucağından kendi hâlinde hikâyeciler de seçilecek.",,,,
page_169,169,"169
6. Tema: Okuma
Türk hikâyecilerini temsil ettiğim anlamına alınmasın sakın. Her hikâye yazan ve 
yayan Türk hikâyecisi kendi şahsında bir dilin hikâyeciliğini yaptığına göre şahsıma 
Mark Twain cemiyetinin gösterdiği ilgi daha çok Türk hikâyeciliğinedir gibi geliyor 
bana. Ben de bu ilgi ve sevgiyi bütün değerli hikâyeci arkadaşlarımla paylaşırım. Kabul 
ederlerse.
Kendini bütün dünyaya tanıtmış, sevdirmiş, halk çocuğu olan hikâyeci Mark 
Twain’i ananların içine Türk dilinin bir hikâye yazarını almayı düşünenlere de teşek­
kür ederim.
Mark Twain için ne dersin?
Sen de amma sual sorarsın ha! Ne derim Mark Twain alay edermiş, güldürürmüş, 
kepaze edermiş, cemiyetteki sahte vakarları, petrol krallarını, pamuk prenseslerini, 
demir beylerini, çelik efendilerini sağlığında. Ölümünden sonra da bir Türk hikâyecisi 
ile şakalaşmasın mı? Eyvallah Mark Twain!
Sonra güldü Sait:
— Daha soracağın? dedi.
— Eyvallah, dedim.
Ayrıldık. O, bir sinemanın önünde kaldı.
Yaşar Kemal, Sait Faik’ten Çocuklara Hikâyeler
haz. Raşit Çavaş
1. ÇALIŞMA
Aşağıda sözlük anlamları verilen sözcükleri cümle içinde kullanınız. 
	
asli: Birincil.
•
..............................................................................................................................
aza: Üye.
•
..............................................................................................................................
cemiyet: Dernek. 
•
..............................................................................................................................
fahri: Onursal.
•
..............................................................................................................................
	
hacet: Gerek, ihtiyaç.
•
..............................................................................................................................
","6. Tema: Okuma Türk hikâyecilerini temsil ettiğim anlamına alınmasın sakın. Her hikâye yazan ve yayan Türk hikâyecisi kendi şahsında bir dilin hikâyeciliğini yaptığına göre şahsıma Mark Twain cemiyetinin gösterdiği ilgi daha çok Türk hikâyeciliğinedir gibi geliyor bana. Ben de bu ilgi ve sevgiyi bütün değerli hikâyeci arkadaşlarımla paylaşırım. Kabul ederlerse. Kendini bütün dünyaya tanıtmış, sevdirmiş, halk çocuğu olan hikâyeci Mark Twain’i ananların içine Türk dilinin bir hikâye yazarını almayı düşünenlere de teşek­ kür ederim. Mark Twain için ne dersin? Sen de amma sual sorarsın ha! Ne derim Mark Twain alay edermiş, güldürürmüş, kepaze edermiş, cemiyetteki sahte vakarları, petrol krallarını, pamuk prenseslerini, demir beylerini, çelik efendilerini sağlığında. Ölümünden sonra da bir Türk hikâyecisi ile şakalaşmasın mı? Eyvallah Mark Twain! Sonra güldü Sait: — Daha soracağın? dedi. — Eyvallah, dedim. Ayrıldık. O, bir sinemanın önünde kaldı. Yaşar Kemal, Sait Faik’ten Çocuklara Hikâyeler haz. Raşit Çavaş 1. ÇALIŞMA Aşağıda sözlük anlamları verilen sözcükleri cümle içinde kullanınız. asli: Birincil. • .............................................................................................................................. aza: Üye. • .............................................................................................................................. cemiyet: Dernek. • .............................................................................................................................. fahri: Onursal. • .............................................................................................................................. hacet: Gerek, ihtiyaç. • ..............................................................................................................................",,,,
page_170,170,"170
Türkçe 8. Sınıf
2. ÇALIŞMA
Aşağıdaki soruları metne göre cevaplayınız.
­
liştirme yollarını belirleyiniz. Bunlara ait temel özellikleri aşağıdaki tabloya yazınız.
Anlatım Biçimi
Düşünceyi Geliştirme Yolu
4. ÇALIŞMA
“Sait Faik’le Bir Görüşme” adlı metinle ilgili aşağıdaki ifadelerden doğru olan­
ların başına “D”, yanlış olanlara ise “Y” yazınız.
D/Y İFADELER
Güncel bir konu ele alınmıştır.
Karşılıklı konuşmalara yer verilmiştir.
Okurun hayal gücüne seslenen bir anlatım vardır.
Kurmaca olaylara yer verilmemiştir.
Sözcükler genellikle mecaz anlamda kullanılmıştır.
Geçiş ve bağlantı ifadeleri ile anlatımda bütünlük sağlanmıştır.
Kişisel görüş ve düşüncelere yer verilmiştir.
Süslü ve sanatlı bir dil kullanılmıştır.
Türe uygun anlatım biçimleri kullanılmıştır.
","Türkçe 8. Sınıf 2. ÇALIŞMA Aşağıdaki soruları metne göre cevaplayınız. ­ liştirme yollarını belirleyiniz. Bunlara ait temel özellikleri aşağıdaki tabloya yazınız. Anlatım Biçimi Düşünceyi Geliştirme Yolu 4. ÇALIŞMA “Sait Faik’le Bir Görüşme” adlı metinle ilgili aşağıdaki ifadelerden doğru olan­ ların başına “D”, yanlış olanlara ise “Y” yazınız. D/Y İFADELER Güncel bir konu ele alınmıştır. Karşılıklı konuşmalara yer verilmiştir. Okurun hayal gücüne seslenen bir anlatım vardır. Kurmaca olaylara yer verilmemiştir. Sözcükler genellikle mecaz anlamda kullanılmıştır. Geçiş ve bağlantı ifadeleri ile anlatımda bütünlük sağlanmıştır. Kişisel görüş ve düşüncelere yer verilmiştir. Süslü ve sanatlı bir dil kullanılmıştır. Türe uygun anlatım biçimleri kullanılmıştır.",,,,
page_171,171,"171
6. Tema: Okuma
5. ÇALIŞMA
a. Aşağıda aynı metnin farklı çevirileri verilmiştir. Bu metinleri okuyunuz.
AĞUSTOSBÖCEĞİ İLE KARINCA
AĞUSTOSBÖCEĞİ İLE KARINCA
Ağustosböceği, bütün bir yaz
şarkı söyledi avaz avaz, 
eli böğründe kaldı kış bastırınca. 
           Ortalıkta ne bir sinek 
ne bir böcek...
            Komşusuydu karınca, 
           ona gidip : «Açım» dedi; 
dayanabilmek için gelecek mevsime 
dek
            birkaç buğday borç istedi :
«— Hayvanların başına yemin ederim, 
ilk harmana kalmaz, öderim, 
hem de faiziyle beraber.»
Borç vermemek karıncanın âdetiydi, 
bu bir kusur, kusursa eğer.
Borç isteyene sordu yalnız :
«— Havalar sıcakken ne iş yaptınız?»
«— Siz belki kızacaksınız bana,
        gece gündüz şarkı söyledimdi.» 
«— Şarkı mı söylediniz? Oh, ne âlâ, 
         öyleyse oynayın şimdi...»
La Fontaine’den (La Fonten) Masallar 
çev.:Nazım Hikmet
Ağuatosböceği bütün yaz 
Saz çalmış, türkü söylemiş.
Karakış birden bastırınca 
Şafak atmış zavallıda;
Bir şey bulamaz olmuş yiyecek:
Koca ormanda ne bir kurtçuk, ne bir 
sinek. 
Gitmiş komşusu karıncaya:
— Aman kardeş, demiş, hâlim fena;
Bir şeycikler ver de kışı geçireyim.
Yaz gelince öderim,
Hem de faizi maiziyle;
Ağustosu geçirmem bile.
Ödemezsem böcek demeyin bana.
La Fontaine Bütün Masallar 
çev.: Sabahhattin Eyupoğlu
b. Yukarıdaki çevirilerin benzer ve farklı yönlerini yazınız.
Benzer Yönleri
Farklı Yönleri 
","6. Tema: Okuma 5. ÇALIŞMA a. Aşağıda aynı metnin farklı çevirileri verilmiştir. Bu metinleri okuyunuz. AĞUSTOSBÖCEĞİ İLE KARINCA AĞUSTOSBÖCEĞİ İLE KARINCA Ağustosböceği, bütün bir yaz şarkı söyledi avaz avaz, eli böğründe kaldı kış bastırınca. Ortalıkta ne bir sinek ne bir böcek... Komşusuydu karınca, ona gidip : «Açım» dedi; dayanabilmek için gelecek mevsime dek birkaç buğday borç istedi : «— Hayvanların başına yemin ederim, ilk harmana kalmaz, öderim, hem de faiziyle beraber.» Borç vermemek karıncanın âdetiydi, bu bir kusur, kusursa eğer. Borç isteyene sordu yalnız : «— Havalar sıcakken ne iş yaptınız?» «— Siz belki kızacaksınız bana, gece gündüz şarkı söyledimdi.» «— Şarkı mı söylediniz? Oh, ne âlâ, öyleyse oynayın şimdi...» La Fontaine’den (La Fonten) Masallar çev.:Nazım Hikmet Ağuatosböceği bütün yaz Saz çalmış, türkü söylemiş. Karakış birden bastırınca Şafak atmış zavallıda; Bir şey bulamaz olmuş yiyecek: Koca ormanda ne bir kurtçuk, ne bir sinek. Gitmiş komşusu karıncaya: — Aman kardeş, demiş, hâlim fena; Bir şeycikler ver de kışı geçireyim. Yaz gelince öderim, Hem de faizi maiziyle; Ağustosu geçirmem bile. Ödemezsem böcek demeyin bana. La Fontaine Bütün Masallar çev.: Sabahhattin Eyupoğlu b. Yukarıdaki çevirilerin benzer ve farklı yönlerini yazınız. Benzer Yönleri Farklı Yönleri",,,,
page_172,172,"172
Türkçe 8. Sınıf
6. ÇALIŞMA
Her yazarın bir yaşama alanı, bir kenti, bir semti vardır. Sait Faik’in yazdıkları
bütün insanlığı kapsar ---- Burgaz Adası ile Beyoğlu, yoksul semtler, orada yaşayan 
insanlar öykülerine girer.
Bu parçada boş bırakılan yere aşağıdaki ifadelerden hangisi getirilebilir?
A) ama
B) yahut
C) meğer
D) mademki
6. ÇALIŞMA
a. Aşağıdaki deyim ve atasözlerinin anlamlarını ilgili alana yazınız.
* Kitap (kitaplar) devirmek :
•
...........................................................................................................................
* Çok yaşayan (okuyan) bilmez, çok gezen bilir:
•
............................................................................................................................
* Su gibi bilmek (okumak):
•
............................................................................................................................
* Gözden geçirmek:
•
............................................................................................................................
* Dirsek çürütmek:
•
............................................................................................................................
* Eli kalem tutmak:
•
............................................................................................................................
* Mürekkep yalamış:
•
............................................................................................................................
b. Yukarıdaki ifadelerden birkaçını kullanarak okumak kavramıyla ilgili bir
paragraf yazınız. 
..............................................................................................................................................
.....................................................................................................................................................
.....................................................................................................................................................
.....................................................................................................................................................
","Türkçe 8. Sınıf 6. ÇALIŞMA Her yazarın bir yaşama alanı, bir kenti, bir semti vardır. Sait Faik’in yazdıkları bütün insanlığı kapsar ---- Burgaz Adası ile Beyoğlu, yoksul semtler, orada yaşayan insanlar öykülerine girer. Bu parçada boş bırakılan yere aşağıdaki ifadelerden hangisi getirilebilir? A) ama B) yahut C) meğer D) mademki 6. ÇALIŞMA a. Aşağıdaki deyim ve atasözlerinin anlamlarını ilgili alana yazınız. * Kitap (kitaplar) devirmek : • ........................................................................................................................... * Çok yaşayan (okuyan) bilmez, çok gezen bilir: • ............................................................................................................................ * Su gibi bilmek (okumak): • ............................................................................................................................ * Gözden geçirmek: • ............................................................................................................................ * Dirsek çürütmek: • ............................................................................................................................ * Eli kalem tutmak: • ............................................................................................................................ * Mürekkep yalamış: • ............................................................................................................................ b. Yukarıdaki ifadelerden birkaçını kullanarak okumak kavramıyla ilgili bir paragraf yazınız. .............................................................................................................................................. ..................................................................................................................................................... ..................................................................................................................................................... .....................................................................................................................................................",,,,
page_173,173,"173
6. Tema: Okuma
YAZMA
1. ÇALIŞMA
“Kitapsız büyüyen çocuk, susuz büyüyen ağaca benzer.” (Çin atasözü)
Bu sözle ilgili bir metin yazınız. Metninizi giriş, gelişme ve sonuç bölümleri hâlin­
de oluşturunuz. Yazınızın içeriğine uygun bir başlık ve anlatım biçimi belirleyiniz. 
Yazınızı düzenleyip yakın çevrenizle ya da sosyal medyada paylaşınız. Çalışmanın so-
nundaki değerlendirme formunu yönergelerine uygun doldurunuz.  
...................................................................................................................................
...................................................................................................................................
...................................................................................................................................
...................................................................................................................................
...................................................................................................................................
...................................................................................................................................
...................................................................................................................................
...................................................................................................................................
Değerlendirme Formu
Bu deneme yazma çalışma kapsamında aşağıda listelenen davranışlardan kazan­
dığınız beceriler için Evet, kazanamadığınız beceriler için Hayır kutucuğuna (X) işa­
reti koyarak kendinizi değerlendiriniz. 
Değerlendirme Ölçütleri
Evet
Hayır
Seçtiğiniz konu güncel mi?
Açıklayıcı veya tartışmacı anlatım biçimini kullandınız mı?
Yazınızı serim, düğüm ve çözüm bölümleri hâlinde 
oluşturdunuz mu?
Yazınızda uygun geçiş ve bağlantı ifadeleri kullandınız mı?
Yazınızda başlık kullandınız mı?
Yazınızı dil bilgisi, imla ve noktalama bakımından gözden 
geçirdiniz mi?
Yazınızı çevrenizdeki kişilerle ya da sosyal medyada paylaştınız mı?
Değerlendirme sonunda Hayır şeklindeki cevaplarınızı bir daha gözden geçiriniz 
ve ilgili açıklamaları tekrar ediniz. 
","6. Tema: Okuma YAZMA 1. ÇALIŞMA “Kitapsız büyüyen çocuk, susuz büyüyen ağaca benzer.” (Çin atasözü) Bu sözle ilgili bir metin yazınız. Metninizi giriş, gelişme ve sonuç bölümleri hâlin­ de oluşturunuz. Yazınızın içeriğine uygun bir başlık ve anlatım biçimi belirleyiniz. Yazınızı düzenleyip yakın çevrenizle ya da sosyal medyada paylaşınız. Çalışmanın so- nundaki değerlendirme formunu yönergelerine uygun doldurunuz. ................................................................................................................................... ................................................................................................................................... ................................................................................................................................... ................................................................................................................................... ................................................................................................................................... ................................................................................................................................... ................................................................................................................................... ................................................................................................................................... Değerlendirme Formu Bu deneme yazma çalışma kapsamında aşağıda listelenen davranışlardan kazan­ dığınız beceriler için Evet, kazanamadığınız beceriler için Hayır kutucuğuna (X) işa­ reti koyarak kendinizi değerlendiriniz. Değerlendirme Ölçütleri Evet Hayır Seçtiğiniz konu güncel mi? Açıklayıcı veya tartışmacı anlatım biçimini kullandınız mı? Yazınızı serim, düğüm ve çözüm bölümleri hâlinde oluşturdunuz mu? Yazınızda uygun geçiş ve bağlantı ifadeleri kullandınız mı? Yazınızda başlık kullandınız mı? Yazınızı dil bilgisi, imla ve noktalama bakımından gözden geçirdiniz mi? Yazınızı çevrenizdeki kişilerle ya da sosyal medyada paylaştınız mı? Değerlendirme sonunda Hayır şeklindeki cevaplarınızı bir daha gözden geçiriniz ve ilgili açıklamaları tekrar ediniz.",,,,
page_174,174,"174
Türkçe 8. Sınıf
2. ÇALIŞMA
Aşağıdaki cümleleri ögelerine ayırınız.
a. Bu adam hikâyeci Sait Faik’tir.
b. O gün öğleden sonra İstiklal Caddesi’ndeki kaldırımdan gittim geldim.
c. O, bir sinemanın önünde kaldı.
ç.  Sait, beni kırmadı.
d. Bu adamın üstünden, başından da yalnızlık akar.
4. ÇALIŞMA
(I) Mark Twain için ne dersin?
(II) Sen de amma sual sorarsın ha! (III) Ne derim Mark Twain alay edermiş, gül­
dürürmüş, kepaze edermiş, cemiyetteki sahte vakarları, petrol krallarını, pamuk pren­
seslerini, demir beylerini, çelik efendilerini sağlığında. (IV)  Ölümünden sonra da bir 
Türk hikâyecisi ile şakalaşmasın mı?
Numaralanmış cümleler ile ilgili ifadeleri doğru yanlış olarak değerlendiriniz.
İfadeler
D/ Y
I. cümle soru anlamı taşımaktadır.
II. cümle ögelerin dizilişine göre kurallı cümledir.
III. cümle yapıca sıralı bir cümledir.
IV. cümle yüklemin türüne göre isim cümlesidir.
5. ÇALIŞMA
Aşağıdaki fıkrada boşluklara “nokta, iki nokta, virgül, ünlem işareti, soru işareti,
konuşma çizgisi” noktalama işaretlerinden uygun olanını koyunuz.
Yalnız Fikir
Ahmet Haşim ( ) keyfi yerinde olduğu zaman güzel espriler yapabilecek zekâ ve 
zarafete sahip bir entelektüeldi (  ) Bunun çok örnekleri görülmüstür (  ) Çağdaşı (  ) 
yazar ve şair Şahabettin Süleyman kendisine bir gün şöyle demiş (  )
(  ) Haşim, biliyor musun (  ) birkaç gündür kafamda önemli bir fikir saklıyorum (  )
Ahmet Haşim buna karşılık şöyle demiş (  )
(  ) Aman, onu daha fazla tutma (  ) Zavallı tek başına kim bilir nasıl sıkılır (  )
Espri ve Fıkralarıyla Ünlüler, haz.: İsmail Özcan 
","Türkçe 8. Sınıf 2. ÇALIŞMA Aşağıdaki cümleleri ögelerine ayırınız. a. Bu adam hikâyeci Sait Faik’tir. b. O gün öğleden sonra İstiklal Caddesi’ndeki kaldırımdan gittim geldim. c. O, bir sinemanın önünde kaldı. ç. Sait, beni kırmadı. d. Bu adamın üstünden, başından da yalnızlık akar. 4. ÇALIŞMA (I) Mark Twain için ne dersin? (II) Sen de amma sual sorarsın ha! (III) Ne derim Mark Twain alay edermiş, gül­ dürürmüş, kepaze edermiş, cemiyetteki sahte vakarları, petrol krallarını, pamuk pren­ seslerini, demir beylerini, çelik efendilerini sağlığında. (IV) Ölümünden sonra da bir Türk hikâyecisi ile şakalaşmasın mı? Numaralanmış cümleler ile ilgili ifadeleri doğru yanlış olarak değerlendiriniz. İfadeler D/ Y I. cümle soru anlamı taşımaktadır. II. cümle ögelerin dizilişine göre kurallı cümledir. III. cümle yapıca sıralı bir cümledir. IV. cümle yüklemin türüne göre isim cümlesidir. 5. ÇALIŞMA Aşağıdaki fıkrada boşluklara “nokta, iki nokta, virgül, ünlem işareti, soru işareti, konuşma çizgisi” noktalama işaretlerinden uygun olanını koyunuz. Yalnız Fikir Ahmet Haşim ( ) keyfi yerinde olduğu zaman güzel espriler yapabilecek zekâ ve zarafete sahip bir entelektüeldi ( ) Bunun çok örnekleri görülmüstür ( ) Çağdaşı ( ) yazar ve şair Şahabettin Süleyman kendisine bir gün şöyle demiş ( ) ( ) Haşim, biliyor musun ( ) birkaç gündür kafamda önemli bir fikir saklıyorum ( ) Ahmet Haşim buna karşılık şöyle demiş ( ) ( ) Aman, onu daha fazla tutma ( ) Zavallı tek başına kim bilir nasıl sıkılır ( ) Espri ve Fıkralarıyla Ünlüler, haz.: İsmail Özcan",,,,
page_175,175,"175
6. Tema: Okuma
DİNLEME / İZLEME
­
www.eba.gov.tr adresinden “Anlayarak Hızlı Okuma Teknikleri” videosunu
seçici, yaratıcı, eleştirel, empati kurarak, not alarak dinleme gibi yöntem ve
tekniklerinden birini uygulayarak izleyiniz. İzleme etkinliği gerçekleştirdikten
sonra aşağıdaki çalışmaları yapınız.
1.
İzlediğiniz videoda geçen bilmediğiniz sözcüklerin anlamını tahmin ediniz.
2.
İzlediğiniz videoyu sözlü olarak özetleyiniz.
3.
İzlediğiniz videonun konusu nedir?
………………………………………………………………………………………
4.
İzlediğiniz videonun ana fikri nedir?
………………………………………………………………………………………
5. İzlediğiniz videoya bir başlık koymanız istenseydi ne derdiniz?
………………………………………………………………………………………
6.
Hızlı okuma teknikleri ne işimize yarar?
………………………………………………………………………………………
7.
Ortalama okuma hızı ve hızlı okuma tekniğiyle dakikada kaç sözcük okunabilir?
………………………………………………………………………………………
8.
İnsan beyni okuma etkinliği sırasında nasıl çalışır?
………………………………………………………………………………………
","6. Tema: Okuma DİNLEME / İZLEME ­ www.eba.gov.tr adresinden “Anlayarak Hızlı Okuma Teknikleri” videosunu seçici, yaratıcı, eleştirel, empati kurarak, not alarak dinleme gibi yöntem ve tekniklerinden birini uygulayarak izleyiniz. İzleme etkinliği gerçekleştirdikten sonra aşağıdaki çalışmaları yapınız. 1. İzlediğiniz videoda geçen bilmediğiniz sözcüklerin anlamını tahmin ediniz. 2. İzlediğiniz videoyu sözlü olarak özetleyiniz. 3. İzlediğiniz videonun konusu nedir? ……………………………………………………………………………………… 4. İzlediğiniz videonun ana fikri nedir? ……………………………………………………………………………………… 5. İzlediğiniz videoya bir başlık koymanız istenseydi ne derdiniz? ……………………………………………………………………………………… 6. Hızlı okuma teknikleri ne işimize yarar? ……………………………………………………………………………………… 7. Ortalama okuma hızı ve hızlı okuma tekniğiyle dakikada kaç sözcük okunabilir? ……………………………………………………………………………………… 8. İnsan beyni okuma etkinliği sırasında nasıl çalışır? ………………………………………………………………………………………",,,,
page_176,176,"176
Türkçe 8. Sınıf
9.
Hızlı okuma teknikleri nelerdir?
………………………………………………………………………………………
………………………………………………………………………………………
10. İzlediğiniz videonun ilgili görüşlerini açıklayınız.
………………………………………………………………………………………
………………………………………………………………………………………
11. İzlediğiniz videonun hazırlanış amacını belirleyerek bu videoyu değerlendiriniz.
………………………………………………………………………………………
………………………………………………………………………………………
……………………………………………………………………………………………
KONUŞMA
1. ÇALIŞMA
1. Sevdiğiniz bir sanatçının hayatını araştırarak onun hakkında hazırlıklı bir
konuşma hazırlayınız. 
...................................................................................................................................
...................................................................................................................................
...................................................................................................................................
...................................................................................................................................
...................................................................................................................................
...................................................................................................................................
...................................................................................................................................
...................................................................................................................................
",Türkçe 8. Sınıf 9. Hızlı okuma teknikleri nelerdir? ……………………………………………………………………………………… ……………………………………………………………………………………… 10. İzlediğiniz videonun ilgili görüşlerini açıklayınız. ……………………………………………………………………………………… ……………………………………………………………………………………… 11. İzlediğiniz videonun hazırlanış amacını belirleyerek bu videoyu değerlendiriniz. ……………………………………………………………………………………… ……………………………………………………………………………………… …………………………………………………………………………………………… KONUŞMA 1. ÇALIŞMA 1. Sevdiğiniz bir sanatçının hayatını araştırarak onun hakkında hazırlıklı bir konuşma hazırlayınız. ................................................................................................................................... ................................................................................................................................... ................................................................................................................................... ................................................................................................................................... ................................................................................................................................... ................................................................................................................................... ................................................................................................................................... ...................................................................................................................................,,,,
page_177,177,"177
6. Tema: Okuma
2. Hazırladığınız konuşmayı yakın çevrenizdeki kişilere sununuz.
3. Yaptığınız konuşmayı aşağıdaki “Değerlendirme Formu”na göre değerlendiriniz.
Bu hazırlıksız konuşma çalışması kapsamında aşağıda listelenen davranışlardan kazan­
dığınız beceriler için Evet, kazanamadığınız beceriler için Hayır kutucuğuna (X) işareti 
koyarak kendinizi değerlendiriniz. 
Değerlendirme Ölçütleri
Evet
Hayır
Konuşma stratejilerini uyguladım. 
Konuşmamda beden dilini etkili bir şekilde kullandım.
Sözcükleri anlamlarına uygun kullandım.
Konuşmamda yabancı dillerden alınmış, dilimize henüz 
yerleşmemiş sözcüklerin Türkçelerini kullandım.
Konuşmamda uygun geçiş ve bağlantı ifadelerini kullandım.
Değerlendirme sonunda Hayır şeklindeki cevaplarınızı bir daha gözden geçiriniz ve 
ilgili açıklamaları tekrar ediniz. 
","6. Tema: Okuma 2. Hazırladığınız konuşmayı yakın çevrenizdeki kişilere sununuz. 3. Yaptığınız konuşmayı aşağıdaki “Değerlendirme Formu”na göre değerlendiriniz. Bu hazırlıksız konuşma çalışması kapsamında aşağıda listelenen davranışlardan kazan­ dığınız beceriler için Evet, kazanamadığınız beceriler için Hayır kutucuğuna (X) işareti koyarak kendinizi değerlendiriniz. Değerlendirme Ölçütleri Evet Hayır Konuşma stratejilerini uyguladım. Konuşmamda beden dilini etkili bir şekilde kullandım. Sözcükleri anlamlarına uygun kullandım. Konuşmamda yabancı dillerden alınmış, dilimize henüz yerleşmemiş sözcüklerin Türkçelerini kullandım. Konuşmamda uygun geçiş ve bağlantı ifadelerini kullandım. Değerlendirme sonunda Hayır şeklindeki cevaplarınızı bir daha gözden geçiriniz ve ilgili açıklamaları tekrar ediniz.",,,,
page_178,178,"178
Türkçe 8. Sınıf
1.
Meğer o vakitler, Boğdan memleketi Türk
egemenliği altında imiş. “Bu dediğiniz
Türk dili nasıldır?” diye sordum. ""Hem
 
söylenişi güzel hem öğrenmesi kolay bir
 
dildir!” cevabını aldım. Güzelliğinin ve
 
kolaylığının neden ibaret olduğu suali-
     
ne    cevaben: ""Telaffuzu bizim Macar dili, 
ahengi bizim dilimizdeki ahenk gibi olup 
sözlerinin çoğu da dilimizde var.” dedi.
 
Sordum: ""Mesela, ne gibi?” “İşte onların 
kapısı, bizde kapı; onların elması, arpası, 
teknesi, baltası; bizde de elma, arpa, tekne,
baltadır.
Bu parçanın konusu aşağıdakilerden
 
hangisidir?
A) Türkçe ile Macarcanın benzerlikleri
B) Macarcanın Türkçeden üstünlükleri
C) Türkçenin tarihî gelişimi
D) Macarcanın konuşulduğu ülkeler
2.
Akşam yemeğinden gece yatana kadar
 
televizyon izleyen insanın kitap okuması 
çok zor! Oysa yaşam denilen anlaşılmaz
 
kargaşa ile bizim aramızdaki gizi çözen
 
tılsım değil midir kitap?    Yaşamı büyülü 
aynalardan yansıtıp zaten çarpık olanı bir 
kez daha çarpıtarak düzelmesin i sağlayan
sihirli formül değil midir? İnsan ilişkilerini
derinleştiren, duyguları eğiten kitap niçin 
yaşamımızdan çıkıp gidiyor?
Altı çizili ifade ile anlatılmak istenen
 
aşağıdakilerden hangisidir?
A) Zaman
B) İnsan ilişkileri
C) Kitap
D) Eğitim
3.
Kültür ve Turizm Bakanlığı tarafından
yapılan ""Türkiye Okuma Kültürü Hari-
tası Projesi"" kapsamında Türkiye'yi temsil
niteliği olan 26 ilde 6212 kişi ile görüşül-
müştür. Bu araştırmada  “Halk kütüpha-
lerinden yararlanmaya neden ihtiyaç
duyulmuyor?” sorusuna şu cevaplar veril-
miştir:
1.
Kütüphane kullanma alışkanlığım yok
(% 43.5)
2.
Okumayı sevmiyorum (% 16.2)
3.
Bilgi ihtiyacımı internetten karşılıyo-
rum (% 12.1)
4.
Kütüphaneyi sevmiyorum (% 9.4)
5.
Diğer kütüphanelerden yararlanıyo-
rum (% 6.2)
6.
Zamanım yok (% 4.1)
Bu araştırmaya göre kütüphanelere ihti-
yaç duyulmamasının en önemli nedeni 
nedir?
A) İnsanların kitap okum  ayı sevmemesi
B) İnsanların bilgiye internet üzerinden 
ulaşması
C) İnsanların kütüphaneye gi decek za-
man bulamaması
D) İnsanlara kütüphaneye gitme alışkan-
lığının kazandırılamaması
6. TEMA
ÖLÇME VE DEĞERLENDİRME SORULARI
HAYAT BOYU ÖĞRENME
","Türkçe 8. Sınıf 1. Meğer o vakitler, Boğdan memleketi Türk egemenliği altında imiş. “Bu dediğiniz Türk dili nasıldır?” diye sordum. ""Hem söylenişi güzel hem öğrenmesi kolay bir dildir!” cevabını aldım. Güzelliğinin ve kolaylığının neden ibaret olduğu suali- ne cevaben: ""Telaffuzu bizim Macar dili, ahengi bizim dilimizdeki ahenk gibi olup sözlerinin çoğu da dilimizde var.” dedi. Sordum: ""Mesela, ne gibi?” “İşte onların kapısı, bizde kapı; onların elması, arpası, teknesi, baltası; bizde de elma, arpa, tekne, baltadır. Bu parçanın konusu aşağıdakilerden hangisidir? A) Türkçe ile Macarcanın benzerlikleri B) Macarcanın Türkçeden üstünlükleri C) Türkçenin tarihî gelişimi D) Macarcanın konuşulduğu ülkeler 2. Akşam yemeğinden gece yatana kadar televizyon izleyen insanın kitap okuması çok zor! Oysa yaşam denilen anlaşılmaz kargaşa ile bizim aramızdaki gizi çözen tılsım değil midir kitap? Yaşamı büyülü aynalardan yansıtıp zaten çarpık olanı bir kez daha çarpıtarak düzelmesin i sağlayan sihirli formül değil midir? İnsan ilişkilerini derinleştiren, duyguları eğiten kitap niçin yaşamımızdan çıkıp gidiyor? Altı çizili ifade ile anlatılmak istenen aşağıdakilerden hangisidir? A) Zaman B) İnsan ilişkileri C) Kitap D) Eğitim 3. Kültür ve Turizm Bakanlığı tarafından yapılan ""Türkiye Okuma Kültürü Hari- tası Projesi"" kapsamında Türkiye'yi temsil niteliği olan 26 ilde 6212 kişi ile görüşül- müştür. Bu araştırmada “Halk kütüpha- lerinden yararlanmaya neden ihtiyaç duyulmuyor?” sorusuna şu cevaplar veril- miştir: 1. Kütüphane kullanma alışkanlığım yok (% 43.5) 2. Okumayı sevmiyorum (% 16.2) 3. Bilgi ihtiyacımı internetten karşılıyo- rum (% 12.1) 4. Kütüphaneyi sevmiyorum (% 9.4) 5. Diğer kütüphanelerden yararlanıyo- rum (% 6.2) 6. Zamanım yok (% 4.1) Bu araştırmaya göre kütüphanelere ihti- yaç duyulmamasının en önemli nedeni nedir? A) İnsanların kitap okum ayı sevmemesi B) İnsanların bilgiye internet üzerinden ulaşması C) İnsanların kütüphaneye gi decek za- man bulamaması D) İnsanlara kütüphaneye gitme alışkan- lığının kazandırılamaması 6. TEMA ÖLÇME VE DEĞERLENDİRME SORULARI HAYAT BOYU ÖĞRENME",,,,
page_179,179,"179
6. Tema: Okuma
4.
I.	 Çalışmayı seviyorum ---- bazı konuları
anlamakta zorlanıyorum.
II. Parası olmasına ---- kitap almaz.
III. Araba almak istiyorum --- hangi
model alacağımı bilemedim.
Bu cümlelerde boş bırakılan yerlere aşağı­
dakilerden herhangi biri getirilemez?
A) ama
B) rağmen
C) son olarak
D) yalnız
5.	
Yukarıdaki Türkiye Okuma Kültürü Ha­
ritasına göre Akdeniz Bölgesi’nde en çok 
hangi konuda kitap okunmaktadır?
A) Din
B) Eğitim
C) Tarih
D) Edebiyat
6.
Gelin masallara soralım Yunus’u. Masallara
göre Yunus Emre bir orta Anadolu köylüsü­
ymüş. Kimi masallar masal havasını aşarak
onu Sakarya kıyılarında, Sivrihisar’ın Sarı­
köy'üne yerleştirir. Taştan topraktan ekme­
ğini çıkaran, yağmur yağmayınca aç kalan
bir Anadolu köylüsüdür Yunus Emre.
Bu parçada kaç tane fiilimsi kullanılmış­
tır?
A) 1
B) 2
C) 3
D) 4
7.
Ünlü Alman ozanı Goethe'nin özdeyiş nite-
liği kazanmış bir sözü vardır. Der ki
“Okumayı öğrenmek sanatların en gücüdür.
Ben bu işe yaşamımın seksen yılını verdim 
yine de tam olarak öğrendiğimi söyleye-
mem.”
Bu parçanın ana düşüncesi aşağıdakiler-
den hangisidir?
A) Okuyan insan kendini geliştirir.
B) En etkileyici sanat, okumaktır.
C) Okuma alışkanlığı zamanla değişebilir.
D) Okuma sanatını öğrenmek kolay
değildir.
8.
Sinemaya gelemiyorum yine de---
Bu cümle aşağıdakilerden hangisi ile ta­
mamlanabilir?
A) yarın sınavım var.
B) hastayım ve dinlenmem gerek.
C) babam izi vermiyor.
D) filmi çok merak ediyorum
9.
(I) Sait Faik’in hikâyelerinde Burgaz Adası
ile Beyoğlu, yoksul semtler, orada yaşayan
insanlar vardır. (II) Balıkçılar ve doğayı en
güzel anlatan yazarlardan biridir. (III) Her
mevsimin güzelliklerini, ilkbaharda insanın
uyanışını büyük bir edebiyat lezzetiyle
okursunuz. (IV) Yoksul, ekmek parası
peşinde koşan sadece acıma duygusuyla
aktarmaz, onlara sevgiyle yaklaşır.
Numaralanmış cümlelerin hangisi nesnel
anlatıma örnek gösterilebilir?
A) I
B) II
C) III
D) IV
HAYAT BOYU ÖĞRENME
","6. Tema: Okuma 4. I. Çalışmayı seviyorum ---- bazı konuları anlamakta zorlanıyorum. II. Parası olmasına ---- kitap almaz. III. Araba almak istiyorum --- hangi model alacağımı bilemedim. Bu cümlelerde boş bırakılan yerlere aşağı­ dakilerden herhangi biri getirilemez? A) ama B) rağmen C) son olarak D) yalnız 5. Yukarıdaki Türkiye Okuma Kültürü Ha­ ritasına göre Akdeniz Bölgesi’nde en çok hangi konuda kitap okunmaktadır? A) Din B) Eğitim C) Tarih D) Edebiyat 6. Gelin masallara soralım Yunus’u. Masallara göre Yunus Emre bir orta Anadolu köylüsü­ ymüş. Kimi masallar masal havasını aşarak onu Sakarya kıyılarında, Sivrihisar’ın Sarı­ köy'üne yerleştirir. Taştan topraktan ekme­ ğini çıkaran, yağmur yağmayınca aç kalan bir Anadolu köylüsüdür Yunus Emre. Bu parçada kaç tane fiilimsi kullanılmış­ tır? A) 1 B) 2 C) 3 D) 4 7. Ünlü Alman ozanı Goethe'nin özdeyiş nite- liği kazanmış bir sözü vardır. Der ki “Okumayı öğrenmek sanatların en gücüdür. Ben bu işe yaşamımın seksen yılını verdim yine de tam olarak öğrendiğimi söyleye- mem.” Bu parçanın ana düşüncesi aşağıdakiler- den hangisidir? A) Okuyan insan kendini geliştirir. B) En etkileyici sanat, okumaktır. C) Okuma alışkanlığı zamanla değişebilir. D) Okuma sanatını öğrenmek kolay değildir. 8. Sinemaya gelemiyorum yine de--- Bu cümle aşağıdakilerden hangisi ile ta­ mamlanabilir? A) yarın sınavım var. B) hastayım ve dinlenmem gerek. C) babam izi vermiyor. D) filmi çok merak ediyorum 9. (I) Sait Faik’in hikâyelerinde Burgaz Adası ile Beyoğlu, yoksul semtler, orada yaşayan insanlar vardır. (II) Balıkçılar ve doğayı en güzel anlatan yazarlardan biridir. (III) Her mevsimin güzelliklerini, ilkbaharda insanın uyanışını büyük bir edebiyat lezzetiyle okursunuz. (IV) Yoksul, ekmek parası peşinde koşan sadece acıma duygusuyla aktarmaz, onlara sevgiyle yaklaşır. Numaralanmış cümlelerin hangisi nesnel anlatıma örnek gösterilebilir? A) I B) II C) III D) IV HAYAT BOYU ÖĞRENME",,,,
page_180,180,"7. TEMA
SANAT
",7. TEMA SANAT,,,,
page_181,181,"ANAHTAR KAVRAMLAR
Sanat	
Âşık Veysel	 Sanat Dalları 	
Atıf Yapma	
Söz Sanatları
Fotoğrafçılık	 Mimari	
Anı	
Sanatsal 
Geleneksel Türk
Etkinlik	
El Sanatları	
Âşık Veysel’e Selam 
Mesut İnsanlar Fotoğrafhanesi
Bina
Dostlar Beni Hatırlasın 
(Dinleme / İzleme Metni)
",ANAHTAR KAVRAMLAR Sanat Âşık Veysel Sanat Dalları Atıf Yapma Söz Sanatları Fotoğrafçılık Mimari Anı Sanatsal Geleneksel Türk Etkinlik El Sanatları Âşık Veysel’e Selam Mesut İnsanlar Fotoğrafhanesi Bina Dostlar Beni Hatırlasın (Dinleme / İzleme Metni),,,,
page_182,182,"182
Türkçe 8. Sınıf
Hazırlık 
1. Türkü dinlemeyi sever misiniz? Niçin?
2. Bir şairle tanışmak isteseydiniz o kim olurdu?
Aşağıdaki metni not alarak okuma yöntemini kullanarak sessiz okuyunuz
ÂŞIK VEYSEL’E SELAM
OKUMA
İki gözünde iki zindan
On parmağında on çeşme nur
Yüreği yanmış tutuşmuş
Sivas’tan bir âşık gelir.
Kara diken tırmalama yüzünü
Deli poyraz köstekleme hızını
Dağlar taşlar incitmeyin dizini
Yedisinde kaybetmiş iki gözünü
Sivas’tan Âşık Veysel gelir.
Sekizinde düzenlemiş sazını 
Dokuzunda düşmüş garip yollara
Sazına banmış sözünü
Acısını, sızısını ekmeğine katık etmiş
Pençe vurup sarı teli inletmiş
Dağlar çiçek açmış Veysel dert açmış
Elinde sazı var dut dalından
Bir kara gün dostu tutmuş elinden
Dağlar taşlar hoşnut kalmış dilinden
Yol verin ağalar yol verin beyler
Bu gelene Veysel derler.
","Türkçe 8. Sınıf Hazırlık 1. Türkü dinlemeyi sever misiniz? Niçin? 2. Bir şairle tanışmak isteseydiniz o kim olurdu? Aşağıdaki metni not alarak okuma yöntemini kullanarak sessiz okuyunuz ÂŞIK VEYSEL’E SELAM OKUMA İki gözünde iki zindan On parmağında on çeşme nur Yüreği yanmış tutuşmuş Sivas’tan bir âşık gelir. Kara diken tırmalama yüzünü Deli poyraz köstekleme hızını Dağlar taşlar incitmeyin dizini Yedisinde kaybetmiş iki gözünü Sivas’tan Âşık Veysel gelir. Sekizinde düzenlemiş sazını Dokuzunda düşmüş garip yollara Sazına banmış sözünü Acısını, sızısını ekmeğine katık etmiş Pençe vurup sarı teli inletmiş Dağlar çiçek açmış Veysel dert açmış Elinde sazı var dut dalından Bir kara gün dostu tutmuş elinden Dağlar taşlar hoşnut kalmış dilinden Yol verin ağalar yol verin beyler Bu gelene Veysel derler.",,,,
page_183,183,"183
7. Tema: Sanat
Saz petek misali, söz de bir arı
Beraber uğraşıp yapmışlar balı
Veysel bu sırra mazhar olmuş
İki sanat bir gönülde birleşmiş
Samanlık seyran olmuş.
Ama sadece sanat sevgisi mi dersin
Veysel’i Veysel eden?
Usta olmak yeter mi dersin sazın sapına kadar?
İşin içinde zokayı yemek var
Yedisinde kaybetmese iki gözü
Ne tadı kalırdı şu beytin ne tuzu
Kuş olsaydın kurtulmazdın elimden
Eğer görse idim göz ile seni...
Bedri Rahmi Eyuboğlu, Karadut 69
1. ÇALIŞMA
Okuduğunuz metinde geçen anlamını bilmediğiniz sözcükleri belirleyiniz. Bu
sözcüklerin anlamlarını metnin bağlamından yararlanarak tahmin ediniz. Tah­
minlerinizin doğruluğunu “Türkçe Sözlük”ten kontrol ediniz.
Sözcükler
Tahminim
Sözlük anlamı
","7. Tema: Sanat Saz petek misali, söz de bir arı Beraber uğraşıp yapmışlar balı Veysel bu sırra mazhar olmuş İki sanat bir gönülde birleşmiş Samanlık seyran olmuş. Ama sadece sanat sevgisi mi dersin Veysel’i Veysel eden? Usta olmak yeter mi dersin sazın sapına kadar? İşin içinde zokayı yemek var Yedisinde kaybetmese iki gözü Ne tadı kalırdı şu beytin ne tuzu Kuş olsaydın kurtulmazdın elimden Eğer görse idim göz ile seni... Bedri Rahmi Eyuboğlu, Karadut 69 1. ÇALIŞMA Okuduğunuz metinde geçen anlamını bilmediğiniz sözcükleri belirleyiniz. Bu sözcüklerin anlamlarını metnin bağlamından yararlanarak tahmin ediniz. Tah­ minlerinizin doğruluğunu “Türkçe Sözlük”ten kontrol ediniz. Sözcükler Tahminim Sözlük anlamı",,,,
page_184,184,"184
Türkçe 8. Sınıf
2. ÇALIŞMA
Aşağıdaki soruları metne göre cevaplayınız.
1.
Âşık Veysel nerelidir?
2.
Âşık Veysel, gözlerini ne zaman kaybetmiştir?
3.
Şair, “Veysel bu sırra mazhar olmuş/İki sanat bir gönülde birleşmiş” dizeleri ile ne
anlatmak istemiş olabilir?
4.
Şair, Âşık Veysel’in sanatçı kimliğinin oluşmasında hangi olayların etkili olduğunu
düşünmektedir?
5.
Okuduğunuz şiirin ana duygusu nedir?
6.
Âşık Veysel’in hayatında sizi etkileyen en önemli olay nedir?
3. ÇALIŞMA
Aşağıdaki görseller sizde sanat dalları ile ilgili hangi duygu ve düşünceleri
uyandırmaktadır? Belirtiniz.
","Türkçe 8. Sınıf 2. ÇALIŞMA Aşağıdaki soruları metne göre cevaplayınız. 1. Âşık Veysel nerelidir? 2. Âşık Veysel, gözlerini ne zaman kaybetmiştir? 3. Şair, “Veysel bu sırra mazhar olmuş/İki sanat bir gönülde birleşmiş” dizeleri ile ne anlatmak istemiş olabilir? 4. Şair, Âşık Veysel’in sanatçı kimliğinin oluşmasında hangi olayların etkili olduğunu düşünmektedir? 5. Okuduğunuz şiirin ana duygusu nedir? 6. Âşık Veysel’in hayatında sizi etkileyen en önemli olay nedir? 3. ÇALIŞMA Aşağıdaki görseller sizde sanat dalları ile ilgili hangi duygu ve düşünceleri uyandırmaktadır? Belirtiniz.",,,,
page_185,185,"185
7. Tema: Sanat
4. ÇALIŞMA
Okuduğunuz şiirin içeriğine yönelik iki soru yazarak bu soruları cevaplayınız.
1. SORU:
CEVABIM:
2. SORU:
CEVABIM:
5. ÇALIŞMA
Okuduğunuz şiire farklı başlıklar yazınız.
BENİM 
BAŞLIKLARIM
....................................................
....................................................
....................................................
6. ÇALIŞMA
Aşağıdaki sözleri, şiirin içeriğine de atıf yaparak açıklayınız.
İki gözünde iki zindan
 .....................................................................
  .....................................................................
Acısını, sızısını ekmeğine 
katık etmiş
.....................................................................
					
.....................................................................
Samanlık seyran olmuş.
.....................................................................
.....................................................................
","7. Tema: Sanat 4. ÇALIŞMA Okuduğunuz şiirin içeriğine yönelik iki soru yazarak bu soruları cevaplayınız. 1. SORU: CEVABIM: 2. SORU: CEVABIM: 5. ÇALIŞMA Okuduğunuz şiire farklı başlıklar yazınız. BENİM BAŞLIKLARIM .................................................... .................................................... .................................................... 6. ÇALIŞMA Aşağıdaki sözleri, şiirin içeriğine de atıf yaparak açıklayınız. İki gözünde iki zindan ..................................................................... ..................................................................... Acısını, sızısını ekmeğine katık etmiş ..................................................................... ..................................................................... Samanlık seyran olmuş. ..................................................................... .....................................................................",,,,
page_186,186,"186
Türkçe 8. Sınıf
7. ÇALIŞMA
“Âşık Veysel’e Selam” adlı şiirden alınan aşağıdaki dizelerdeki söz sanatlarını
tespit ediniz.
Dağlar taşlar incitmeyin dizini
------------------------------
Pençe vurup sarı teli inletmiş
------------------------------
Saz petek misali, söz de bir arı
------------------------------
8. ÇALIŞMA
Aşağıdaki cümlelerdeki anlatım bozukluklarını belirleyerek nedenlerini yazınız.
a. Okul, bu yıl iki hafta geç tatil oldular.
..............................................................................................................................
b. Tüm özel ve devlet okullarında ortak sınav yapılacak.
..............................................................................................................................
c. Çok şanslı olduğuna her zaman inanır ve herkese söylerdi.
..............................................................................................................................
ç. 	 Arkadaşın kısa boylu ama şişman değildi.
..............................................................................................................................
d. Babam, aceleyle eve girdi ve çıktı.
..............................................................................................................................
e. Ne zaman bana kızsa “Ne sen beni ara ne de ben seni.” derdi.
..............................................................................................................................
","Türkçe 8. Sınıf 7. ÇALIŞMA “Âşık Veysel’e Selam” adlı şiirden alınan aşağıdaki dizelerdeki söz sanatlarını tespit ediniz. Dağlar taşlar incitmeyin dizini ------------------------------ Pençe vurup sarı teli inletmiş ------------------------------ Saz petek misali, söz de bir arı ------------------------------ 8. ÇALIŞMA Aşağıdaki cümlelerdeki anlatım bozukluklarını belirleyerek nedenlerini yazınız. a. Okul, bu yıl iki hafta geç tatil oldular. .............................................................................................................................. b. Tüm özel ve devlet okullarında ortak sınav yapılacak. .............................................................................................................................. c. Çok şanslı olduğuna her zaman inanır ve herkese söylerdi. .............................................................................................................................. ç. Arkadaşın kısa boylu ama şişman değildi. .............................................................................................................................. d. Babam, aceleyle eve girdi ve çıktı. .............................................................................................................................. e. Ne zaman bana kızsa “Ne sen beni ara ne de ben seni.” derdi. ..............................................................................................................................",,,,
page_187,187,"187
7. Tema: Sanat
Hazırlık 
1. İnsanlar niçin fotoğraf çektirirler?
2. En çok kiminle fotoğraf çektirmek isterdiniz?
3. Fotoğraçılık bir sanat dalı mıdır?
Aşağıdaki metni noktalama işaretlerine dikkat ederek sessiz okuyunuz. 
MESUT İNSANLAR FOTOĞRAFHANESİ
O akşam işimden erken çıkabilmiştim. Şöyle Beyoğlu’na kadar bir uzanayım, de­
dim. Köprüden, saatlerdir pis havayla dolmuş ciğerlerimin teneffüs hakkını vererek 
Haliç’i ve Boğaziçi’ni selamlayaraktan geçtim. (…)
Karşımdan insanlar geliyor, arkamdan insanlar geliyor. Arkamdan yürüyenler 
nihayet beni geçiyorlar, karşımdan gelenlerin bazılarıyla bir an bakışıyoruz; bazıları 
beni görmüyorlar, benim de görmediklerim oluyor, bana sürtünenler, çarpanlar olu­
yor. Erkekler, kadınlar, uzun boylular, kısa boylular, yaşlılar, gençler, güzeller, çirkin­
ler, zenginler, fakirler... Kocalı kadınlar, henüz nişanlılar, yalnızlar, kolunda sevgilisi 
olanlar, anneleri yanında yürüyen küçük çocuklar var. (…)
İki yanında bu insanları giydirmeye, doyurmaya, eğlendirmeye, bir kat daha me­
sut etmeye mahsus dükkânlar, mağazalar, salonlar var. Onların camekânları önünde 
durmaktan, hayale dalmaktan kendimi alamıyorum.(…) 
","7. Tema: Sanat Hazırlık 1. İnsanlar niçin fotoğraf çektirirler? 2. En çok kiminle fotoğraf çektirmek isterdiniz? 3. Fotoğraçılık bir sanat dalı mıdır? Aşağıdaki metni noktalama işaretlerine dikkat ederek sessiz okuyunuz. MESUT İNSANLAR FOTOĞRAFHANESİ O akşam işimden erken çıkabilmiştim. Şöyle Beyoğlu’na kadar bir uzanayım, de­ dim. Köprüden, saatlerdir pis havayla dolmuş ciğerlerimin teneffüs hakkını vererek Haliç’i ve Boğaziçi’ni selamlayaraktan geçtim. (…) Karşımdan insanlar geliyor, arkamdan insanlar geliyor. Arkamdan yürüyenler nihayet beni geçiyorlar, karşımdan gelenlerin bazılarıyla bir an bakışıyoruz; bazıları beni görmüyorlar, benim de görmediklerim oluyor, bana sürtünenler, çarpanlar olu­ yor. Erkekler, kadınlar, uzun boylular, kısa boylular, yaşlılar, gençler, güzeller, çirkin­ ler, zenginler, fakirler... Kocalı kadınlar, henüz nişanlılar, yalnızlar, kolunda sevgilisi olanlar, anneleri yanında yürüyen küçük çocuklar var. (…) İki yanında bu insanları giydirmeye, doyurmaya, eğlendirmeye, bir kat daha me­ sut etmeye mahsus dükkânlar, mağazalar, salonlar var. Onların camekânları önünde durmaktan, hayale dalmaktan kendimi alamıyorum.(…)",,,,
page_188,188,"188
Türkçe 8. Sınıf
Bu caddeye ne kadar da çok fotoğrafçı toplanmış, şimdiye kadar kaç tanesinin 
önünde resimleri seyre daldım. Bütün bu mesut insanlar buralara da saadetlerini tes-
pit ettirmek için koşuşmuş olacaklar. Bu resimlerde, yaşayacaklarından daha uzun za-
man tebessümleri devam edecek. Şu gelin, demin gördüğüm kocalı kadın değil mi? Şu 
pembe yüzlü, çift örgülü saçlı küçük çocuk, daha demin sıçrayarak yanımdan geçen 
genç kız değil mi? Belli belli! Bu fotoğrafhanelerde hiç ölülerin resmi yok. Zaten en 
yakın mezarlık buraya kilometrelerce uzakta. Bu caddede ancak mesut dolaşılabilir. 
Yalnız bu caddede bulunmak insanı mesut etmeye kâfidir. Yaşadığımı, ben de saa-
detimi düşünmeliyim. Şu kadar dükkânın içinde elbette beni de mesut, hiç olmazsa 
memnun edebilecek şeyler satanlar da yok değil ya! Şuracıkta kunduralarımı boyata-
bilirim. Şu kravatı pekâlâ satın alabilirim. Yeni gelmiş şu şiir kitabı bana pekâlâ zevkli 
saatler geçirtebilir. Ben de pekâlâ şu mesut insanların fotoğraflarını çıkarttıkları fo-
toğrafhanelerden birine girebilir, ben de mesudum, benim de resmimi çekebilirsiniz, 
diyebilirim. Fotoğrafçı da itiraz edemez, sizin kimseniz yok, fotoğrafı ne yapacaksınız, 
diyemez. Sorarsa, elbette günün birinde benim de bir sevgilim olabilir. Sizin çekece-
ğiniz bu en güzel fotoğraf, onun çantasının gizli bir köşesinde, güzel kokular içinde 
yatabilir, derim.
Sonra, beni sevecek kimse çıkmasa bile, haberiniz yok mu, yeni bir şiir kitabım 
intişar etti (yayımlandı), bu kitap pekâlâ bana şair dedirtebilir ve kim bilir, zaman 
gelir, edebiyat tarihçisi, bu kitap intişar ettiği zamanki fotoğrafımı arayabilir. İstikba-
lin nefis kâğıtlı bir edebiyat tarihinin sayfaları arasından bütün gençliğimle tebessüm 
edebilirim. Evet, evet, hiç olmazsa genç değil miyim, ağarmış saçlarımla, biraz bezgin 
","Türkçe 8. Sınıf Bu caddeye ne kadar da çok fotoğrafçı toplanmış, şimdiye kadar kaç tanesinin önünde resimleri seyre daldım. Bütün bu mesut insanlar buralara da saadetlerini tes- pit ettirmek için koşuşmuş olacaklar. Bu resimlerde, yaşayacaklarından daha uzun za- man tebessümleri devam edecek. Şu gelin, demin gördüğüm kocalı kadın değil mi? Şu pembe yüzlü, çift örgülü saçlı küçük çocuk, daha demin sıçrayarak yanımdan geçen genç kız değil mi? Belli belli! Bu fotoğrafhanelerde hiç ölülerin resmi yok. Zaten en yakın mezarlık buraya kilometrelerce uzakta. Bu caddede ancak mesut dolaşılabilir. Yalnız bu caddede bulunmak insanı mesut etmeye kâfidir. Yaşadığımı, ben de saa- detimi düşünmeliyim. Şu kadar dükkânın içinde elbette beni de mesut, hiç olmazsa memnun edebilecek şeyler satanlar da yok değil ya! Şuracıkta kunduralarımı boyata- bilirim. Şu kravatı pekâlâ satın alabilirim. Yeni gelmiş şu şiir kitabı bana pekâlâ zevkli saatler geçirtebilir. Ben de pekâlâ şu mesut insanların fotoğraflarını çıkarttıkları fo- toğrafhanelerden birine girebilir, ben de mesudum, benim de resmimi çekebilirsiniz, diyebilirim. Fotoğrafçı da itiraz edemez, sizin kimseniz yok, fotoğrafı ne yapacaksınız, diyemez. Sorarsa, elbette günün birinde benim de bir sevgilim olabilir. Sizin çekece- ğiniz bu en güzel fotoğraf, onun çantasının gizli bir köşesinde, güzel kokular içinde yatabilir, derim. Sonra, beni sevecek kimse çıkmasa bile, haberiniz yok mu, yeni bir şiir kitabım intişar etti (yayımlandı), bu kitap pekâlâ bana şair dedirtebilir ve kim bilir, zaman gelir, edebiyat tarihçisi, bu kitap intişar ettiği zamanki fotoğrafımı arayabilir. İstikba- lin nefis kâğıtlı bir edebiyat tarihinin sayfaları arasından bütün gençliğimle tebessüm edebilirim. Evet, evet, hiç olmazsa genç değil miyim, ağarmış saçlarımla, biraz bezgin",,,,
page_189,189,"189
7. Tema: Sanat
duruşuma bakmayın, nüfus tezkerem yanımda, buyurun, ben daha genç sayılırım. Ve 
sırf genç olmam, benden isteyeceğiniz tebessümü dudaklarımda yaratabilir.
Bir fotoğrafhanenin önünde bir otomobil durmuş ve etrafında bir meraklı kala-
balığı hâsıl olmuş. Yaklaşıyorum, otomobilin içi, camların kenarları bütün çiçeklerle 
süslü. Demek gelinle güvey fotoğrafhanedeler. Ben de bu fotoğrafhaneye girer, hem 
fotoğrafımı çıkartmış olur hem de hayatlarının en mesut zamanlarından birini yaşa-
makta olan bu çifti, kapıdan çıkmak üzereyken olsun, bir defa selamlarım.  
Bütün duvarları fotoğraflarla kaplı holde bekliyorum. Bütün fotoğraflardaki in-
sanlar tebessüm ediyorlar. (...)
Ben böyle düşünürken, birden atölyenin kapısı açıldı, gelin, elindeki çiçeklerden 
daha beyaz, beyazlar içinde, yanında genç kocası, bir bahar havası bırakarak, bir ba-
har rüzgârı gibi önünden geçtiler, kendilerini bekleyen otomobile bindiler. Fotoğrafçı 
onları selametledikten (uğurlamak) sonra bir müddet daha eşikte kalarak otomobili 
gözleriyle takip etti, sonra geri döndü, yarattığı eserden memnun bir sanatkâr haliyle 
kendi kendine gülümseyerek, beni görmeden bulunduğum tarafa birkaç adım attı. 
Neden sonra varlığımı fark edip tatlı bir rüyadan uyanır gibi bakışlarıyla ne istediğimi 
sordu. 
""Fotoğrafımı çektirmek istiyorum. Güzel olmasını arzu ettiğim bir fotoğraf çektir-
mek istiyorum,” dedim. 
Ben konuşurken adam da beni baştan aşağı süzüyor, yüzü deminki memnunluk 
hâlini yavaş yavaş kaybediyor, adeta endişeli bir ifade alıyordu.
""Buyurun atölyeye,” dedi.
Ben önde, o arkada, çiçek ve lavantayla karışık bütün bir saadet kokusunun dal-
galandığı atölyeye girdik. Gösterdiği sandalyeye oturdum. Makinenin arkasına geçti, 
örtünün altında yüzü kayboldu, yalnız ara sıra sesini işitiyorum:
""Tabii durun!” 
""Kendinizi sıkmayın!”
""Buraya fotoğraf çektirmek üzere gelmiş olduğunuzu unutun!”
""Güzel, sevinçli şeyler düşünün!”’
Bunu ihtar etmesine hacet yoktu, ben buraya zaten sevinçli düşüncelerle gelmiş­
tim. Şimdi burada çekilecek fotoğrafı belki bir gün sevgilim çantasında taşıyacak... 
Belki bu resim...
","7. Tema: Sanat duruşuma bakmayın, nüfus tezkerem yanımda, buyurun, ben daha genç sayılırım. Ve sırf genç olmam, benden isteyeceğiniz tebessümü dudaklarımda yaratabilir. Bir fotoğrafhanenin önünde bir otomobil durmuş ve etrafında bir meraklı kala- balığı hâsıl olmuş. Yaklaşıyorum, otomobilin içi, camların kenarları bütün çiçeklerle süslü. Demek gelinle güvey fotoğrafhanedeler. Ben de bu fotoğrafhaneye girer, hem fotoğrafımı çıkartmış olur hem de hayatlarının en mesut zamanlarından birini yaşa- makta olan bu çifti, kapıdan çıkmak üzereyken olsun, bir defa selamlarım. Bütün duvarları fotoğraflarla kaplı holde bekliyorum. Bütün fotoğraflardaki in- sanlar tebessüm ediyorlar. (...) Ben böyle düşünürken, birden atölyenin kapısı açıldı, gelin, elindeki çiçeklerden daha beyaz, beyazlar içinde, yanında genç kocası, bir bahar havası bırakarak, bir ba- har rüzgârı gibi önünden geçtiler, kendilerini bekleyen otomobile bindiler. Fotoğrafçı onları selametledikten (uğurlamak) sonra bir müddet daha eşikte kalarak otomobili gözleriyle takip etti, sonra geri döndü, yarattığı eserden memnun bir sanatkâr haliyle kendi kendine gülümseyerek, beni görmeden bulunduğum tarafa birkaç adım attı. Neden sonra varlığımı fark edip tatlı bir rüyadan uyanır gibi bakışlarıyla ne istediğimi sordu. ""Fotoğrafımı çektirmek istiyorum. Güzel olmasını arzu ettiğim bir fotoğraf çektir- mek istiyorum,” dedim. Ben konuşurken adam da beni baştan aşağı süzüyor, yüzü deminki memnunluk hâlini yavaş yavaş kaybediyor, adeta endişeli bir ifade alıyordu. ""Buyurun atölyeye,” dedi. Ben önde, o arkada, çiçek ve lavantayla karışık bütün bir saadet kokusunun dal- galandığı atölyeye girdik. Gösterdiği sandalyeye oturdum. Makinenin arkasına geçti, örtünün altında yüzü kayboldu, yalnız ara sıra sesini işitiyorum: ""Tabii durun!” ""Kendinizi sıkmayın!” ""Buraya fotoğraf çektirmek üzere gelmiş olduğunuzu unutun!” ""Güzel, sevinçli şeyler düşünün!”’ Bunu ihtar etmesine hacet yoktu, ben buraya zaten sevinçli düşüncelerle gelmiş­ tim. Şimdi burada çekilecek fotoğrafı belki bir gün sevgilim çantasında taşıyacak... Belki bu resim...",,,,
page_190,190,"190
Türkçe 8. Sınıf
Birden fotoğrafçının sesi, bu sefer biraz daha asabi yükseldi:
""Lütfen, zorla gülümsemeyin!”
Evet, zorla tebessüm ne kadar çirkindir! Zaten benim zorla gülmeye ihtiyacım 
yok. Şu adesenin (mercek) arkasından bütün bir ebediyet bana bakıyor demektir, ben 
de bütün o ebediyete, bana hayran kalacak bütün o müstakbel nesillere büyük bir şair 
gibi biraz mağrur, biraz yüksekten, sadece tebessüm edebilirim.
Çok mu fazla kendini beğeniş? Çok büyük, hatta gülünç bir iddia mı? Doğru! Be-
nim esasen hayatta hiçbir iddiam olmadı ki! Bu çıkacak fotoğrafımın daha küçük, 
daha mütevazı bir vazifesi olabilir. Belki dinimin bana vaat ettiği en yüksek mertebeye 
erişir, belki bir gün şehit düşerim. Belki o zaman bu fotoğrafımı, bazı mecmualar, di-
ğer şehitlerinkilerle beraber basarlar. Belki mektebim, verdiği şehitler arasında benim 
de bu resmimi müzesinin bir köşesine asar. Belki sadece ölüp giderim. O zaman da bu 
fotoğrafım hayatta kalmış birkaç akrabamın, birkaç vefalı arkadaşın beni anmalarına 
vesile olur. Onlara, şimdiden şükran ve dostluk tebessümlerimi göndermeliyim.
Dışarıdan gelen şu hayat gürültüsüne dalarak, şu odaya sinmiş beyaz gelin koku-
sunu teneffüs ederek, şu karşı binanın saçaklarında gagalarıyla öpüşen güvercinleri 
seyrederek, demin holde seyrettiğim fotoğrafları gözümün önüne getirerek, o delikan-
lı mezunlardan biriymiş gibi, genç subay gibi, bir gün şahadet mertebesine erişebile-
ceğimi düşünerek, elimde sevgilimin eli varmış gibi, ortalarında çocuklarıyla fotoğraf 
çektirmiş olan evlilerin o rahat tebessümüyle... Fakat şimdi niçin böyle uğraşıp duru-
yorum? Niçin kendi kendimi aldatmaya çalışıyorum? Benim asıl mesut zamanlarım 
ne oldu? Niçin asıl o zamanlar resim üzerine resim çıkartmadım? Niçin her hafta fo-
toğrafçıya uğramadık? Neden bugün buraya tek başıma geldim?
Fakat şimdi böyle şeyler düşünmenin de sırası mı ya! Dünyada her insan az çok 
bir felakete uğramış olabilir. Bunun için büsbütün kötümser olunur mu? Felaketler 
yerine saadetleri, ölmüşler yerine doğacakları, geçmişler yerine gelecekleri düşünme-
liyim. Hem...
Birden fotoğrafçı siyah örtüsünü başından atarak doğruldu. Yüzü hatta biraz ter-
lemişti, ümitsiz bir tavırla, ""Beyim mazur görün, sizin fotoğrafınızı çekemeyeceğim.” 
dedi.
Ziya Osman Saba, Bütün Öyküleri
","Türkçe 8. Sınıf Birden fotoğrafçının sesi, bu sefer biraz daha asabi yükseldi: ""Lütfen, zorla gülümsemeyin!” Evet, zorla tebessüm ne kadar çirkindir! Zaten benim zorla gülmeye ihtiyacım yok. Şu adesenin (mercek) arkasından bütün bir ebediyet bana bakıyor demektir, ben de bütün o ebediyete, bana hayran kalacak bütün o müstakbel nesillere büyük bir şair gibi biraz mağrur, biraz yüksekten, sadece tebessüm edebilirim. Çok mu fazla kendini beğeniş? Çok büyük, hatta gülünç bir iddia mı? Doğru! Be- nim esasen hayatta hiçbir iddiam olmadı ki! Bu çıkacak fotoğrafımın daha küçük, daha mütevazı bir vazifesi olabilir. Belki dinimin bana vaat ettiği en yüksek mertebeye erişir, belki bir gün şehit düşerim. Belki o zaman bu fotoğrafımı, bazı mecmualar, di- ğer şehitlerinkilerle beraber basarlar. Belki mektebim, verdiği şehitler arasında benim de bu resmimi müzesinin bir köşesine asar. Belki sadece ölüp giderim. O zaman da bu fotoğrafım hayatta kalmış birkaç akrabamın, birkaç vefalı arkadaşın beni anmalarına vesile olur. Onlara, şimdiden şükran ve dostluk tebessümlerimi göndermeliyim. Dışarıdan gelen şu hayat gürültüsüne dalarak, şu odaya sinmiş beyaz gelin koku- sunu teneffüs ederek, şu karşı binanın saçaklarında gagalarıyla öpüşen güvercinleri seyrederek, demin holde seyrettiğim fotoğrafları gözümün önüne getirerek, o delikan- lı mezunlardan biriymiş gibi, genç subay gibi, bir gün şahadet mertebesine erişebile- ceğimi düşünerek, elimde sevgilimin eli varmış gibi, ortalarında çocuklarıyla fotoğraf çektirmiş olan evlilerin o rahat tebessümüyle... Fakat şimdi niçin böyle uğraşıp duru- yorum? Niçin kendi kendimi aldatmaya çalışıyorum? Benim asıl mesut zamanlarım ne oldu? Niçin asıl o zamanlar resim üzerine resim çıkartmadım? Niçin her hafta fo- toğrafçıya uğramadık? Neden bugün buraya tek başıma geldim? Fakat şimdi böyle şeyler düşünmenin de sırası mı ya! Dünyada her insan az çok bir felakete uğramış olabilir. Bunun için büsbütün kötümser olunur mu? Felaketler yerine saadetleri, ölmüşler yerine doğacakları, geçmişler yerine gelecekleri düşünme- liyim. Hem... Birden fotoğrafçı siyah örtüsünü başından atarak doğruldu. Yüzü hatta biraz ter- lemişti, ümitsiz bir tavırla, ""Beyim mazur görün, sizin fotoğrafınızı çekemeyeceğim.” dedi. Ziya Osman Saba, Bütün Öyküleri",,,,
page_191,191,"191
7. Tema: Sanat
1. ÇALIŞMA
Okuduğunuz hikâyede geçen bazı sözcüklerin anlamları aşağıda verilmiştir.
Anlamı verilen bu sözcükleri belirleyerek aşağıdaki bulmacada işaretleyiniz.
*
Herhangi bir şey için gerekli
olma, ihtiyaç, gereklilik, lüzum.
H_ _ _ _
*
Hatırlatmak, uyarmak, dikkati-
ni çekmek.
İ_ _ _ _  e_ _ _ _
*
Yeterli, yetecek ölçüde olan.
K_ _ _
*
Mutlu, sevinçli, ongun.
M_ _ _ _
2. ÇALIŞMA
Okuduğunuz hikâyeye göre aşağıdaki haritayı tamamlayınız.
A
C
A
S
L
İ
D
F
E
M
H
F
İ
T
T
T
J
H
M
E
A
K
T
Ş
C
R
D
R
K
A
E
A
F
İ
H
T
D
V
H
Ç
M
E
S
U
T
E
Z
Y
N
Ö
K
Â
F
İ
Y
Kişiler
...............................................
...............................................
...............................................
...............................................
Yer
...............................................
...............................................
...............................................
...............................................
Olay
...............................................
...............................................
...............................................
...............................................
Zaman
...............................................
...............................................
...............................................
...............................................
Hikâyenin Adı
...............................................
...............................................
...............................................
...............................................
","7. Tema: Sanat 1. ÇALIŞMA Okuduğunuz hikâyede geçen bazı sözcüklerin anlamları aşağıda verilmiştir. Anlamı verilen bu sözcükleri belirleyerek aşağıdaki bulmacada işaretleyiniz. * Herhangi bir şey için gerekli olma, ihtiyaç, gereklilik, lüzum. H_ _ _ _ * Hatırlatmak, uyarmak, dikkati- ni çekmek. İ_ _ _ _ e_ _ _ _ * Yeterli, yetecek ölçüde olan. K_ _ _ * Mutlu, sevinçli, ongun. M_ _ _ _ 2. ÇALIŞMA Okuduğunuz hikâyeye göre aşağıdaki haritayı tamamlayınız. A C A S L İ D F E M H F İ T T T J H M E A K T Ş C R D R K A E A F İ H T D V H Ç M E S U T E Z Y N Ö K Â F İ Y Kişiler ............................................... ............................................... ............................................... ............................................... Yer ............................................... ............................................... ............................................... ............................................... Olay ............................................... ............................................... ............................................... ............................................... Zaman ............................................... ............................................... ............................................... ............................................... Hikâyenin Adı ............................................... ............................................... ............................................... ...............................................",,,,
page_192,192,"192
Türkçe 8. Sınıf
3. ÇALIŞMA
Aşağıdaki soruları metne göre cevaplayınız.
1.
Hikâyedeki kahramanın Beyoğlu'ndaki izlenimleri nelerdir?
2.
Mağaza camekânları kahraman için ne anlam ifade ediyor?
3.
Kahraman, niçin fotoğraf çektirmek istiyor?
4.
Girdiği fotoğrafçıda kahramanın dikkatini en çok çeken nedir?
5.
Fotoğrafçı nasıl biridir? Karşılaştığınız fotoğrafçılardan farkı var mı?
6.
Fotoğraf çekerken  neler yapılmaktadır? Buna göre fotoğraf sanatının   incelikleri
neler olabilir?
7.
Fotoğrafçı neden adamın fotoğrafını çekemeyeceğini söylüyor? Açıklayınız.
8.
Hikâye kimin ağzından anlatılmaktadır? Bu kişi gerçek mi yoksa hayalî biri
midir?
9.
Yazar, hikâyesine neden “Mesut İnsanlar Fotoğrafhanesi” adını koymuş olabilir?
4. ÇALIŞMA
Okuduğunuz “Mesut İnsanlar Fotoğrafhanesi”    adlı metnin içeriği ile ilgili iki
soru yazınız.
1.
................................................................................................................................
2.
................................................................................................................................
5. ÇALIŞMA
Aşağıdaki soruları cevaplayarak metnin içeriğini yorumlayınız.
a. Hikâyedeki kahramanın hayata bakış açısı nedir?
b. Okuduğunuz hikâyede mutlu olmak için neler 
    yapılmaktadır? Siz olsaydınız
daha başka neler yapardınız? 
6. ÇALIŞMA
“Fotoğrafçılık” ile ilgili okuduğunuz metinden geçen veya bildiğiniz kavramla­
rı aşağıdaki kutucuklara yazınız. 
","Türkçe 8. Sınıf 3. ÇALIŞMA Aşağıdaki soruları metne göre cevaplayınız. 1. Hikâyedeki kahramanın Beyoğlu'ndaki izlenimleri nelerdir? 2. Mağaza camekânları kahraman için ne anlam ifade ediyor? 3. Kahraman, niçin fotoğraf çektirmek istiyor? 4. Girdiği fotoğrafçıda kahramanın dikkatini en çok çeken nedir? 5. Fotoğrafçı nasıl biridir? Karşılaştığınız fotoğrafçılardan farkı var mı? 6. Fotoğraf çekerken neler yapılmaktadır? Buna göre fotoğraf sanatının incelikleri neler olabilir? 7. Fotoğrafçı neden adamın fotoğrafını çekemeyeceğini söylüyor? Açıklayınız. 8. Hikâye kimin ağzından anlatılmaktadır? Bu kişi gerçek mi yoksa hayalî biri midir? 9. Yazar, hikâyesine neden “Mesut İnsanlar Fotoğrafhanesi” adını koymuş olabilir? 4. ÇALIŞMA Okuduğunuz “Mesut İnsanlar Fotoğrafhanesi” adlı metnin içeriği ile ilgili iki soru yazınız. 1. ................................................................................................................................ 2. ................................................................................................................................ 5. ÇALIŞMA Aşağıdaki soruları cevaplayarak metnin içeriğini yorumlayınız. a. Hikâyedeki kahramanın hayata bakış açısı nedir? b. Okuduğunuz hikâyede mutlu olmak için neler yapılmaktadır? Siz olsaydınız daha başka neler yapardınız? 6. ÇALIŞMA “Fotoğrafçılık” ile ilgili okuduğunuz metinden geçen veya bildiğiniz kavramla­ rı aşağıdaki kutucuklara yazınız.",,,,
page_193,193,"193
7. Tema: Sanat
7. ÇALIŞMA
1. Aşağıdaki cümlelerin hangisinde tek yargı bildirilmiştir?
­
lişine, yüklemin türüne, anlamına ve yapısına göre türünü yazınız. 
........................................................................................................................................
8. ÇALIŞMA
Köprüden, saatlerdir pis havayla dolmuş ciğerlerimin teneffüs hakkını vererek
Haliç’i ve Boğaziçi’ni selamlayaraktan geçtim.
Bu cümledeki anlatım bozukluğunu belirleyerek cümlenin doğrusunu aşağı­
daki boş yere yazınız.
........................................................................................................................................
","7. Tema: Sanat 7. ÇALIŞMA 1. Aşağıdaki cümlelerin hangisinde tek yargı bildirilmiştir? ­ lişine, yüklemin türüne, anlamına ve yapısına göre türünü yazınız. ........................................................................................................................................ 8. ÇALIŞMA Köprüden, saatlerdir pis havayla dolmuş ciğerlerimin teneffüs hakkını vererek Haliç’i ve Boğaziçi’ni selamlayaraktan geçtim. Bu cümledeki anlatım bozukluğunu belirleyerek cümlenin doğrusunu aşağı­ daki boş yere yazınız. ........................................................................................................................................",,,,
page_194,194,"194
Türkçe 8. Sınıf
Hazırlık 
1. Sizce bir mimar ne iş yapar?
2. Yaşadığınız kentteki binaların mimarisi estetik bir görüntü oluşturu-
yor mu? Niçin?
Aşağıdaki metni önce göz atarak sonra sessiz okuyunuz.
BİNA
(…)
(Birden salona, otuz beş kırk yaşlarında bir adam olan MİMAR girer oldukça iyi 
giyimlidir.)
MİMAR: Özür dilerim, sizi beklettim biraz. Trafik çok sıkışıktı.
(Diğerleri yerlerinden kalkmazlar.) 
BİRİNCİ ADAM: Rica ederim buyurun. Oturun.
 (MİMAR kendisine gösterilen sandalye üzerindeki tozu, cebinden çıkardığı men­
diliyle, iyice siler.)
BİRİNCİ ADAM: Hâliyle biraz toz oluyor. 
İKİNCİ ADAM: Yukarıdaki çalışmalar. 
MİMAR: Yukarıdaki çalışmalar mı?
BİRİNCİ ADAM: Evet, bir kat çıkma zorunluluğu hâsıl oldu da.
MİMAR: Bir kat mı? Ne katı? 
İKİNCİ ADAM: Önemsiz canım. Yönetici lojmanı olarak kullanılmak üzere iki 
küçük daire. Görüşmeyeli nasılsınız? 
BİRİNCİ ADAM: Üç yıl oldu mu? 
MİMAR: (Salonun yıkık duvarlarına bakarak.) Bu duvar?
BİRİNCİ ADAM: Bu duvarı biraz geriye alıyoruz da. 
İKİNCİ ADAM	 : Kahve, çay? 
MİMAR: Neden ileri alıyorsunuz? 
İKİNCİ ADAM	 : Şeyy... Biz iki ayda bir, yönetim ofisini, dört santim genişletiriz 
böyle.
","Türkçe 8. Sınıf Hazırlık 1. Sizce bir mimar ne iş yapar? 2. Yaşadığınız kentteki binaların mimarisi estetik bir görüntü oluşturu- yor mu? Niçin? Aşağıdaki metni önce göz atarak sonra sessiz okuyunuz. BİNA (…) (Birden salona, otuz beş kırk yaşlarında bir adam olan MİMAR girer oldukça iyi giyimlidir.) MİMAR: Özür dilerim, sizi beklettim biraz. Trafik çok sıkışıktı. (Diğerleri yerlerinden kalkmazlar.) BİRİNCİ ADAM: Rica ederim buyurun. Oturun. (MİMAR kendisine gösterilen sandalye üzerindeki tozu, cebinden çıkardığı men­ diliyle, iyice siler.) BİRİNCİ ADAM: Hâliyle biraz toz oluyor. İKİNCİ ADAM: Yukarıdaki çalışmalar. MİMAR: Yukarıdaki çalışmalar mı? BİRİNCİ ADAM: Evet, bir kat çıkma zorunluluğu hâsıl oldu da. MİMAR: Bir kat mı? Ne katı? İKİNCİ ADAM: Önemsiz canım. Yönetici lojmanı olarak kullanılmak üzere iki küçük daire. Görüşmeyeli nasılsınız? BİRİNCİ ADAM: Üç yıl oldu mu? MİMAR: (Salonun yıkık duvarlarına bakarak.) Bu duvar? BİRİNCİ ADAM: Bu duvarı biraz geriye alıyoruz da. İKİNCİ ADAM : Kahve, çay? MİMAR: Neden ileri alıyorsunuz? İKİNCİ ADAM : Şeyy... Biz iki ayda bir, yönetim ofisini, dört santim genişletiriz böyle.",,,,
page_195,195,"195
7. Tema: Sanat
MİMAR: Her iki ayda dört santim mi, neden? 
BİRİNCİ ADAM: Çünkü o zaman iki yılda elli altı santim ediyor da ondan. 
MİMAR: İki yılda elli altı santim mi? Neden gerçekten anlayamadım.
İKİNCİ ADAM: Çünkü dört yılda bir metre on iki santim ediyor o zaman. 
MİMAR: Anlamıyorum, neden bir metre on iki santim?
BİRİNCİ ADAM: Çünkü duvar boydan boya on metre olduğuna göre, on bir 
onda iki metrekarelik bir artış sağlıyor bu bize.
İKİNCİ ADAM: Yani biraz ferahlıyoruz.
(...)
(Bu sırada MİMAR'ın üzerine, tavandan birkaç tane pinpon topu düşer.)
MİMAR : Bunlar da ne?
BİRİNCİ ADAM: Pinpon topları.
İKİNCİ ADAM: Allah kahretmesin! Bir türlü halledemediler şunu.
MİMAR: Neyi halledemediler?
İKİNCİ ADAM: Lütfen bilmiyormuş gibi davranmayın.
BİRİNCİ ADAM: Evet. lütfen.
MİMAR: Neyi bilmiyormuş gibi?
İKİNCİ ADAM: Bina yapıldığından beri bu tür bazı sorunların olduğunu. 
BİRİNCİ ADAM: Üzülerek söyleyelim, bu sizin hatanız.
İKİNCİ ADAM: Evet, binaya taşındığımızdan beri pinpon topları başımıza bir dert.
BİRİNCİ ADAM: Onları bir türlü engelleyemiyoruz.
İKİNCİ ADAM: Bunun için yapmadığımız masraf kalmadı.
BİRİNCİ ADAM: Evet, planlamadan gelen bir aksaklık.
MİMAR: Nedir planlamadan gelen aksaklık? Anlamıyorum. Gerçekten anlamı­
yorum. 
İKİNCİ ADAM: Her yerden pinpon topları çıkıyor. En Önemlisi pinpon topları 
ikide bir havuza kaçıyor.
MİMAR: Saçmalıyorsunuz. Pinpon topları havuza kaçmaz. Havuz nerede pinpon 
salonu nerede?
","7. Tema: Sanat MİMAR: Her iki ayda dört santim mi, neden? BİRİNCİ ADAM: Çünkü o zaman iki yılda elli altı santim ediyor da ondan. MİMAR: İki yılda elli altı santim mi? Neden gerçekten anlayamadım. İKİNCİ ADAM: Çünkü dört yılda bir metre on iki santim ediyor o zaman. MİMAR: Anlamıyorum, neden bir metre on iki santim? BİRİNCİ ADAM: Çünkü duvar boydan boya on metre olduğuna göre, on bir onda iki metrekarelik bir artış sağlıyor bu bize. İKİNCİ ADAM: Yani biraz ferahlıyoruz. (...) (Bu sırada MİMAR'ın üzerine, tavandan birkaç tane pinpon topu düşer.) MİMAR : Bunlar da ne? BİRİNCİ ADAM: Pinpon topları. İKİNCİ ADAM: Allah kahretmesin! Bir türlü halledemediler şunu. MİMAR: Neyi halledemediler? İKİNCİ ADAM: Lütfen bilmiyormuş gibi davranmayın. BİRİNCİ ADAM: Evet. lütfen. MİMAR: Neyi bilmiyormuş gibi? İKİNCİ ADAM: Bina yapıldığından beri bu tür bazı sorunların olduğunu. BİRİNCİ ADAM: Üzülerek söyleyelim, bu sizin hatanız. İKİNCİ ADAM: Evet, binaya taşındığımızdan beri pinpon topları başımıza bir dert. BİRİNCİ ADAM: Onları bir türlü engelleyemiyoruz. İKİNCİ ADAM: Bunun için yapmadığımız masraf kalmadı. BİRİNCİ ADAM: Evet, planlamadan gelen bir aksaklık. MİMAR: Nedir planlamadan gelen aksaklık? Anlamıyorum. Gerçekten anlamı­ yorum. İKİNCİ ADAM: Her yerden pinpon topları çıkıyor. En Önemlisi pinpon topları ikide bir havuza kaçıyor. MİMAR: Saçmalıyorsunuz. Pinpon topları havuza kaçmaz. Havuz nerede pinpon salonu nerede?",,,,
page_196,196,"196
Türkçe 8. Sınıf
BİRİNCİ ADAM: Evet bizce de öyle ama bu gerçeği değiştirmiyor. Pinpon topla­
rını engelleyemiyoruz.
İKİNCİ ADAM: Anlayamadığımız bir nedenden ötürü, pinpon topları oyun es­
nasında kayboluyorlar.
BİRİNCİ ADAM: Evet kayboluyorlar.
İKİNCİ ADAM: Sonra nedense kaybolan topları havuzda buluyoruz. 
BİRİNCİ ADAM: Bu yüzden yüzme yarışlarıyla pinpon turnuvalarını aynı anda 
yapamıyoruz.
İKİNCİ ADAM: Evet yüzücüler rahatsız oluyorlar.
BİRİNCİ ADAM: Aynı zamanda pinponcular da ıslanıyorlar.
MİMAR: İmkânsız! Pinponcular ıslanamaz.
İKİNCİ ADAM: Islanıyorlar. Hatta pinpon turnuvaları olduğu zaman, havuzun 
suyunu boşaltmak zorunda kalıyoruz.
BİRİNCİ ADAM: Havuzun suyu pinpon masalarına akıyor.
İKİNCİ ADAM: Bildiğiniz gibi değil. Havuzun suyunu da engelleyemiyoruz 
efendim.
BİRİNCİ ADAM: Havuz suyla dolduğu zaman, soyunma odalarını su basıyor.
İKİNCİ ADAM: Yönetim odasının tavanından su damlıyor. 
(…)
(O sırada içeriye üstü başı toz içinde iki işçi girer. Yorgun gözükmektedirler ve 
ellerinde kazma ve kürekler vardır.)
BİRİNCİ İŞÇİ: Giriş holünü de kazdık. Maalesef bir şey bulamadık efendim.
BİRİNCİ ADAM: Yarın koridorları kazmaya başlayın. (MİMAR'a dönerek.) Su­
yun nereden kaçtığını anlamaya çalışıyorlar. Tamam gidebilirsiniz.
İKİNCİ ADAM: Bize oldukça pahalıya mal oluyor tabii.
BİRİNCİ ADAM: On altı aydır çalışıyorlar, kazmadık yer bırakmadılar.
İKİNCİ ADAM: Sizin binanın MİMAR’ı olarak bu konuda bazı sorumlulukları­
nız olduğunu düşünüyoruz.
MİMAR: Binanın çabuk yapılmasını ve ucuz malzeme kullanılmasını isteyen siz­
diniz. Bunun doğal sonucu olarak... 
","Türkçe 8. Sınıf BİRİNCİ ADAM: Evet bizce de öyle ama bu gerçeği değiştirmiyor. Pinpon topla­ rını engelleyemiyoruz. İKİNCİ ADAM: Anlayamadığımız bir nedenden ötürü, pinpon topları oyun es­ nasında kayboluyorlar. BİRİNCİ ADAM: Evet kayboluyorlar. İKİNCİ ADAM: Sonra nedense kaybolan topları havuzda buluyoruz. BİRİNCİ ADAM: Bu yüzden yüzme yarışlarıyla pinpon turnuvalarını aynı anda yapamıyoruz. İKİNCİ ADAM: Evet yüzücüler rahatsız oluyorlar. BİRİNCİ ADAM: Aynı zamanda pinponcular da ıslanıyorlar. MİMAR: İmkânsız! Pinponcular ıslanamaz. İKİNCİ ADAM: Islanıyorlar. Hatta pinpon turnuvaları olduğu zaman, havuzun suyunu boşaltmak zorunda kalıyoruz. BİRİNCİ ADAM: Havuzun suyu pinpon masalarına akıyor. İKİNCİ ADAM: Bildiğiniz gibi değil. Havuzun suyunu da engelleyemiyoruz efendim. BİRİNCİ ADAM: Havuz suyla dolduğu zaman, soyunma odalarını su basıyor. İKİNCİ ADAM: Yönetim odasının tavanından su damlıyor. (…) (O sırada içeriye üstü başı toz içinde iki işçi girer. Yorgun gözükmektedirler ve ellerinde kazma ve kürekler vardır.) BİRİNCİ İŞÇİ: Giriş holünü de kazdık. Maalesef bir şey bulamadık efendim. BİRİNCİ ADAM: Yarın koridorları kazmaya başlayın. (MİMAR'a dönerek.) Su­ yun nereden kaçtığını anlamaya çalışıyorlar. Tamam gidebilirsiniz. İKİNCİ ADAM: Bize oldukça pahalıya mal oluyor tabii. BİRİNCİ ADAM: On altı aydır çalışıyorlar, kazmadık yer bırakmadılar. İKİNCİ ADAM: Sizin binanın MİMAR’ı olarak bu konuda bazı sorumlulukları­ nız olduğunu düşünüyoruz. MİMAR: Binanın çabuk yapılmasını ve ucuz malzeme kullanılmasını isteyen siz­ diniz. Bunun doğal sonucu olarak...",,,,
page_197,197,"197
7. Tema: Sanat
BİRİNCİ ADAM: Neyse, neyse... Bu konuyu uzatmak istemiyoruz.
İKİNCİ ADAM: Evet. Karşılıklı bazı hatalar olmuş olabilir. Biliyorsunuz, bizim 
de elimizden bir şey gelmiyordu. Belediye bize bu arsayı verince bir an evvel üzerine 
bir bina kondurmak zorundaydık.
BİRİNCİ ADAM: Bizden başka birçok kurumun bu arsada gözü vardı, yapacak 
başka bir şeyimiz yoktu.
(…)
BİRİNCİ ADAM: (Giden İKİNCİ ADAM'ın arkasından kederli kederli bakarak) 
Bu havuz meselesini çözmemiz lazım.
MİMAR: Havuz meselesini mi?
BİRİNCİ ADAM: Evet. Havuz meselesini. Bildiğiniz gibi değil biz bu havuzdan 
neler çekiyoruz. Bu işletme bu havuzu kaldırmıyor.
MİMAR: Havuz buranın her şeyidir.
BİRİNCİ ADAM: Ahh. Ahh... Siz bilmiyorsunuz. Nereye gitsek karşımıza havuz 
çıkıyor. Bu yüzden, havuzu biraz küçültüp, kenardan bir geçitle soyunma odalarına 
ulaşsak diye düşündüğümüz çok oldu.
MİMAR: Bunu yapamazsınız. Havuz Olimpiktir. Boyutları standarttır.
BİRİNCİ ADAM: Evet, bu yüzden biz de bir üst geçit yapmak zorunda kaldık.
MİMAR: Üstgeçit mi?
BİRİNCİ ADAM: Evet üst geçit. Havuzu bir üst geçitle asıp, soyunma odalarına 
ulaşıyoruz.
MİMAR: Neden soyunma odalarına ulaşıyorsunuz? Anlamıyorum. Soyunma 
odaları zaten havuzun soyunma odaları. 
BİRİNCİ ADAM: Soyunma odalarının bir kısmını iptal etmek zorunda kaldık. 
Geri kalanları ise isteyene kiralıyoruz.
MİMAR: Soyunma odalarını iptal mi ettiniz? Olamaz.
BİRİNCİ ADAM: Bunu yapmak zorundaydık. Büro kısmını soyunma odalarına 
doğru genişletmek zorunda kaldık.
MİMAR: Büro kısmını genişletmeniz gereksiz.
BİRİNCİ ADAM: Genişletmek zorundayız Masaları odalara sığdıramıyoruz
MİMAR: Masaları azaltın. Büroya bir tane masa yeterli.
","7. Tema: Sanat BİRİNCİ ADAM: Neyse, neyse... Bu konuyu uzatmak istemiyoruz. İKİNCİ ADAM: Evet. Karşılıklı bazı hatalar olmuş olabilir. Biliyorsunuz, bizim de elimizden bir şey gelmiyordu. Belediye bize bu arsayı verince bir an evvel üzerine bir bina kondurmak zorundaydık. BİRİNCİ ADAM: Bizden başka birçok kurumun bu arsada gözü vardı, yapacak başka bir şeyimiz yoktu. (…) BİRİNCİ ADAM: (Giden İKİNCİ ADAM'ın arkasından kederli kederli bakarak) Bu havuz meselesini çözmemiz lazım. MİMAR: Havuz meselesini mi? BİRİNCİ ADAM: Evet. Havuz meselesini. Bildiğiniz gibi değil biz bu havuzdan neler çekiyoruz. Bu işletme bu havuzu kaldırmıyor. MİMAR: Havuz buranın her şeyidir. BİRİNCİ ADAM: Ahh. Ahh... Siz bilmiyorsunuz. Nereye gitsek karşımıza havuz çıkıyor. Bu yüzden, havuzu biraz küçültüp, kenardan bir geçitle soyunma odalarına ulaşsak diye düşündüğümüz çok oldu. MİMAR: Bunu yapamazsınız. Havuz Olimpiktir. Boyutları standarttır. BİRİNCİ ADAM: Evet, bu yüzden biz de bir üst geçit yapmak zorunda kaldık. MİMAR: Üstgeçit mi? BİRİNCİ ADAM: Evet üst geçit. Havuzu bir üst geçitle asıp, soyunma odalarına ulaşıyoruz. MİMAR: Neden soyunma odalarına ulaşıyorsunuz? Anlamıyorum. Soyunma odaları zaten havuzun soyunma odaları. BİRİNCİ ADAM: Soyunma odalarının bir kısmını iptal etmek zorunda kaldık. Geri kalanları ise isteyene kiralıyoruz. MİMAR: Soyunma odalarını iptal mi ettiniz? Olamaz. BİRİNCİ ADAM: Bunu yapmak zorundaydık. Büro kısmını soyunma odalarına doğru genişletmek zorunda kaldık. MİMAR: Büro kısmını genişletmeniz gereksiz. BİRİNCİ ADAM: Genişletmek zorundayız Masaları odalara sığdıramıyoruz MİMAR: Masaları azaltın. Büroya bir tane masa yeterli.",,,,
page_198,198,"198
Türkçe 8. Sınıf
BİRİNCİ ADAM: Masaları azaltamayız. Muhasebecinin, sekreterin, benim, arka­
daşlarımın, grafikerlerin... Tam yirmi iki masamız var. 
MİMAR: Çılgınlık bu.
BİRİNCİ ADAM: Buna mecburuz. Buna mecburuz. Hem sadece soyunma oda­
larını küçültsek iyi, pinpon salonunun da yarısını bürolara katmak zorunda kaldık.
MİMAR: Olamaz ama. Pinpon salonunu yok edemezsiniz.
BİRİNCİ ADAM: Yok ederiz. Öyle bir yok ederiz ki. Bu gidişle korkarım önü­
müzdeki yıllarda havuzu da ufaltmak zorunda kalacağız.
MİMAR: Çılgınsınız siz.
BİRİNCİ ADAM: Büyüyoruz, büyümenin gereklerini yerine getirmeliyiz. Geliş­
menin kaçınılmaz sonucu bu. Fast foodçunun alanını, havuza doğru, genişletmek zo­
rundayız.
MİMAR: Fakat burası bir spor salonu, fast-foodçu değil. Havuzu, köfteci hâline 
getiremezsiniz.
BİRİNCİ ADAM: Ekonomik düşünmeliyiz. Bizi yanlış anlamayın. Biz sporcuları 
çok severiz. Ama ekonomik düşünmeliyiz.
Spor salonu yöneticileri;  tesisteki basket sahasını, tuvaletleri, oturma salonunu, 
kitaplığı farklı gerekçeler göstererek kapattıklarını anlatırlar. Bunun üzerine Mimar 
iyice öfkelenir.
(MİMAR, iyice gergin bir şekilde, başını avuçlarının içine almış, ne diyeceğini 
şaşırmış bir hâlde ağlar gibi sayıklamakladır.)
MİMAR: Siz, siz, bütün mimarlık teorilerini altüst ettiniz. Sizin gibi insanlar ya­
şadığı için, bu memlekette mimarlık yapılamaz, değil mimarlık, ayakkabı tamirciliği, 
terzilik, elektrikçilik, kapıcılık, oyuncakçılık... Hiçbir şey, hiçbir şey yapılamaz... Deli 
doktorluğu bile yapılamaz... Siz onları bile çıldırtırsınız... Sizi hapishaneye tıkmalı... 
Fakat size bakacak gardiyan bile bulunamaz…
Behiç AK, Bina
","Türkçe 8. Sınıf BİRİNCİ ADAM: Masaları azaltamayız. Muhasebecinin, sekreterin, benim, arka­ daşlarımın, grafikerlerin... Tam yirmi iki masamız var. MİMAR: Çılgınlık bu. BİRİNCİ ADAM: Buna mecburuz. Buna mecburuz. Hem sadece soyunma oda­ larını küçültsek iyi, pinpon salonunun da yarısını bürolara katmak zorunda kaldık. MİMAR: Olamaz ama. Pinpon salonunu yok edemezsiniz. BİRİNCİ ADAM: Yok ederiz. Öyle bir yok ederiz ki. Bu gidişle korkarım önü­ müzdeki yıllarda havuzu da ufaltmak zorunda kalacağız. MİMAR: Çılgınsınız siz. BİRİNCİ ADAM: Büyüyoruz, büyümenin gereklerini yerine getirmeliyiz. Geliş­ menin kaçınılmaz sonucu bu. Fast foodçunun alanını, havuza doğru, genişletmek zo­ rundayız. MİMAR: Fakat burası bir spor salonu, fast-foodçu değil. Havuzu, köfteci hâline getiremezsiniz. BİRİNCİ ADAM: Ekonomik düşünmeliyiz. Bizi yanlış anlamayın. Biz sporcuları çok severiz. Ama ekonomik düşünmeliyiz. Spor salonu yöneticileri; tesisteki basket sahasını, tuvaletleri, oturma salonunu, kitaplığı farklı gerekçeler göstererek kapattıklarını anlatırlar. Bunun üzerine Mimar iyice öfkelenir. (MİMAR, iyice gergin bir şekilde, başını avuçlarının içine almış, ne diyeceğini şaşırmış bir hâlde ağlar gibi sayıklamakladır.) MİMAR: Siz, siz, bütün mimarlık teorilerini altüst ettiniz. Sizin gibi insanlar ya­ şadığı için, bu memlekette mimarlık yapılamaz, değil mimarlık, ayakkabı tamirciliği, terzilik, elektrikçilik, kapıcılık, oyuncakçılık... Hiçbir şey, hiçbir şey yapılamaz... Deli doktorluğu bile yapılamaz... Siz onları bile çıldırtırsınız... Sizi hapishaneye tıkmalı... Fakat size bakacak gardiyan bile bulunamaz… Behiç AK, Bina",,,,
page_199,199,"199
7. Tema: Sanat
1. ÇALIŞMA
“Bina” adlı metinde geçen anlamını bilmediğiniz sözcükleri belirleyerek aşağı­
daki tabloyu doldurunuz. 
Anlamını bilmediğim 
sözcükler
Tahminim
Sözlük anlamı
2. ÇALIŞMA
Aşağıdaki soruları metne göre cevaplayınız.
1.
Okuduğunuz metnin konusu ve yazılış amacı nedir?
2.
5N 1K sorularından hareketle okuduğunuz metnin kahramanlarını, olayın nerede
ve ne zaman geçtiğini belirleyiniz.
3.
Mimar kaç yaşlarındadır? Mimarın en belirgin kişilik özelliği nedir?
4.
Yöneticiler, binada ne gibi değişilikler yapmıştır? Mimar’ın bu değişiklikler karşı­
sındaki tavrı nedir?
5.
Mimar, binadaki sorunlardan dolayı sorumlulukları nelerdir? Binanın planında
hata yapmış mıdır?
6.
Mimar’ın “Binanın çabuk yapılmasını ve ucuz malzeme kullanılmasını isteyen siz­
diniz.” Şeklindeki savunmasını haklı buluyor musunuz? Niçin?
7.
Okuduğunuz metinde ileri sürülen ana düşünce ve yardımcı düşünceler nelerdir?
Aşağıdaki ilgili alana yazınız.
Ana düşünce
Yardımcı düşünceler
","7. Tema: Sanat 1. ÇALIŞMA “Bina” adlı metinde geçen anlamını bilmediğiniz sözcükleri belirleyerek aşağı­ daki tabloyu doldurunuz. Anlamını bilmediğim sözcükler Tahminim Sözlük anlamı 2. ÇALIŞMA Aşağıdaki soruları metne göre cevaplayınız. 1. Okuduğunuz metnin konusu ve yazılış amacı nedir? 2. 5N 1K sorularından hareketle okuduğunuz metnin kahramanlarını, olayın nerede ve ne zaman geçtiğini belirleyiniz. 3. Mimar kaç yaşlarındadır? Mimarın en belirgin kişilik özelliği nedir? 4. Yöneticiler, binada ne gibi değişilikler yapmıştır? Mimar’ın bu değişiklikler karşı­ sındaki tavrı nedir? 5. Mimar, binadaki sorunlardan dolayı sorumlulukları nelerdir? Binanın planında hata yapmış mıdır? 6. Mimar’ın “Binanın çabuk yapılmasını ve ucuz malzeme kullanılmasını isteyen siz­ diniz.” Şeklindeki savunmasını haklı buluyor musunuz? Niçin? 7. Okuduğunuz metinde ileri sürülen ana düşünce ve yardımcı düşünceler nelerdir? Aşağıdaki ilgili alana yazınız. Ana düşünce Yardımcı düşünceler",,,,
page_200,200,"200
Türkçe 8. Sınıf
8. Metinden “bir mimarın görev ve sorumlulukları” ile ilgili çıkarımlarınızı
aşağıda boş bırakılan yere yazınız.
..................................................................................................................................
..................................................................................................................................
..................................................................................................................................
..................................................................................................................................
3. ÇALIŞMA
Okuduğunuz metnin olay örgüsünü aşağıya yazınız.
1. olay: .........................................................................................................................
2. olay: .........................................................................................................................
3. olay: .........................................................................................................................
4. olay: .........................................................................................................................
5. olay: .........................................................................................................................
4. ÇALIŞMA
“Bina” adlı metnin türünü, dil ve anlatım özelliklerini örneklerle aşağıda boş
bırakılan yere yazınız. 
..................................................................................................................................
..................................................................................................................................
..................................................................................................................................
..................................................................................................................................
..................................................................................................................................
..................................................................................................................................
","Türkçe 8. Sınıf 8. Metinden “bir mimarın görev ve sorumlulukları” ile ilgili çıkarımlarınızı aşağıda boş bırakılan yere yazınız. .................................................................................................................................. .................................................................................................................................. .................................................................................................................................. .................................................................................................................................. 3. ÇALIŞMA Okuduğunuz metnin olay örgüsünü aşağıya yazınız. 1. olay: ......................................................................................................................... 2. olay: ......................................................................................................................... 3. olay: ......................................................................................................................... 4. olay: ......................................................................................................................... 5. olay: ......................................................................................................................... 4. ÇALIŞMA “Bina” adlı metnin türünü, dil ve anlatım özelliklerini örneklerle aşağıda boş bırakılan yere yazınız. .................................................................................................................................. .................................................................................................................................. .................................................................................................................................. .................................................................................................................................. .................................................................................................................................. ..................................................................................................................................",,,,
page_201,201,"201
7. Tema: Sanat
5. ÇALIŞMA
•
Üzülerek söyleyelim, bu sizin hatanız.
•
Evet, planlamadan gelen bir aksaklık.
•
Yarın koridorları kazmaya başlayın.
•
Binanın çabuk yapılmasını ve ucuz malzeme kullanılmasını isteyen sizdiniz.
•
Bu konuyu uzatmak istemiyoruz.
•
Belediye bize bu arsayı verince bir an evvel üzerine bir bina kondurmak zorunday­
dık.
•
Hem sadece soyunma odalarını küçültsek iyi, pinpon salonunun da yarısını büro­
lara katmak zorunda kaldık.
•
Geri kalanları ise isteyene kiralıyoruz.
•
Bu havuz meselesini çözmemiz lazım.
•
Fast foodçunun alanını, havuza doğru, genişletmek zorundayız.
Bu cümlelerdeki fiilimsileri belirleyerek gruplandırınız. Bunların cümlenin 
anlamına katkısını belirtiniz. 
İsim - fiil
Zarf - fiil
Sıfat - fiil
............................................... ............................................... ...............................................
............................................... ............................................... ...............................................
............................................... ............................................... ...............................................
","7. Tema: Sanat 5. ÇALIŞMA • Üzülerek söyleyelim, bu sizin hatanız. • Evet, planlamadan gelen bir aksaklık. • Yarın koridorları kazmaya başlayın. • Binanın çabuk yapılmasını ve ucuz malzeme kullanılmasını isteyen sizdiniz. • Bu konuyu uzatmak istemiyoruz. • Belediye bize bu arsayı verince bir an evvel üzerine bir bina kondurmak zorunday­ dık. • Hem sadece soyunma odalarını küçültsek iyi, pinpon salonunun da yarısını büro­ lara katmak zorunda kaldık. • Geri kalanları ise isteyene kiralıyoruz. • Bu havuz meselesini çözmemiz lazım. • Fast foodçunun alanını, havuza doğru, genişletmek zorundayız. Bu cümlelerdeki fiilimsileri belirleyerek gruplandırınız. Bunların cümlenin anlamına katkısını belirtiniz. İsim - fiil Zarf - fiil Sıfat - fiil ............................................... ............................................... ............................................... ............................................... ............................................... ............................................... ............................................... ............................................... ...............................................",,,,
page_202,202,"202
Türkçe 8. Sınıf
YAZMA
1. ÇALIŞMA
Yaptığınız ya da izlediğiniz sanatsal bir etkinlikle ilgili bir anınızı yazınız.  Yazınızı
anı türünün özelliklerine göre oluşturunuz. Yazınızda mizahi ögeler kullanınız. Çalış­
manın sonundaki değerlendirme formunu yönergelerine uygun doldurunuz.
...................................................................................................................................
...................................................................................................................................
...................................................................................................................................
...................................................................................................................................
...................................................................................................................................
...................................................................................................................................
...................................................................................................................................
...................................................................................................................................
Değerlendirme Formu
Bu deneme yazma çalışma kapsamında aşağıda listelenen davranışlardan kazan­
dığınız beceriler için Evet, kazanamadığınız beceriler için Hayır kutucuğuna (X) işa­
reti koyarak kendinizi değerlendiriniz. 
Değerlendirme Ölçütleri
Evet
Hayır
Yazınıza başlamadan önce ele aldığınız konuyla ilgili araştırma 
yaptınız mı?
Öyküleyici anlatımın özelliklerini yazınıza yansıttınız mı?
Yazınızı giriş, gelişme ve sonuç bölümleri hâlinde oluşturdunuz 
mu?
Yazınızda uygun geçiş ve bağlantı ifadeleri kullandınız mı?
Yazınızda başlık kullandınız mı?
Yazınızı dil bilgisi, imla, noktalama ve anlatım bozukluğu 
bakımından gözden geçirdiniz mi?
Yazınızı çevrenizdeki kişilerle ya da sosyal medyada paylaştınız mı?
Değerlendirme sonunda Hayır şeklindeki cevaplarınızı bir daha gözden geçiriniz 
ve ilgili açıklamaları tekrar ediniz. 
","Türkçe 8. Sınıf YAZMA 1. ÇALIŞMA Yaptığınız ya da izlediğiniz sanatsal bir etkinlikle ilgili bir anınızı yazınız. Yazınızı anı türünün özelliklerine göre oluşturunuz. Yazınızda mizahi ögeler kullanınız. Çalış­ manın sonundaki değerlendirme formunu yönergelerine uygun doldurunuz. ................................................................................................................................... ................................................................................................................................... ................................................................................................................................... ................................................................................................................................... ................................................................................................................................... ................................................................................................................................... ................................................................................................................................... ................................................................................................................................... Değerlendirme Formu Bu deneme yazma çalışma kapsamında aşağıda listelenen davranışlardan kazan­ dığınız beceriler için Evet, kazanamadığınız beceriler için Hayır kutucuğuna (X) işa­ reti koyarak kendinizi değerlendiriniz. Değerlendirme Ölçütleri Evet Hayır Yazınıza başlamadan önce ele aldığınız konuyla ilgili araştırma yaptınız mı? Öyküleyici anlatımın özelliklerini yazınıza yansıttınız mı? Yazınızı giriş, gelişme ve sonuç bölümleri hâlinde oluşturdunuz mu? Yazınızda uygun geçiş ve bağlantı ifadeleri kullandınız mı? Yazınızda başlık kullandınız mı? Yazınızı dil bilgisi, imla, noktalama ve anlatım bozukluğu bakımından gözden geçirdiniz mi? Yazınızı çevrenizdeki kişilerle ya da sosyal medyada paylaştınız mı? Değerlendirme sonunda Hayır şeklindeki cevaplarınızı bir daha gözden geçiriniz ve ilgili açıklamaları tekrar ediniz.",,,,
page_203,203,"203
7. Tema: Sanat
2. ÇALIŞMA
Aşağıdaki cümlelerde altı çizili fiillerin nesnesine göre çatısını işaretleyiniz.
Cümleler
Geçişli
Geçişsiz
a. Biz sporcuları çok severiz.
b. Pinpon salonunu yok edemezsiniz.
c. On altı aydır çalışıyorlar.
3. ÇALIŞMA
Aşağıdaki fiilleri cümlede nesne alacak şekilde kullanınız.
1. sat-: ………………………………………………………………………………
2. bak-:………………………………………………………………………………
3. çöz-:………………………………………………………………………………
4. ÇALIŞMA
bilirim benden önce duyulmuş bu keder
Geçti, istemem gelmeni,
benden sonra da duyulacak
Yokluğunda buldum seni;
benden önce söylenmiş bunların hepsi bin kere
Bırak vehmimde gölgeni,
benden sonra da söylenecek
Gelme, artık neye yarar?
Bu dörtlüklerdeki altı çizili fiilleri öznesine göre inceleyiniz. Buna göre boş­
lukları doldurunuz.
Bu dörtlüklerdeki ………………………………………… ……  fiilleri etkendir.
Bu dörtlüklerdeki ……………………………………… ……… fiilleri edilgendir.
5. ÇALIŞMA
Aşağıdaki cümlelerde altı çizili fiillerin öznesine göre çatısını işaretleyiniz.
Cümleler
Etken
Edilgen
a. Bütün duvarları fotoğraflarla kaplı holde bekliyorum.
b. Ben böyle düşünürken, birden atölyenin kapısı açıldı.
c. Dünyada her insan az çok bir felakete uğramış olabilir.
ç. Şuracıkta kunduralarımı boyatabilirim.
","7. Tema: Sanat 2. ÇALIŞMA Aşağıdaki cümlelerde altı çizili fiillerin nesnesine göre çatısını işaretleyiniz. Cümleler Geçişli Geçişsiz a. Biz sporcuları çok severiz. b. Pinpon salonunu yok edemezsiniz. c. On altı aydır çalışıyorlar. 3. ÇALIŞMA Aşağıdaki fiilleri cümlede nesne alacak şekilde kullanınız. 1. sat-: ……………………………………………………………………………… 2. bak-:……………………………………………………………………………… 3. çöz-:……………………………………………………………………………… 4. ÇALIŞMA bilirim benden önce duyulmuş bu keder Geçti, istemem gelmeni, benden sonra da duyulacak Yokluğunda buldum seni; benden önce söylenmiş bunların hepsi bin kere Bırak vehmimde gölgeni, benden sonra da söylenecek Gelme, artık neye yarar? Bu dörtlüklerdeki altı çizili fiilleri öznesine göre inceleyiniz. Buna göre boş­ lukları doldurunuz. Bu dörtlüklerdeki ………………………………………… …… fiilleri etkendir. Bu dörtlüklerdeki ……………………………………… ……… fiilleri edilgendir. 5. ÇALIŞMA Aşağıdaki cümlelerde altı çizili fiillerin öznesine göre çatısını işaretleyiniz. Cümleler Etken Edilgen a. Bütün duvarları fotoğraflarla kaplı holde bekliyorum. b. Ben böyle düşünürken, birden atölyenin kapısı açıldı. c. Dünyada her insan az çok bir felakete uğramış olabilir. ç. Şuracıkta kunduralarımı boyatabilirim.",,,,
page_204,204,"204
Türkçe 8. Sınıf
DİNLEME / İZLEME
1. ÇALIŞMA
Âşık Veysel’in “Dostlar Beni Hatırlasın” adlı şiirini empati kurarak dinleme yön­
temi ile dinleyiniz. Dinleme etkinliği gerçekleştirdikten sonra aşağıdaki çalışmaları 
yapınız.
1. Dinlediğiniz şiirde geçen anlamını bilmediğiniz sözcükleri aşağıya yazarak
bunların anlamını tahmin ediniz.
………………………………………………………………………………………
………………………………………………………………………………………
2. Dinlediğiniz şiirin teması nedir?
………………………………………………………………………………………
3. Şair, dünyayı neye benzetmiştir?
………………………………………………………………………………………
4.
“Can kafeste durmaz uçar.” sözü ile ne anlatılmak istenmiş olabilir?
5. Şiirde hayatın geçiciliğini ve hatırlanma arzusunu çağrıştıran ifadeler nelerdir?
………………………………………………………………………………………
………………………………………………………………………………………
6. Şairin hayata bakışı “Dostlar Beni Hatırlasın” adlı şiirine nasıl yansımıştır?
………………………………………………………………………………………
7.
“Veysel gider adı kalır” dizesinde şair neyi kastetmektedir?
………………………………………………………………………………………
8. Şiire bir başlık vermeniz istenseydiniz ne koyardınız?
…...…………………………………………………………………………………
9. Dinlediğiniz şiiiri içerik ve ahenk bakımından değerlendiriniz ve görüşlerinizi
yazınız.
………………………………………………………………………………………
………………………………………………………………………………………
10.	Dinlediğiniz şiirin medyaya aktarılmasındaki amaç nedir? Şiirin medya hâli ile
basılı hâli aynı mıdır? 
………………………………………………………………………………………
","Türkçe 8. Sınıf DİNLEME / İZLEME 1. ÇALIŞMA Âşık Veysel’in “Dostlar Beni Hatırlasın” adlı şiirini empati kurarak dinleme yön­ temi ile dinleyiniz. Dinleme etkinliği gerçekleştirdikten sonra aşağıdaki çalışmaları yapınız. 1. Dinlediğiniz şiirde geçen anlamını bilmediğiniz sözcükleri aşağıya yazarak bunların anlamını tahmin ediniz. ……………………………………………………………………………………… ……………………………………………………………………………………… 2. Dinlediğiniz şiirin teması nedir? ……………………………………………………………………………………… 3. Şair, dünyayı neye benzetmiştir? ……………………………………………………………………………………… 4. “Can kafeste durmaz uçar.” sözü ile ne anlatılmak istenmiş olabilir? 5. Şiirde hayatın geçiciliğini ve hatırlanma arzusunu çağrıştıran ifadeler nelerdir? ……………………………………………………………………………………… ……………………………………………………………………………………… 6. Şairin hayata bakışı “Dostlar Beni Hatırlasın” adlı şiirine nasıl yansımıştır? ……………………………………………………………………………………… 7. “Veysel gider adı kalır” dizesinde şair neyi kastetmektedir? ……………………………………………………………………………………… 8. Şiire bir başlık vermeniz istenseydiniz ne koyardınız? …...………………………………………………………………………………… 9. Dinlediğiniz şiiiri içerik ve ahenk bakımından değerlendiriniz ve görüşlerinizi yazınız. ……………………………………………………………………………………… ……………………………………………………………………………………… 10. Dinlediğiniz şiirin medyaya aktarılmasındaki amaç nedir? Şiirin medya hâli ile basılı hâli aynı mıdır? ………………………………………………………………………………………",,,,
page_205,205,"205
7. Tema: Sanat
KONUŞMA
1. Unutulmaya yüz tutmuş geleneksel Türk el sanatları hakkında bir konuşma
hazırlayarak çevrenizdeki kişilerle paylaşınız. 
2. Hazırladığınız konuşmayı aşağıya yazınız.
...................................................................................................................................
...................................................................................................................................
...................................................................................................................................
...................................................................................................................................
...................................................................................................................................
...................................................................................................................................
...................................................................................................................................
...................................................................................................................................
3. Hazırladığınız konuşmayı aşağıdaki “Değerlendirme Formu”na göre değerlen­
diriniz. Bu konuşma çalışması kapsamında aşağıda listelenen davranışlardan kazandı­
ğınız beceriler için Evet, kazanamadığınız beceriler için Hayır kutucuğuna (X) işareti 
koyarak kendinizi değerlendiriniz. 
Değerlendirme Ölçütleri
Evet
Hayır
Konuşmama uygun bir hitapla başlayarak konuşmanın konu­
sunu belirttim.
Konuşma stratejilerini uyguladım. 
Konuşmamda beden dilini etkili bir şekilde kullandım.
Sözcükleri anlamlarına uygun kullandım.
Konuşmamda yabancı dillerden alınmış, dilimize henüz 
yerleşmemiş sözcüklerin Türkçelerini kullandım.
Konuşmamda uygun geçiş ve bağlantı ifadelerini kullandım.
Değerlendirme sonunda Hayır şeklindeki cevaplarınızı bir daha gözden geçiriniz 
ve ilgili açıklamaları tekrar ediniz. 
","7. Tema: Sanat KONUŞMA 1. Unutulmaya yüz tutmuş geleneksel Türk el sanatları hakkında bir konuşma hazırlayarak çevrenizdeki kişilerle paylaşınız. 2. Hazırladığınız konuşmayı aşağıya yazınız. ................................................................................................................................... ................................................................................................................................... ................................................................................................................................... ................................................................................................................................... ................................................................................................................................... ................................................................................................................................... ................................................................................................................................... ................................................................................................................................... 3. Hazırladığınız konuşmayı aşağıdaki “Değerlendirme Formu”na göre değerlen­ diriniz. Bu konuşma çalışması kapsamında aşağıda listelenen davranışlardan kazandı­ ğınız beceriler için Evet, kazanamadığınız beceriler için Hayır kutucuğuna (X) işareti koyarak kendinizi değerlendiriniz. Değerlendirme Ölçütleri Evet Hayır Konuşmama uygun bir hitapla başlayarak konuşmanın konu­ sunu belirttim. Konuşma stratejilerini uyguladım. Konuşmamda beden dilini etkili bir şekilde kullandım. Sözcükleri anlamlarına uygun kullandım. Konuşmamda yabancı dillerden alınmış, dilimize henüz yerleşmemiş sözcüklerin Türkçelerini kullandım. Konuşmamda uygun geçiş ve bağlantı ifadelerini kullandım. Değerlendirme sonunda Hayır şeklindeki cevaplarınızı bir daha gözden geçiriniz ve ilgili açıklamaları tekrar ediniz.",,,,
page_206,206,"206
Türkçe 8. Sınıf
1.
Kardeşlerinin tartışmasından usanmış, ar­
tık bıçak kemiğe dayanmıştı.
Bu cümlede geçen deyimin yakın an­
lamlısı aşağıdakilerin hangisinde vardır?
A) Bir kere anlatmaya başladı mı konuş­
masının ardı arkası kesilmezdi.
B) Bu köyde yıllarca zor koşullarda çalış­
mak canına tak etmişti.
C) Birden karşımıza çıkan köpekten çok
korktum, yüreğim ağzıma geldi.
D) Ödevini yapmaktan her zaman kaçı­
yor, bin dereden su getiriyordu.
2.
Artık demir almak günü gelmişse zaman­
dan,
Meçhule giden bir gemi kalkar bu liman­
dan.
Hiç yolcusu yokmuş gibi sessizce alır yol;
Sallanmaz o kalkışta ne mendil ne de bir
kol.
Bu şiirin teması aşağıdakilerden hangisi
olabilir?
A) Sanat
B) Dostluk
C) Ölüm
D) Yalnızlık
3.
“Beni neden çağırdığınızı ---- açıklarsanız
sizinle konuşabilirim."" cümlesinde boş
bırakılan yere aşağıdakilerden hangisi
getirilebilir?
A) ama
B) hemen
C) lakin
D) çünkü
4.
Keriman, sokağın başındaki kediyi gördü,
acıdı.
Bu cümledeki anlatım bozukluğunun
nedeni aşağıdakilerden hangisidir?
A) Özne eksikliği
B) Özne-yüklem uyumsuzluğu
C) Dolaylı tümleç eksikliği
D) Nesne-yüklem uyumsuzluğu
7. TEMA
ÖLÇME VE DEĞERLENDİRME SORULARI
HAYAT BOYU ÖĞRENME
","Türkçe 8. Sınıf 1. Kardeşlerinin tartışmasından usanmış, ar­ tık bıçak kemiğe dayanmıştı. Bu cümlede geçen deyimin yakın an­ lamlısı aşağıdakilerin hangisinde vardır? A) Bir kere anlatmaya başladı mı konuş­ masının ardı arkası kesilmezdi. B) Bu köyde yıllarca zor koşullarda çalış­ mak canına tak etmişti. C) Birden karşımıza çıkan köpekten çok korktum, yüreğim ağzıma geldi. D) Ödevini yapmaktan her zaman kaçı­ yor, bin dereden su getiriyordu. 2. Artık demir almak günü gelmişse zaman­ dan, Meçhule giden bir gemi kalkar bu liman­ dan. Hiç yolcusu yokmuş gibi sessizce alır yol; Sallanmaz o kalkışta ne mendil ne de bir kol. Bu şiirin teması aşağıdakilerden hangisi olabilir? A) Sanat B) Dostluk C) Ölüm D) Yalnızlık 3. “Beni neden çağırdığınızı ---- açıklarsanız sizinle konuşabilirim."" cümlesinde boş bırakılan yere aşağıdakilerden hangisi getirilebilir? A) ama B) hemen C) lakin D) çünkü 4. Keriman, sokağın başındaki kediyi gördü, acıdı. Bu cümledeki anlatım bozukluğunun nedeni aşağıdakilerden hangisidir? A) Özne eksikliği B) Özne-yüklem uyumsuzluğu C) Dolaylı tümleç eksikliği D) Nesne-yüklem uyumsuzluğu 7. TEMA ÖLÇME VE DEĞERLENDİRME SORULARI HAYAT BOYU ÖĞRENME",,,,
page_207,207,"207
7. Tema: Sanat
5.
Soluk soluğaydı. Kulağını demir kapıya ya­
naştırdı, dinledi. Hiçbir kıpırtı yoktu dışarı­
da. Ter içinde kalmıştı. Nicedir avuçlarında
sıktığı yuvarlanmış kâğıt parçacığının terden
ıslanıp yumuşadığını bildi. Yavaşça doğru­
lup demir kapının ortasındaki dört köşe de­
liğe uzandı, baktı: Kimseler yoktu dışarıda.
Görebildiği, ilerdeki taş merdivenin başla­
dığı yerdeki alacakaranlıktı. Taş basamaklar,
her zamanki gibi aşağılara, bilinmez koyu­
luklara iniyor olmalıydı. Kapının deliğinden
çekildi.
Bu metin parçasıyla ilgili olarak aşağıda­
kilerden hangisi söylenemez?
A) Yaşanmış ya da yaşanabilecek bir olay
anlatılmıştır.
B) Bir olay öyküleyici anlatım ile aktarıl­
mıştır.
C) Olayların geçtiği çevre ve zaman belir­
sizdir.
D) Okuyucu olay içinde yaşatmak amaç­
lanmıştır.
6.
(I) Ben Ankara’da doğdum. (II) Yirmi yıldan
beri görmediğim bu şehirde hiç şimdi tanı­
dık yok. (II) Birçok yeri değişmiş. (IV) Yal­
nız evimizin bulunduğu mahalle hâlâ aynı.
Numaralanmış 
cümlelerden 
hangileri
isim cümlesidir?
A) I  ve III
B) II ve III
C) II ve IV
D) III ve IV
7.
Masadakilere düşünmeden baktım.
I
Herkes birbiriyle durmadan
II
konuşuyordu. Neşeli kahkahalar atarak 
III
ortalığı 
çınlatıyordu. 
Çevremdekilerden 
uzaklaşınca kendime geldim. 
    IV
Bu parçada altı çizili fiilimsilerden han­
gisi kullanıldığı cümleye zaman anlamı 
katmıştır?
A) I
B) II
C) III
D) IV
8.
Aşağıdaki cümlelerin hangisinde neden-so­
nuç ilişkisi vardır?
A) Ekmeğimi kazanmak için tatillerde bile
çalışıyorum.
B) Gelecek hafta sınava gireceğim için çok
soru çözdüm.
C) Annesine hediye almak için çarşıya gitti.
D) Kitabı bitirmediği için arkadaşına vere­
medi.
HAYAT BOYU ÖĞRENME
","7. Tema: Sanat 5. Soluk soluğaydı. Kulağını demir kapıya ya­ naştırdı, dinledi. Hiçbir kıpırtı yoktu dışarı­ da. Ter içinde kalmıştı. Nicedir avuçlarında sıktığı yuvarlanmış kâğıt parçacığının terden ıslanıp yumuşadığını bildi. Yavaşça doğru­ lup demir kapının ortasındaki dört köşe de­ liğe uzandı, baktı: Kimseler yoktu dışarıda. Görebildiği, ilerdeki taş merdivenin başla­ dığı yerdeki alacakaranlıktı. Taş basamaklar, her zamanki gibi aşağılara, bilinmez koyu­ luklara iniyor olmalıydı. Kapının deliğinden çekildi. Bu metin parçasıyla ilgili olarak aşağıda­ kilerden hangisi söylenemez? A) Yaşanmış ya da yaşanabilecek bir olay anlatılmıştır. B) Bir olay öyküleyici anlatım ile aktarıl­ mıştır. C) Olayların geçtiği çevre ve zaman belir­ sizdir. D) Okuyucu olay içinde yaşatmak amaç­ lanmıştır. 6. (I) Ben Ankara’da doğdum. (II) Yirmi yıldan beri görmediğim bu şehirde hiç şimdi tanı­ dık yok. (II) Birçok yeri değişmiş. (IV) Yal­ nız evimizin bulunduğu mahalle hâlâ aynı. Numaralanmış cümlelerden hangileri isim cümlesidir? A) I ve III B) II ve III C) II ve IV D) III ve IV 7. Masadakilere düşünmeden baktım. I Herkes birbiriyle durmadan II konuşuyordu. Neşeli kahkahalar atarak III ortalığı çınlatıyordu. Çevremdekilerden uzaklaşınca kendime geldim. IV Bu parçada altı çizili fiilimsilerden han­ gisi kullanıldığı cümleye zaman anlamı katmıştır? A) I B) II C) III D) IV 8. Aşağıdaki cümlelerin hangisinde neden-so­ nuç ilişkisi vardır? A) Ekmeğimi kazanmak için tatillerde bile çalışıyorum. B) Gelecek hafta sınava gireceğim için çok soru çözdüm. C) Annesine hediye almak için çarşıya gitti. D) Kitabı bitirmediği için arkadaşına vere­ medi. HAYAT BOYU ÖĞRENME",,,,
page_208,208,"208
Türkçe 8. Sınıf
9.
(I) İstanbul’da lodos ne erkenden, sabahın
erken saatlerinden anlaşılıverir. (II) Saçak­
larda kopmak üzere bir çinko parçasının ya
da çivisi çıkmış bir tahtanın boyuna öteye
beriye çarptığını duydum. (III) Uykumun
arasında lokomotif düdükleri öttü durdu.
(IV) Uykuyla uyanıklık arasında, sabahın
beşinde, belki de daha dördünde, yeniden
tren sesi duydum.
Numaralanmış cümlelerin hangisinin 
yüklemi nesne alabilen bir fiil değildir? 
A) I
B) II
C) III
D) IV
10. Kişiden kişiye değişen, kanıtlanamayan,
 
söyleyen kişinin duygu ve düşüncelerini
 
içeren yargılara öznel yargı denir.
Buna göre aşağıdakilerin  hangisinde
öznel yargıya yer verildiği söylenebilir?
A) İlk eserlerinde olaylara, sonrakilerde 
psikolojik tahlillere ağırlık vermiştir.
B) Kurtuluş Savaşı’nda yaşanan olaylar
 
etkileyici bir anlatımla işlenmiştir.
C) Birinci Dünya Savaşı’nın etkileri bir-
çok eserin konusunu oluşturmuştur.
D) Romanda, bir çocuğun hastalığı nede-
niyle yaşadıkları anlatılmıştır.
11. Tatlı dilli, güler yüzlü insanlar samimi ki-
şilerdir, buzdan duvarları yoktur.
Bu cümlede altı çizili ifade ile anlatıl-
mak istenen aşağıdakilerden hangisidir?
A) Soğukluk yaratan tavırlar
B) Gönül kırıcı tutumlar
C) Özden söylenen sözler
D) Yapmacık davranışlar
12. Herhangi bir olay; yer, zaman ve kişi un­
surları ile birlikte anlatılabilir. Buna öy­
küleyici anlatım denir. Bu tür anlatımda,
yaşanmış ya da yaşanması mümkün olay­
lar anlatılır. Öykülemede olaylar, belli bir
zamana ve sıralamaya göre aktarılır.
Bu metne göre aşağıdakilerin hangisin­
de öyküleyici anlatım kullanılmış olabi­
lir?
A) Tatlı dil, sevimli görünmeyen hatta
soğuk görünen yüzleri bile ısıtır, cana
yakın kılar. Tatlı dile bütün kapıların
açılması bundandır.
B) Geçenlerde bir gün eve dönüyordum.
Sıkça uğrayıp şeker aldığım dükkâna
girdim. Tezgâhın önünde bir müşteri
daha duruyordu.
C) Türkiye, coğrafi konumu itibariyle
Asya ve Avrupa kıtalarını birbirine
bağlayan bir noktada yer almaktadır.
Bu nedenle dünyanın dikkatini üzeri­
ne çekmektedir.
D) Atatürk,  bilime her zaman çok önem
vermiştir. “Hayatta en hakiki mürşit
ilimdir.” diyen bu büyük adam, yol
gösterici olarak ilimden başka bir şeyi
tanımaz.
HAYAT BOYU ÖĞRENME
","Türkçe 8. Sınıf 9. (I) İstanbul’da lodos ne erkenden, sabahın erken saatlerinden anlaşılıverir. (II) Saçak­ larda kopmak üzere bir çinko parçasının ya da çivisi çıkmış bir tahtanın boyuna öteye beriye çarptığını duydum. (III) Uykumun arasında lokomotif düdükleri öttü durdu. (IV) Uykuyla uyanıklık arasında, sabahın beşinde, belki de daha dördünde, yeniden tren sesi duydum. Numaralanmış cümlelerin hangisinin yüklemi nesne alabilen bir fiil değildir? A) I B) II C) III D) IV 10. Kişiden kişiye değişen, kanıtlanamayan, söyleyen kişinin duygu ve düşüncelerini içeren yargılara öznel yargı denir. Buna göre aşağıdakilerin hangisinde öznel yargıya yer verildiği söylenebilir? A) İlk eserlerinde olaylara, sonrakilerde psikolojik tahlillere ağırlık vermiştir. B) Kurtuluş Savaşı’nda yaşanan olaylar etkileyici bir anlatımla işlenmiştir. C) Birinci Dünya Savaşı’nın etkileri bir- çok eserin konusunu oluşturmuştur. D) Romanda, bir çocuğun hastalığı nede- niyle yaşadıkları anlatılmıştır. 11. Tatlı dilli, güler yüzlü insanlar samimi ki- şilerdir, buzdan duvarları yoktur. Bu cümlede altı çizili ifade ile anlatıl- mak istenen aşağıdakilerden hangisidir? A) Soğukluk yaratan tavırlar B) Gönül kırıcı tutumlar C) Özden söylenen sözler D) Yapmacık davranışlar 12. Herhangi bir olay; yer, zaman ve kişi un­ surları ile birlikte anlatılabilir. Buna öy­ küleyici anlatım denir. Bu tür anlatımda, yaşanmış ya da yaşanması mümkün olay­ lar anlatılır. Öykülemede olaylar, belli bir zamana ve sıralamaya göre aktarılır. Bu metne göre aşağıdakilerin hangisin­ de öyküleyici anlatım kullanılmış olabi­ lir? A) Tatlı dil, sevimli görünmeyen hatta soğuk görünen yüzleri bile ısıtır, cana yakın kılar. Tatlı dile bütün kapıların açılması bundandır. B) Geçenlerde bir gün eve dönüyordum. Sıkça uğrayıp şeker aldığım dükkâna girdim. Tezgâhın önünde bir müşteri daha duruyordu. C) Türkiye, coğrafi konumu itibariyle Asya ve Avrupa kıtalarını birbirine bağlayan bir noktada yer almaktadır. Bu nedenle dünyanın dikkatini üzeri­ ne çekmektedir. D) Atatürk, bilime her zaman çok önem vermiştir. “Hayatta en hakiki mürşit ilimdir.” diyen bu büyük adam, yol gösterici olarak ilimden başka bir şeyi tanımaz. HAYAT BOYU ÖĞRENME",,,,
page_209,209,"209
7. Tema: Sanat
13. Aşağıda bir küçük ev aletinin kullanım kıla­
vuzu verilmiştir.
•
Motor gövdesini su altına tutmayınız
veya suya batırmayınız.
•
Her türlü tamirat ve değiştirme işlemi
mutlaka yetkili teknik servis personeli
tarafından yapılmalıdır.
•
Kullanmadan önce, şebeke cereyan geri­
liminin, cihazın altında yazılı olan vol­
taj ile uygunluğunu kontrol ediniz.
•
Bu cihaz normal ev kullanım şartlarına
uygun olarak imal edilmiştir.
•
Aletinizi ölçü kabı ve doğrama kabı(c)
hariç bulaşık makinesinde yıkamayınız.
Dört farklı kişi, bozulan küçük ev aletleri­
nin garanti kapsamında tamir edilmesini is­
temektedir. Aldıkları firmaya bu amaçla bir 
dilekçe yazmışlardır.
Buna göre dilekçe yazılan firmanın aşağı­
daki taleplerden hangisine olumlu cevap 
vermesi beklenebilir?
A) Firmanızdan 6 ay önce aldığım ev ale­
tinin kablosu yandı. Ürünün aynısı ile
değiştirilmesini istiyorum.
B) Kampanya ile aldım ev aletini yıkarken
motor gövdesi su aldı. Artık çalışmayan
ürünümün firmanızca ücretsiz tamir
edilmesini istiyorum.
C) Geçen yıl firmanızdan aldığım ev aletimi
iş yerimde kullanırken bozuldu. Ken­
dim de tamir etmeye çalıştım ama yine
de çalıştıramadım. Garantisi devam
ürünümün tamir edilmesini istiyorum.
D) Firmanızdan aldığım ev aletinin üzerin­
de oluşan lekeleri çıkarmak için bütün
parçaları ile birlikte bulaşık makinesin­
de yıkadım. Lekeler çıktı ama bir daha
çalışmadı. Ürünün tamir edilmesini is­
tiyorum.
HAYAT BOYU ÖĞRENME
","7. Tema: Sanat 13. Aşağıda bir küçük ev aletinin kullanım kıla­ vuzu verilmiştir. • Motor gövdesini su altına tutmayınız veya suya batırmayınız. • Her türlü tamirat ve değiştirme işlemi mutlaka yetkili teknik servis personeli tarafından yapılmalıdır. • Kullanmadan önce, şebeke cereyan geri­ liminin, cihazın altında yazılı olan vol­ taj ile uygunluğunu kontrol ediniz. • Bu cihaz normal ev kullanım şartlarına uygun olarak imal edilmiştir. • Aletinizi ölçü kabı ve doğrama kabı(c) hariç bulaşık makinesinde yıkamayınız. Dört farklı kişi, bozulan küçük ev aletleri­ nin garanti kapsamında tamir edilmesini is­ temektedir. Aldıkları firmaya bu amaçla bir dilekçe yazmışlardır. Buna göre dilekçe yazılan firmanın aşağı­ daki taleplerden hangisine olumlu cevap vermesi beklenebilir? A) Firmanızdan 6 ay önce aldığım ev ale­ tinin kablosu yandı. Ürünün aynısı ile değiştirilmesini istiyorum. B) Kampanya ile aldım ev aletini yıkarken motor gövdesi su aldı. Artık çalışmayan ürünümün firmanızca ücretsiz tamir edilmesini istiyorum. C) Geçen yıl firmanızdan aldığım ev aletimi iş yerimde kullanırken bozuldu. Ken­ dim de tamir etmeye çalıştım ama yine de çalıştıramadım. Garantisi devam ürünümün tamir edilmesini istiyorum. D) Firmanızdan aldığım ev aletinin üzerin­ de oluşan lekeleri çıkarmak için bütün parçaları ile birlikte bulaşık makinesin­ de yıkadım. Lekeler çıktı ama bir daha çalışmadı. Ürünün tamir edilmesini is­ tiyorum. HAYAT BOYU ÖĞRENME",,,,
page_210,210,"8. TEMA
zaman ve MEKÂN
",8. TEMA zaman ve MEKÂN,,,,
page_211,211,"ANAHTAR KAVRAMLAR
Zaman ve 
Sokak	
Çalıkuşu
	
İlkbahar	
Şehir
Bir Oda, Bir Saat Sesi
Bu Güzel İşi Kim Düşündü? 
Çalıkuşu Yuvası 
Başkent Ankara 
(Dinleme / İzleme Metni)
Mahalle ve
Tarihî
Çocukluk
Müze
","ANAHTAR KAVRAMLAR Zaman ve Sokak Çalıkuşu İlkbahar Şehir Bir Oda, Bir Saat Sesi Bu Güzel İşi Kim Düşündü? Çalıkuşu Yuvası Başkent Ankara (Dinleme / İzleme Metni) Mahalle ve Tarihî Çocukluk Müze",,,,
page_212,212,"212
Türkçe 8. Sınıf
Hazırlık 
1. “Bir mekânda yaşamak, orada izler bırakmak demektir.” Walter Benja-
min (Voltır Benjamin) bu söz ile ne anlatılmak istenmiş olabilir?
2. Evinizin en çok hangi bölümünde vakit geçirirsiniz? Niçin?
3. Sizce zaman insanı değiştirir mi? Böyle düşünmenizin gerekçesi nedir?
Aşağıdaki şiiri vurgu ve tonlamalara dikkat ederek okuyunuz.
BİR ODA, BİR SAAT SESİ	
Bir oda, içinde bir saat sesi.
Hayatın sırtımdan giden pençesi,
Ve beni maziye götüren bir el, 
Eski günlerimiz, sessiz ve güzel. . .
Bulduğum kayıplar, her günkü yerin,
İşte konsol, ayna, köşe minderin,
Seccaden, tesbihin, namaz başörtün.
Bir şey değişmemiş, sanki daha dün.
Yine ortancalar altı camının,
Dışarda sükûnu yaz akşamının,
Bahçemiz sulanmış, ıslak her çiçek.
- Kapı çalınacak, babam gelecek…
Ziya Osman SABA, Bütün Şiirleri
1. ÇALIŞMA
“Mazi, sükûn” sözcüklerinin sizde uyandırdığı anlamlar ile bu sözcüklerin söz­
lük anlamlarını karşılaştırınız.  
OKUMA
","Türkçe 8. Sınıf Hazırlık 1. “Bir mekânda yaşamak, orada izler bırakmak demektir.” Walter Benja- min (Voltır Benjamin) bu söz ile ne anlatılmak istenmiş olabilir? 2. Evinizin en çok hangi bölümünde vakit geçirirsiniz? Niçin? 3. Sizce zaman insanı değiştirir mi? Böyle düşünmenizin gerekçesi nedir? Aşağıdaki şiiri vurgu ve tonlamalara dikkat ederek okuyunuz. BİR ODA, BİR SAAT SESİ Bir oda, içinde bir saat sesi. Hayatın sırtımdan giden pençesi, Ve beni maziye götüren bir el, Eski günlerimiz, sessiz ve güzel. . . Bulduğum kayıplar, her günkü yerin, İşte konsol, ayna, köşe minderin, Seccaden, tesbihin, namaz başörtün. Bir şey değişmemiş, sanki daha dün. Yine ortancalar altı camının, Dışarda sükûnu yaz akşamının, Bahçemiz sulanmış, ıslak her çiçek. - Kapı çalınacak, babam gelecek… Ziya Osman SABA, Bütün Şiirleri 1. ÇALIŞMA “Mazi, sükûn” sözcüklerinin sizde uyandırdığı anlamlar ile bu sözcüklerin söz­ lük anlamlarını karşılaştırınız. OKUMA",,,,
page_213,213,"213
8. Tema: Zaman ve Mekân
2. ÇALIŞMA
Aşağıdaki soruları şiire göre cevaplayınız.
1.
Şair odaya girince neler hissediyor ve hatırlıyor?
2.
Odayla ilgili hangi ayrıntılar dile getirilmiştir?
3.
Saat sesi, şair için nasıl bir anlam taşımaktadır?
4.
Odadaki eşyalar kime ait olabilir? Şairin bu kişi ile nasıl bir bağı vardır?
5.
Şairin hayatında zamanla neler değişmiştir?
6.
Okuduğunuz şiirin ana duygusu nedir?
7.
Şair, mekânda kendi yaşamından hangi izleri görmektedir?
8.
İnsan-mekân-zaman ilişkisiyle ilgili düşünceleriniz nelerdir? Yaşadığınız şehri,
evi; çalıştığınız iş yerini vb. sizin için değerli kılan unsurlar nelerdir?
3. ÇALIŞMA
Okuduğunuz şiirde geçen “zaman” ile ilgili kavramları aşağıda verilen tabloya
yazarak bunları cümle içinde kullanınız.
..........................
..........................
ZAMAN
..........................
..........................
4. ÇALIŞMA
Okuduğunuz şiire farklı başlıklar bulunuz.
BENİM 
BAŞLIKLARIM
....................................................
....................................................
....................................................
","8. Tema: Zaman ve Mekân 2. ÇALIŞMA Aşağıdaki soruları şiire göre cevaplayınız. 1. Şair odaya girince neler hissediyor ve hatırlıyor? 2. Odayla ilgili hangi ayrıntılar dile getirilmiştir? 3. Saat sesi, şair için nasıl bir anlam taşımaktadır? 4. Odadaki eşyalar kime ait olabilir? Şairin bu kişi ile nasıl bir bağı vardır? 5. Şairin hayatında zamanla neler değişmiştir? 6. Okuduğunuz şiirin ana duygusu nedir? 7. Şair, mekânda kendi yaşamından hangi izleri görmektedir? 8. İnsan-mekân-zaman ilişkisiyle ilgili düşünceleriniz nelerdir? Yaşadığınız şehri, evi; çalıştığınız iş yerini vb. sizin için değerli kılan unsurlar nelerdir? 3. ÇALIŞMA Okuduğunuz şiirde geçen “zaman” ile ilgili kavramları aşağıda verilen tabloya yazarak bunları cümle içinde kullanınız. .......................... .......................... ZAMAN .......................... .......................... 4. ÇALIŞMA Okuduğunuz şiire farklı başlıklar bulunuz. BENİM BAŞLIKLARIM .................................................... .................................................... ....................................................",,,,
page_214,214,"214
Türkçe 8. Sınıf
5. ÇALIŞMA
Bir oda, içinde bir saat sesi.
I
Hayatın sırtımdan giden pençesi,
II
Ve beni maziye götüren bir el,
III
Eski günlerimiz, sessiz ve güzel...
 IV
Bu dizelerde altı çizili sözcüklerden hangileri sıfat-fiil görevinde kullanılmıştır?
A) I ve II
B) II ve III
C) III ve IV
D) II ve IV
6. ÇALIŞMA
Aşağıdaki cümlelerdeki ifadeleri doğru/yanlış olarak değerlendiriniz.
Cümleler
D
Y
“Etimesgut, Ankara’nın en yeşil semtidir.” cümlesinde 
karşılaştırma yapılmıştır.
“Dükkânlar dere yatağına yapıldığından sel oldu.” 
cümlesinde 
yargının 
hangi 
amaçla 
yapıldığı 
belirtilmiştir.
“Yorulduğu için erken yattı.” cümlesinde “Yorulduğu 
için” neden, “erken yattı” ise sonuç bildirir.
""Yaylaya çıkan yol yılan gibi kıvrılıyord
    u.” cümle-
sinde abartma anlamı vardır.
“Eski günlerimiz, sessiz ve güzel.” cümlesinde öznel 
anlatım vardır.
“Kurtuluş Savaşı’nı anlatan romanlarımız var: Yaban, 
Ateşten Gömlek...” cümlesinde örnekleme yapılmıştır.
Ailesinin değerini bilirsen mutlu olursun.
”    cümle-
sinde yargının gerçekleşmesi bir koşula bağlanmıştır.
“Ankara, Türkiye’nin başkentidir.” cümlesinde nesnel-
lik  söz konusudur.
","Türkçe 8. Sınıf 5. ÇALIŞMA Bir oda, içinde bir saat sesi. I Hayatın sırtımdan giden pençesi, II Ve beni maziye götüren bir el, III Eski günlerimiz, sessiz ve güzel... IV Bu dizelerde altı çizili sözcüklerden hangileri sıfat-fiil görevinde kullanılmıştır? A) I ve II B) II ve III C) III ve IV D) II ve IV 6. ÇALIŞMA Aşağıdaki cümlelerdeki ifadeleri doğru/yanlış olarak değerlendiriniz. Cümleler D Y “Etimesgut, Ankara’nın en yeşil semtidir.” cümlesinde karşılaştırma yapılmıştır. “Dükkânlar dere yatağına yapıldığından sel oldu.” cümlesinde yargının hangi amaçla yapıldığı belirtilmiştir. “Yorulduğu için erken yattı.” cümlesinde “Yorulduğu için” neden, “erken yattı” ise sonuç bildirir. ""Yaylaya çıkan yol yılan gibi kıvrılıyord u.” cümle- sinde abartma anlamı vardır. “Eski günlerimiz, sessiz ve güzel.” cümlesinde öznel anlatım vardır. “Kurtuluş Savaşı’nı anlatan romanlarımız var: Yaban, Ateşten Gömlek...” cümlesinde örnekleme yapılmıştır. Ailesinin değerini bilirsen mutlu olursun. ” cümle- sinde yargının gerçekleşmesi bir koşula bağlanmıştır. “Ankara, Türkiye’nin başkentidir.” cümlesinde nesnel- lik söz konusudur.",,,,
page_215,215,"215
8. Tema: Zaman ve Mekân
7. ÇALIŞMA
Aşağıdaki cümlelerde yer alan anlatım bozukluklarının nedenini yazınız.
•
Mahallemizin sorunlarıyla ilgilenip çözmeliyiz.
......................................................................................................................
•
Kitap alırken ben onu,  o da beni etkiler.
......................................................................................................................
•
Hiç kimse sıraya girmedi, otobüse koştu.
......................................................................................................................
•
Plastik poşetler çevreyi kirletirler.
......................................................................................................................
•
Birinci sınıflar okumasını birkaç ayda öğrendi.
......................................................................................................................
•
Bazı insanlar doğruluktan korkarlar, kızarlar.
......................................................................................................................
•
Kardeşim parka, ben sinemaya gittim.
......................................................................................................................
•
Yönetici ve apartman görevlisi su kaçağını buldu.
......................................................................................................................
","8. Tema: Zaman ve Mekân 7. ÇALIŞMA Aşağıdaki cümlelerde yer alan anlatım bozukluklarının nedenini yazınız. • Mahallemizin sorunlarıyla ilgilenip çözmeliyiz. ...................................................................................................................... • Kitap alırken ben onu, o da beni etkiler. ...................................................................................................................... • Hiç kimse sıraya girmedi, otobüse koştu. ...................................................................................................................... • Plastik poşetler çevreyi kirletirler. ...................................................................................................................... • Birinci sınıflar okumasını birkaç ayda öğrendi. ...................................................................................................................... • Bazı insanlar doğruluktan korkarlar, kızarlar. ...................................................................................................................... • Kardeşim parka, ben sinemaya gittim. ...................................................................................................................... • Yönetici ve apartman görevlisi su kaçağını buldu. ......................................................................................................................",,,,
page_216,216,"216
Türkçe 8. Sınıf
Hazırlık 
1. Yaşadığınız çevreyi güzelleştirmek için neler yaparsınız?
2. Nasıl bir mahalle ve evde yaşamak istersiniz?
3. Kentlerin doğal yaşamdan uzak oluşu insanları nasıl etkiler?
Aşağıdaki metni noktalama işaretlerine dikkat ederek okuyunuz.
BU GÜZEL İŞİ KİM DÜŞÜNDÜ?
Mimar Cengiz Bey yazarla birlikte bürosuna ilk girişte sağ yana düşen odaya girdi. 
Uzunca bir masa vardı ortada. Sandalyeler diziliydi uzun masanın çevresinde. Üryani­
zade Sokağı'nı gören geniş bir penceresi bulunuyordu odanın. Orasını toplantı odası 
olarak kullanıyordu Mimar Bey.
Birer sandalye çekip karşılıklı oturdular.(..)
""Bu odanın bizim toplantı odamız olduğunu biliyorsun Mehmetçiğim. Ben bura­
yı, burada oturmayı çok severim. Çünkü sokağa bakar. Hem doğaya, hem insanlara 
yakındır. On gün kadar önceydi. Yorgun bir günümdeydim. Kalktım. Buraya attım 
kendimi...
Pencereyi açtım. Odaya bahar havası doldu birden. Şu bizim eğik ağaç var ya...
İşte o ağaca serçeler konmuştu. Yapraklar arasında birbirlerine bir şeyler anlatma­
ya çalışıyorlardı. Kendi aralarında anlaşmazlığa düşmüş gibiydiler biraz da. Yüksek 
sesle tartışıyordu serçeler.""
""Anlıyorum."" dedi yazar.
","Türkçe 8. Sınıf Hazırlık 1. Yaşadığınız çevreyi güzelleştirmek için neler yaparsınız? 2. Nasıl bir mahalle ve evde yaşamak istersiniz? 3. Kentlerin doğal yaşamdan uzak oluşu insanları nasıl etkiler? Aşağıdaki metni noktalama işaretlerine dikkat ederek okuyunuz. BU GÜZEL İŞİ KİM DÜŞÜNDÜ? Mimar Cengiz Bey yazarla birlikte bürosuna ilk girişte sağ yana düşen odaya girdi. Uzunca bir masa vardı ortada. Sandalyeler diziliydi uzun masanın çevresinde. Üryani­ zade Sokağı'nı gören geniş bir penceresi bulunuyordu odanın. Orasını toplantı odası olarak kullanıyordu Mimar Bey. Birer sandalye çekip karşılıklı oturdular.(..) ""Bu odanın bizim toplantı odamız olduğunu biliyorsun Mehmetçiğim. Ben bura­ yı, burada oturmayı çok severim. Çünkü sokağa bakar. Hem doğaya, hem insanlara yakındır. On gün kadar önceydi. Yorgun bir günümdeydim. Kalktım. Buraya attım kendimi... Pencereyi açtım. Odaya bahar havası doldu birden. Şu bizim eğik ağaç var ya... İşte o ağaca serçeler konmuştu. Yapraklar arasında birbirlerine bir şeyler anlatma­ ya çalışıyorlardı. Kendi aralarında anlaşmazlığa düşmüş gibiydiler biraz da. Yüksek sesle tartışıyordu serçeler."" ""Anlıyorum."" dedi yazar.",,,,
page_217,217,"217
8. Tema: Zaman ve Mekân
""Temiz hava... Kendi dillerince tartışmaya girişmiş minik kuşlar..."" Bunlar bende 
başka düşünceler çağrıştırdı. Düşüncelerim şöyleydi:
""Birazcık da olsa doğaya yakın olmak ne güzel! Yorgunluğu, sıkıntıyı unutturu-
yor insana doğa. Keşke iş yerim kentte olmasa da uzayıp giden yeşil araziler içinde 
olsa. Çevremde kavak ağaçları görsem. Uzun, nazlı görünümlü, rüzgârda hafif salla-
nan kavak ağaçları...Kulaklarıma kent sesi, makine sesi geleceğine kavak ağaçlarının 
rüzgârda titreşen yapraklarının sesleri gelse... Yaprak seslerine kuş sesleri de karışsa... 
Sabahları horoz sesleriyle uyansam...
Horoz ötüşleri ne güzeldir, değil mi? O sesle uyanmak çok hoşuma giderdi çocuk-
luğumda. İnsan bir horozdan uyanma uyarısı almışsa güne daha dinç, daha güvenle 
başlamaz mı?..""
Cengiz Bey bir kahkaha attı. Kahkaha atmak, kırçıl sakalının kıllarını birbirine 
karıştırmıştı sanki! Elini aceleci olarak yuvarlak yüzünü çevreleyen top sakalında gez-
dirdi. Sonra da dedi ki:
""Benim böylesi düşünceler üretmem, aç tavuğun düşünde kendini mısır amba-
rında görmesiyle eş değer! İşim kent insanlarıyla, iş yerim kentte. İşsiz de yaşanmaz. 
Nasıl olur da yemyeşil araziler içinde, kavak ağaçlarının yaprak hışırtılarını dinleyebi-
leceğim bir yaşam düzeni kurabilirim ki? Ah keşke kurabilsem ama olanaksız...
Böylesi düşleyişlerim, düşüncelerim daha da uzar. Ama tam karşımızdaki evin 
bahçe duvarı engel oldu bana. Çünkü o duvar her gün, her bakışta canımı sıkar du-
rurdu. Briketle yapılmış duvarda bir yığın delik açılmıştı. Deliksiz yerler de çizilmiş, 
kirletilmiş, kötü kullanılmıştı...""
""O duvarın durumunu ben de biliyorum. Size gelip giderken hep görüyordum 
zavallının bakımsızlığını..."" dedi arkadaşı.
""Karşımızdaki duvar çirkindi ve diğerleri güzel miydi sanki? Duvarların çirkinliği, 
bakımsızlığıdır. Bu sokak içindeki diğer duvarlar da bakımsızlığın çirkinliğini yaşı-
yorlardı...
Ne yazık, bizde sokaklara, sokak duvarlarına saygı arama! Saygılı olsak sokakla-
rımızı temiz tutar, duvarları yazıp çizmeyiz. Saygılı olsak duvarları kendi aklımızca 
çizdiğimiz karikatürlerle, çirkin sözlerle doldurmayız...""
""Haklısın!"" dedi yazar.
""Haklıyım ya neye yarar böyle bir haklılık? Keşke böylesine haklılıklarım olma-
saydı...""
","8. Tema: Zaman ve Mekân ""Temiz hava... Kendi dillerince tartışmaya girişmiş minik kuşlar..."" Bunlar bende başka düşünceler çağrıştırdı. Düşüncelerim şöyleydi: ""Birazcık da olsa doğaya yakın olmak ne güzel! Yorgunluğu, sıkıntıyı unutturu- yor insana doğa. Keşke iş yerim kentte olmasa da uzayıp giden yeşil araziler içinde olsa. Çevremde kavak ağaçları görsem. Uzun, nazlı görünümlü, rüzgârda hafif salla- nan kavak ağaçları...Kulaklarıma kent sesi, makine sesi geleceğine kavak ağaçlarının rüzgârda titreşen yapraklarının sesleri gelse... Yaprak seslerine kuş sesleri de karışsa... Sabahları horoz sesleriyle uyansam... Horoz ötüşleri ne güzeldir, değil mi? O sesle uyanmak çok hoşuma giderdi çocuk- luğumda. İnsan bir horozdan uyanma uyarısı almışsa güne daha dinç, daha güvenle başlamaz mı?.."" Cengiz Bey bir kahkaha attı. Kahkaha atmak, kırçıl sakalının kıllarını birbirine karıştırmıştı sanki! Elini aceleci olarak yuvarlak yüzünü çevreleyen top sakalında gez- dirdi. Sonra da dedi ki: ""Benim böylesi düşünceler üretmem, aç tavuğun düşünde kendini mısır amba- rında görmesiyle eş değer! İşim kent insanlarıyla, iş yerim kentte. İşsiz de yaşanmaz. Nasıl olur da yemyeşil araziler içinde, kavak ağaçlarının yaprak hışırtılarını dinleyebi- leceğim bir yaşam düzeni kurabilirim ki? Ah keşke kurabilsem ama olanaksız... Böylesi düşleyişlerim, düşüncelerim daha da uzar. Ama tam karşımızdaki evin bahçe duvarı engel oldu bana. Çünkü o duvar her gün, her bakışta canımı sıkar du- rurdu. Briketle yapılmış duvarda bir yığın delik açılmıştı. Deliksiz yerler de çizilmiş, kirletilmiş, kötü kullanılmıştı..."" ""O duvarın durumunu ben de biliyorum. Size gelip giderken hep görüyordum zavallının bakımsızlığını..."" dedi arkadaşı. ""Karşımızdaki duvar çirkindi ve diğerleri güzel miydi sanki? Duvarların çirkinliği, bakımsızlığıdır. Bu sokak içindeki diğer duvarlar da bakımsızlığın çirkinliğini yaşı- yorlardı... Ne yazık, bizde sokaklara, sokak duvarlarına saygı arama! Saygılı olsak sokakla- rımızı temiz tutar, duvarları yazıp çizmeyiz. Saygılı olsak duvarları kendi aklımızca çizdiğimiz karikatürlerle, çirkin sözlerle doldurmayız..."" ""Haklısın!"" dedi yazar. ""Haklıyım ya neye yarar böyle bir haklılık? Keşke böylesine haklılıklarım olma- saydı...""",,,,
page_218,218,"218
Türkçe 8. Sınıf
Mimar, bardağından çay yudumladıktan sonra sürdürdü konuşmasını:
""Sokaklar, evlerin evidir. Biz insanlar bakımsız, hor kullanılmış, pis evlerde rahat 
edebilir miyiz? Sıvasız, badanasız bırakılmış, çirkin çizgilerle duvarları kirletilmiş ev-
lerde bunalıma düşmez miyiz?""
""Düşeriz...""
""O sıra Bihrat geldi buraya. Biraz önce sıraladığım soruları ona da sordum. Beni 
doğruladı da dedi ki:
'Duvarları mutsuz eden hor kullanılmalarıdır. Mutlu eden de temiz bakılmaları, 
güzel resimlerle, tablolarla süslenmeleridir.'
Ondan güzel bir yanıt aldığım için sevinmiştim. Karşımızdaki mutsuz duvarı gös­
terdim. 'Bu duvardan başlayarak sokağımızın tüm duvarlarını resimlendirmeye ne 
dersin Bihrat? İlkin onarımdan geçirilmeli duvarlar. Onarım işini ben üstleniyorum!' 
dedim.
Bihrat gülümsedi. Utangaç utangaç yere baktı. Sonra:
“Aman ağabey! Benim bu sokağın duvarlarını resimlemem haftalarımı, belki de 
aylarımı alır! İki ay sonra da sergim var. Galeri sahibiyle sözleşme yaptık. O iş olma­
saydı senin hatırın için yapardım düşündüğünü. Ama sergi işi elimi kolumu bağlamış 
durumda.”' dedi.
Ben:
“Bu iş için iki gün yeter sanırım.” dedim.
Bihrat gülümseyerek baktı bana. Utangaç bir gülümseyişteydi. Yüzünün kırmızı­
","Türkçe 8. Sınıf Mimar, bardağından çay yudumladıktan sonra sürdürdü konuşmasını: ""Sokaklar, evlerin evidir. Biz insanlar bakımsız, hor kullanılmış, pis evlerde rahat edebilir miyiz? Sıvasız, badanasız bırakılmış, çirkin çizgilerle duvarları kirletilmiş ev- lerde bunalıma düşmez miyiz?"" ""Düşeriz..."" ""O sıra Bihrat geldi buraya. Biraz önce sıraladığım soruları ona da sordum. Beni doğruladı da dedi ki: 'Duvarları mutsuz eden hor kullanılmalarıdır. Mutlu eden de temiz bakılmaları, güzel resimlerle, tablolarla süslenmeleridir.' Ondan güzel bir yanıt aldığım için sevinmiştim. Karşımızdaki mutsuz duvarı gös­ terdim. 'Bu duvardan başlayarak sokağımızın tüm duvarlarını resimlendirmeye ne dersin Bihrat? İlkin onarımdan geçirilmeli duvarlar. Onarım işini ben üstleniyorum!' dedim. Bihrat gülümsedi. Utangaç utangaç yere baktı. Sonra: “Aman ağabey! Benim bu sokağın duvarlarını resimlemem haftalarımı, belki de aylarımı alır! İki ay sonra da sergim var. Galeri sahibiyle sözleşme yaptık. O iş olma­ saydı senin hatırın için yapardım düşündüğünü. Ama sergi işi elimi kolumu bağlamış durumda.”' dedi. Ben: “Bu iş için iki gün yeter sanırım.” dedim. Bihrat gülümseyerek baktı bana. Utangaç bir gülümseyişteydi. Yüzünün kırmızı­",,,,
page_219,219,"219
8. Tema: Zaman ve Mekân
lığı çoğalmıştı. Ben onun kırmızılığı çoğalan yüzüne bakarak:
“Sokak iki gün içinde resimlenecek Bihratçığım. Hem de iyi korunacak. Resimler 
yazılmayacak, çizilmeyecek. Duvara sataşmayı seven çocuklara karşı çıkılacak!” diye 
konuştum.
Arkadaşım sordu:
“Peki, bu iş nasıl başarılacak? Bu işin gizi nedir sizce?”
Düşüncemi açıkladım:
'İşin içine çocukları katacağız. Resimlemeyi çocuklar yapacak senin denetiminde. 
Kim yapıtına saldırır ki? Kim yapıtına afişlere yapılanı yapar ki? Çocukları iyi tanırım. 
Onlar hem çok üretken hem de böyle durumda koruyucu, kollayıcı olurlar  dedim.
Şunları da ekledim:
'Bilirsin duvardaki zavallı afişlere yapılanları... Afişteki kadına bıyık, erkeğe sakal, 
boynuz falan takarlar. Daha olmadık ne işler gelir afişlerin başına.
Ama senin denetiminde çocuklara resim yaptırtıp burayı onlara resimletince iş 
değişecektir. Resimler yazılmayacak, çizilmeyecektir. Gözleri gibi koruyacaklardır, 
yağmurdan yaştan bile korumaya yöneleceklerdir. Sen resimlemede rehberlik yapma-
ya var mısın?'
Bihrat, söylediklerimi akılcı bulmuştu. Mavi gözlerinde ışık bollaşmıştı birden. 
Coşkuyla:
“Varım ağabey! İstediğin zaman işe başlayabiliriz!” diye yanıt verdi.
“Böylece onunla toplu çalışma, toplu başarma kararı aldık. Bu iş imeceyle yapılır. 
Çocukları imeceye çağırdık. Sen de beni haklı buluyor, resimlerin iyi korunacağına 
inanıyorsun, değil mi Sönmez?""
Yazar:
""İnanmaz olur muyum hiç? Ne iyi düşünmüş, ne iyi etmişsiniz. Ellerinize sağlık, 
düşüncelerinize gürlük dilerim. Gürlük dileğimi sakallarınız için de belirtirim. Mem-
lekete sakal kıran hastalığı girerse senin kırçıl, Bihrat'ın kırmızı sakalına hastalığın 
uğramamasını taa yürekten isterim...""
Yazarın şakacı konuşması çok hoşuna gitmişti mimarın. Arkadaşının gözlerinin içine 
baka baka kahkaha attı. İki arkadaş kahkaha sesleriyle doldurdular odayı. (...)
Abbas CILGA, Gülümseyen Sokak
","8. Tema: Zaman ve Mekân lığı çoğalmıştı. Ben onun kırmızılığı çoğalan yüzüne bakarak: “Sokak iki gün içinde resimlenecek Bihratçığım. Hem de iyi korunacak. Resimler yazılmayacak, çizilmeyecek. Duvara sataşmayı seven çocuklara karşı çıkılacak!” diye konuştum. Arkadaşım sordu: “Peki, bu iş nasıl başarılacak? Bu işin gizi nedir sizce?” Düşüncemi açıkladım: 'İşin içine çocukları katacağız. Resimlemeyi çocuklar yapacak senin denetiminde. Kim yapıtına saldırır ki? Kim yapıtına afişlere yapılanı yapar ki? Çocukları iyi tanırım. Onlar hem çok üretken hem de böyle durumda koruyucu, kollayıcı olurlar dedim. Şunları da ekledim: 'Bilirsin duvardaki zavallı afişlere yapılanları... Afişteki kadına bıyık, erkeğe sakal, boynuz falan takarlar. Daha olmadık ne işler gelir afişlerin başına. Ama senin denetiminde çocuklara resim yaptırtıp burayı onlara resimletince iş değişecektir. Resimler yazılmayacak, çizilmeyecektir. Gözleri gibi koruyacaklardır, yağmurdan yaştan bile korumaya yöneleceklerdir. Sen resimlemede rehberlik yapma- ya var mısın?' Bihrat, söylediklerimi akılcı bulmuştu. Mavi gözlerinde ışık bollaşmıştı birden. Coşkuyla: “Varım ağabey! İstediğin zaman işe başlayabiliriz!” diye yanıt verdi. “Böylece onunla toplu çalışma, toplu başarma kararı aldık. Bu iş imeceyle yapılır. Çocukları imeceye çağırdık. Sen de beni haklı buluyor, resimlerin iyi korunacağına inanıyorsun, değil mi Sönmez?"" Yazar: ""İnanmaz olur muyum hiç? Ne iyi düşünmüş, ne iyi etmişsiniz. Ellerinize sağlık, düşüncelerinize gürlük dilerim. Gürlük dileğimi sakallarınız için de belirtirim. Mem- lekete sakal kıran hastalığı girerse senin kırçıl, Bihrat'ın kırmızı sakalına hastalığın uğramamasını taa yürekten isterim..."" Yazarın şakacı konuşması çok hoşuna gitmişti mimarın. Arkadaşının gözlerinin içine baka baka kahkaha attı. İki arkadaş kahkaha sesleriyle doldurdular odayı. (...) Abbas CILGA, Gülümseyen Sokak",,,,
page_220,220,"220
Türkçe 8. Sınıf
1. ÇALIŞMA
Aşağıda verilen sözcükleri metinden bularak anlamlarını tahmin ediniz. Ar­
dından tahminlerinizi sözlük anlamlarıyla karşılaştırınız.
Sözcükler
Tahminim
Sözlük anlamı
afiş
................................................ ......................................................................
imece
................................................ ......................................................................
yapıt 
................................................ ......................................................................
2. ÇALIŞMA
a. Okuduğunuz hikâyeye ait unsurları belirleyiniz.
Kişiler
Olay
Yer
Zaman
b. “Gülümseyen Sokak” adlı hikâyeyi  gerçeklik bakımından değerlendiriniz.
3. ÇALIŞMA
“Gülümseyen Sokak” adlı metni okurken kahramanların zihninizde canlanan
özelliklerini aşağıya yazınız.
Cengiz Bey:
Yazar:
Bihrat:
",Türkçe 8. Sınıf 1. ÇALIŞMA Aşağıda verilen sözcükleri metinden bularak anlamlarını tahmin ediniz. Ar­ dından tahminlerinizi sözlük anlamlarıyla karşılaştırınız. Sözcükler Tahminim Sözlük anlamı afiş ................................................ ...................................................................... imece ................................................ ...................................................................... yapıt ................................................ ...................................................................... 2. ÇALIŞMA a. Okuduğunuz hikâyeye ait unsurları belirleyiniz. Kişiler Olay Yer Zaman b. “Gülümseyen Sokak” adlı hikâyeyi gerçeklik bakımından değerlendiriniz. 3. ÇALIŞMA “Gülümseyen Sokak” adlı metni okurken kahramanların zihninizde canlanan özelliklerini aşağıya yazınız. Cengiz Bey: Yazar: Bihrat:,,,,
page_221,221,"221
8. Tema: Zaman ve Mekân
4. ÇALIŞMA
Aşağıdaki soruları metne göre cevaplayınız.
1.
Cengiz Bey, toplantı odasında oturmaktan neden hoşlanmaktadır?
2.
Kent yaşamı, Cengiz Bey’in doğayla iç içe yaşama hayaline nasıl engel olmaktadır?
3.
Cengiz Bey, yaşadığı çevreyle ilgili nelerden rahatsızlık duymaktadır?
4.
Okuduğunuz hikâyede yaşanılan çevreyi güzelleştirmek için nasıl bir proje üretil-
miştir? Siz olsaydınız ne yapardınız?
5.
Yaşadığınız sokakla Cengiz Bey’in iş yerinin olduğu sokağı karşılaştırınız.
6.
Aşağıdaki kutulara okuduğunuz hikâyenin ana fikrini ve yardımcı fikirlerini yazınız.
Yardımcı Düşünce
Ana Düşünce
Yardımcı Düşünce
Yardımcı Düşünce
Yardımcı Düşünce
5. ÇALIŞMA
“Aç tavuk kendini arpa (buğday) ambarında sanır.” atasözünü okuduğunuz me­
tindeki  örnek ve ayrıntılara atıf yaparak açıklayınız.
6. ÇALIŞMA
Okuduğunuz “Gülümseyen Sokak” adlı hikâyenin içeriği ile ilgili iki soru yazınız.
1.
................................................................................................................................
2.
................................................................................................................................
","8. Tema: Zaman ve Mekân 4. ÇALIŞMA Aşağıdaki soruları metne göre cevaplayınız. 1. Cengiz Bey, toplantı odasında oturmaktan neden hoşlanmaktadır? 2. Kent yaşamı, Cengiz Bey’in doğayla iç içe yaşama hayaline nasıl engel olmaktadır? 3. Cengiz Bey, yaşadığı çevreyle ilgili nelerden rahatsızlık duymaktadır? 4. Okuduğunuz hikâyede yaşanılan çevreyi güzelleştirmek için nasıl bir proje üretil- miştir? Siz olsaydınız ne yapardınız? 5. Yaşadığınız sokakla Cengiz Bey’in iş yerinin olduğu sokağı karşılaştırınız. 6. Aşağıdaki kutulara okuduğunuz hikâyenin ana fikrini ve yardımcı fikirlerini yazınız. Yardımcı Düşünce Ana Düşünce Yardımcı Düşünce Yardımcı Düşünce Yardımcı Düşünce 5. ÇALIŞMA “Aç tavuk kendini arpa (buğday) ambarında sanır.” atasözünü okuduğunuz me­ tindeki örnek ve ayrıntılara atıf yaparak açıklayınız. 6. ÇALIŞMA Okuduğunuz “Gülümseyen Sokak” adlı hikâyenin içeriği ile ilgili iki soru yazınız. 1. ................................................................................................................................ 2. ................................................................................................................................",,,,
page_222,222,"222
Türkçe 8. Sınıf
Hazırlık 
1. Okuduğunuz bir romanda geçen mekânları gezme şansınız olsaydı
neler hissederdiniz?  
2. Aşağıda okuyacağınız metnin konusunu görseller ve başlıktan hare-
ketle tahmin ediniz.
Aşağıdaki metni noktalama işaretlerine dikkat ederek sesli okuyunuz.
ÇALIKUŞU YUVASI
 Buraya bir iki saat mesafede bir 
""Zeyniler"" kasabası var. Havası, suyu gü­
zel,   doğal manzaraları iç açıcı, halkı  te­
miz huylu, iyi ahlaklı ve doğruluktan şaş­
mayan, cennet gibi bir yer. Orada bir 
Vakıf Mektebi vardı. Geçen sene, bir 
hayli fedakârlıkla tamir ettik ve yenileme 
yaptık. (…)
İşte herkes böyle öğrendi Zeyniler Köyü'nün adını.
Önceden Bursa'ya iki saat olarak ifade edilen Zeyniler, şimdi Bursa'nın Teleferik 
semtinden yukarıya doğru yürümeye başlandığında en fazla 5 kilometrelik bir yol. 
Özellikle doğa yürüyüşçüleri tarafından içindeki patikaların sıklıkla kullanıldığı bir 
yer. Patikaları tercih etmeyip Bursa'ya nazır bir yürüyüş yapmak isteyenler için “Z 
Yolu” dediğimiz yolu tercih edenlerin yürüyerek ulaşabileceği bir uzaklıkta.
Yürümeyi tercih etmeyenler için artık araba yolu da mevcut ama büyüklerimden 
duyduğum kadarıyla 25 yıl önce öyle bir yol yokmuş. Kaldı ki şurada 4-5 yıl öncesine 
kadar elektriği bile yoktu.
Şimdiyse bir “Çalıkuşu Evi” var.
Romanın başkarakteri olan Feride'nin ilham kaynağı olan Feride Poların doğup 
büyüdüğü köy olan Zeyniler Köyü, Bursa'nın şehir merkezine çok yakın olmasına rağ­
men unutulan bir köydü. 25 yıl önce yolu ancak yapılmış, 5 yıl önce de elektriğe yeni 
kavuşmuştu. Elektrik olmadığı için insanlar şehre taşınmış; köye elektrik gelince de 
evlerine, baba topraklarına geri gelmişlerdi. 
Feride Polat'ın doğup büyüdüğü ev, kendisi öldükten sonra miras yoluyla üç ço­
","Türkçe 8. Sınıf Hazırlık 1. Okuduğunuz bir romanda geçen mekânları gezme şansınız olsaydı neler hissederdiniz? 2. Aşağıda okuyacağınız metnin konusunu görseller ve başlıktan hare- ketle tahmin ediniz. Aşağıdaki metni noktalama işaretlerine dikkat ederek sesli okuyunuz. ÇALIKUŞU YUVASI Buraya bir iki saat mesafede bir ""Zeyniler"" kasabası var. Havası, suyu gü­ zel, doğal manzaraları iç açıcı, halkı te­ miz huylu, iyi ahlaklı ve doğruluktan şaş­ mayan, cennet gibi bir yer. Orada bir Vakıf Mektebi vardı. Geçen sene, bir hayli fedakârlıkla tamir ettik ve yenileme yaptık. (…) İşte herkes böyle öğrendi Zeyniler Köyü'nün adını. Önceden Bursa'ya iki saat olarak ifade edilen Zeyniler, şimdi Bursa'nın Teleferik semtinden yukarıya doğru yürümeye başlandığında en fazla 5 kilometrelik bir yol. Özellikle doğa yürüyüşçüleri tarafından içindeki patikaların sıklıkla kullanıldığı bir yer. Patikaları tercih etmeyip Bursa'ya nazır bir yürüyüş yapmak isteyenler için “Z Yolu” dediğimiz yolu tercih edenlerin yürüyerek ulaşabileceği bir uzaklıkta. Yürümeyi tercih etmeyenler için artık araba yolu da mevcut ama büyüklerimden duyduğum kadarıyla 25 yıl önce öyle bir yol yokmuş. Kaldı ki şurada 4-5 yıl öncesine kadar elektriği bile yoktu. Şimdiyse bir “Çalıkuşu Evi” var. Romanın başkarakteri olan Feride'nin ilham kaynağı olan Feride Poların doğup büyüdüğü köy olan Zeyniler Köyü, Bursa'nın şehir merkezine çok yakın olmasına rağ­ men unutulan bir köydü. 25 yıl önce yolu ancak yapılmış, 5 yıl önce de elektriğe yeni kavuşmuştu. Elektrik olmadığı için insanlar şehre taşınmış; köye elektrik gelince de evlerine, baba topraklarına geri gelmişlerdi. Feride Polat'ın doğup büyüdüğü ev, kendisi öldükten sonra miras yoluyla üç ço­",,,,
page_223,223,"223
8. Tema: Zaman ve Mekân
cuğuna geçmişti. Ancak 
çocukları arasında anlaş­
mazlık çıkınca ev bir duvar 
örülerek ikiye ayrılmış, üç 
kardeş de annelerinin mi­
rası olarak kalan bir evcik 
için davalık olmuşlardı. Bu 
haber ortaya çıktıktan kısa 
bir süre sonra da Yıldırım 
Belediye Başkanı Özgen Keskin, Zeyniler’e gelmiş ve burada bir konuşmasında bir söz 
vermişti: “Çalıkuşu Feride'nin evini belediye olarak satın olarak kamulaştırmak istiyo­
ruz. Bu konuda ben muhtarımız ve köylülerimizden destek istiyorum. Biz kamulaştır­
mak için istedikleri rakamı verdiğimizde biraz fazlasını istemekteler. Eğer bize biraz 
daha destek verirseniz burayı alarak “Reşat Nuri Güntekin Edebiyat Müzesi” şeklinde 
halkımızın hizmetine sunmayı hedefliyoruz."" 
Önceki yıl verilen söz tutuldu ve “Reşat Nuri Güntekin Çalıkuşu Evi”, köyde hiz­
mete başladı. 
“Çalıkuşu Evi”nde yazara ait kitapları, eski fotoğrafları bulabilirsiniz. Çayınızı 
yudumlarken kitaplarınızı okuyabilirsiniz... Yeşil Bursa'nın mis gibi Uludağ havasını 
almak isterseniz bahçelik bir alanı ve balkonu da bulunmakta. İster şehre doğru ba­
kıp gittikçe büyüyen Bursa'yı ister Feride'nin Hacı Kalfa’ya tayin konusunda verdiği 
müjdede olduğu gibi ""İsviçre gibi” Uludağ'ı seyredebilirsiniz. Özellikle yağmurlu ha­
valarda bulutların ve sisin dansını izlemek, Feride'nin kasvetli olarak çizdiği Zeyni­
ler manzarası için yeterli olacaktır. Ama orayı gidip sadece ziyaret edenler bunun bir 
doğa harikası, Tanrı'nın bir mucizesi olduğunu söyleyeceklerdir. Şahsen elimde sıca­
cık çayımla İsviçre’nin Alplerine bin basacak olan Uludağ'ı böyle havalarda izlemeye. 
Müzeyyen Senar sesinden bir Ormancı dinlemeye bayılırım. Üstelik “Z Yolu”ndan 
yukarı çıkmak zor, kabul ediyorum ama inmek de bir o kadar keyifli, yalnız bile olsa­
nız Teleferik’e inene kadar yol arkadaşınız Bursa olacaktır...
Eğer Bursa'da yaşıyorsanız ya da Bursa'ya geldiğinizde boş bir vaktiniz varsa gidin 
ve Feride'nin evini mutlaka ziyaret edin. Ya da yolunuz Bursa'ya değil de Kuşadası’na 
düşerse orada da bir Çalıkuşu Evi varmış, ben gitmedim; gidenler söyledi. Eğer sev­
diğiniz bir romanın içinde yaşamak, onunla özdeşleşmek istiyorsanız onun yazıldığı 
yeri gezmekten daha idealini bulamazsınız...
http://incircekirdegidergisi.weebly.com/derg304-pdf.html 
","8. Tema: Zaman ve Mekân cuğuna geçmişti. Ancak çocukları arasında anlaş­ mazlık çıkınca ev bir duvar örülerek ikiye ayrılmış, üç kardeş de annelerinin mi­ rası olarak kalan bir evcik için davalık olmuşlardı. Bu haber ortaya çıktıktan kısa bir süre sonra da Yıldırım Belediye Başkanı Özgen Keskin, Zeyniler’e gelmiş ve burada bir konuşmasında bir söz vermişti: “Çalıkuşu Feride'nin evini belediye olarak satın olarak kamulaştırmak istiyo­ ruz. Bu konuda ben muhtarımız ve köylülerimizden destek istiyorum. Biz kamulaştır­ mak için istedikleri rakamı verdiğimizde biraz fazlasını istemekteler. Eğer bize biraz daha destek verirseniz burayı alarak “Reşat Nuri Güntekin Edebiyat Müzesi” şeklinde halkımızın hizmetine sunmayı hedefliyoruz."" Önceki yıl verilen söz tutuldu ve “Reşat Nuri Güntekin Çalıkuşu Evi”, köyde hiz­ mete başladı. “Çalıkuşu Evi”nde yazara ait kitapları, eski fotoğrafları bulabilirsiniz. Çayınızı yudumlarken kitaplarınızı okuyabilirsiniz... Yeşil Bursa'nın mis gibi Uludağ havasını almak isterseniz bahçelik bir alanı ve balkonu da bulunmakta. İster şehre doğru ba­ kıp gittikçe büyüyen Bursa'yı ister Feride'nin Hacı Kalfa’ya tayin konusunda verdiği müjdede olduğu gibi ""İsviçre gibi” Uludağ'ı seyredebilirsiniz. Özellikle yağmurlu ha­ valarda bulutların ve sisin dansını izlemek, Feride'nin kasvetli olarak çizdiği Zeyni­ ler manzarası için yeterli olacaktır. Ama orayı gidip sadece ziyaret edenler bunun bir doğa harikası, Tanrı'nın bir mucizesi olduğunu söyleyeceklerdir. Şahsen elimde sıca­ cık çayımla İsviçre’nin Alplerine bin basacak olan Uludağ'ı böyle havalarda izlemeye. Müzeyyen Senar sesinden bir Ormancı dinlemeye bayılırım. Üstelik “Z Yolu”ndan yukarı çıkmak zor, kabul ediyorum ama inmek de bir o kadar keyifli, yalnız bile olsa­ nız Teleferik’e inene kadar yol arkadaşınız Bursa olacaktır... Eğer Bursa'da yaşıyorsanız ya da Bursa'ya geldiğinizde boş bir vaktiniz varsa gidin ve Feride'nin evini mutlaka ziyaret edin. Ya da yolunuz Bursa'ya değil de Kuşadası’na düşerse orada da bir Çalıkuşu Evi varmış, ben gitmedim; gidenler söyledi. Eğer sev­ diğiniz bir romanın içinde yaşamak, onunla özdeşleşmek istiyorsanız onun yazıldığı yeri gezmekten daha idealini bulamazsınız... http://incircekirdegidergisi.weebly.com/derg304-pdf.html",,,,
page_224,224,"224
Türkçe 8. Sınıf
1. ÇALIŞMA
Anlamını bilmediğiniz sözcüklerle ilgili aşağıdaki ilgili alanları doldurunuz.
Anlamını Bilmediğim Sözcükler
Bu Sözcüklerin Anlamlarıyla İlgili Tahminlerim
Sözcüklerin Sözlük Anlamları
Bu Sözcüklerle Kurduğum Cümleler
2. ÇALIŞMA
Aşağıdaki soruları metne göre cevaplayınız.
­
lemektedir?
6. Metinden “Zeyniler” kasabası ile ilgili çıkarımlarınızı aşağıda boş bırakılan
yere yazınız.
------------------------------------------------------------------------------------------
-------------------------------------------------------------------------------------------
",Türkçe 8. Sınıf 1. ÇALIŞMA Anlamını bilmediğiniz sözcüklerle ilgili aşağıdaki ilgili alanları doldurunuz. Anlamını Bilmediğim Sözcükler Bu Sözcüklerin Anlamlarıyla İlgili Tahminlerim Sözcüklerin Sözlük Anlamları Bu Sözcüklerle Kurduğum Cümleler 2. ÇALIŞMA Aşağıdaki soruları metne göre cevaplayınız. ­ lemektedir? 6. Metinden “Zeyniler” kasabası ile ilgili çıkarımlarınızı aşağıda boş bırakılan yere yazınız. ------------------------------------------------------------------------------------------ -------------------------------------------------------------------------------------------,,,,
page_225,225,"225
8. Tema: Zaman ve Mekân
7. Okuduğunuz metnin ana düşüncesi nedir? Aşağıdaki ilgili alana yazınız.
Ana Düşünce
3. ÇALIŞMA
Yazar, ortaya koyduğu görüşleri desteklemek için düşünceyi geliştirme yolla­
rından hangilerine başvurmuştur? 
Düşünceyi Geliştirme Yolları 
4. ÇALIŞMA
Önceden Bursa'ya iki saat olarak ifade edilen Zeyniler, şimdi Bursa'nın Teleferik
semtinden yukarıya doğru yürümeye başlandığında en fazla 5 kilometrelik bir yol. 
Özellikle doğa yürüyüşçüleri tarafından içindeki patikaların sıklıkla kullanıldığı bir 
yer. Patikaları tercih etmeyip Bursa'ya nazır bir yürüyüş yapmak isteyenler için “Z 
Yolu” dediğimiz yolu tercih edenlerin yürüyerek ulaşabileceği bir uzaklıkta.
Okuduğunuz  “Çalıkuşu Yuvası”  adlı metinden alınan yukarıdaki parçada altı 
çizili sözcüklerden fiilimsi onlanları belirleyerek bunların türlerini yazınız. 
..................................................................................................................................
..................................................................................................................................
..................................................................................................................................
5. ÇALIŞMA
“Neden-sonuç, amaç-sonuç, koşul, karşılaştırma, benzetme, örneklendirme,
abartma, nesnel, öznel ve duygu” belirten ifadeleri cümle içinde kullanınız.
.................................................................................................................................
..................................................................................................................................
..................................................................................................................................
..................................................................................................................................
","8. Tema: Zaman ve Mekân 7. Okuduğunuz metnin ana düşüncesi nedir? Aşağıdaki ilgili alana yazınız. Ana Düşünce 3. ÇALIŞMA Yazar, ortaya koyduğu görüşleri desteklemek için düşünceyi geliştirme yolla­ rından hangilerine başvurmuştur? Düşünceyi Geliştirme Yolları 4. ÇALIŞMA Önceden Bursa'ya iki saat olarak ifade edilen Zeyniler, şimdi Bursa'nın Teleferik semtinden yukarıya doğru yürümeye başlandığında en fazla 5 kilometrelik bir yol. Özellikle doğa yürüyüşçüleri tarafından içindeki patikaların sıklıkla kullanıldığı bir yer. Patikaları tercih etmeyip Bursa'ya nazır bir yürüyüş yapmak isteyenler için “Z Yolu” dediğimiz yolu tercih edenlerin yürüyerek ulaşabileceği bir uzaklıkta. Okuduğunuz “Çalıkuşu Yuvası” adlı metinden alınan yukarıdaki parçada altı çizili sözcüklerden fiilimsi onlanları belirleyerek bunların türlerini yazınız. .................................................................................................................................. .................................................................................................................................. .................................................................................................................................. 5. ÇALIŞMA “Neden-sonuç, amaç-sonuç, koşul, karşılaştırma, benzetme, örneklendirme, abartma, nesnel, öznel ve duygu” belirten ifadeleri cümle içinde kullanınız. ................................................................................................................................. .................................................................................................................................. .................................................................................................................................. ..................................................................................................................................",,,,
page_226,226,"226
Türkçe 8. Sınıf
YAZMA
1. ÇALIŞMA
Yaşadığınız bölgede bulunan müze, tarihî ve doğal yerleri gezerek beş gün boyun­
ca günlük tutunuz. Yazınızı kaleme alırken günlük türünün özelliklerine dikkat edi­
niz. Çalışmanın sonundaki değerlendirme formunu yönergelerine uygun doldurunuz.
1. gün
........................................................................................................................
........................................................................................................................
........................................................................................................................
........................................................................................................................
2. gün
........................................................................................................................
........................................................................................................................
........................................................................................................................
........................................................................................................................
3. gün
........................................................................................................................
........................................................................................................................
........................................................................................................................
........................................................................................................................
4. gün
........................................................................................................................
........................................................................................................................
........................................................................................................................
........................................................................................................................
5. gün
........................................................................................................................
........................................................................................................................
........................................................................................................................
........................................................................................................................
","Türkçe 8. Sınıf YAZMA 1. ÇALIŞMA Yaşadığınız bölgede bulunan müze, tarihî ve doğal yerleri gezerek beş gün boyun­ ca günlük tutunuz. Yazınızı kaleme alırken günlük türünün özelliklerine dikkat edi­ niz. Çalışmanın sonundaki değerlendirme formunu yönergelerine uygun doldurunuz. 1. gün ........................................................................................................................ ........................................................................................................................ ........................................................................................................................ ........................................................................................................................ 2. gün ........................................................................................................................ ........................................................................................................................ ........................................................................................................................ ........................................................................................................................ 3. gün ........................................................................................................................ ........................................................................................................................ ........................................................................................................................ ........................................................................................................................ 4. gün ........................................................................................................................ ........................................................................................................................ ........................................................................................................................ ........................................................................................................................ 5. gün ........................................................................................................................ ........................................................................................................................ ........................................................................................................................ ........................................................................................................................",,,,
page_227,227,"227
8. Tema: Zaman ve Mekân
Değerlendirme Formu
Bu günlük yazma çalışma kapsamında aşağıda listelenen davranışlardan kazandı­
ğınız beceriler için Evet, kazanamadığınız beceriler için Hayır kutucuğuna (X) işareti 
koyarak kendinizi değerlendiriniz. 
Değerlendirme Ölçütleri
Evet
Hayır
Yazma stratejilerini kullandınız mı?
Yazınız günledli yaşamınızla mı ilgili?
Yazınızın başına tarih attınız mı?
Yazınızda atasözleri, deyimler ve özdeyişler kullandınız mı?
Yazı planına uydunuz mu?
Yazınızda uygun geçiş ve bağlantı ifadeleri kullandınız mı?
Yazınızda başlık kullandınız mı?
Yazınızı dil bilgisi, imla, noktalama ve anlatım bozukluğu 
bakımından gözden geçirdiniz mi?
Yazınızı çevrenizdeki kişilerle ya da sosyal medyada paylaştınız 
mı?
Yazınızda farklı cümle türleri kullandınız mı?
Yazınızda cümleleri ögelerine uygun olarak kurdunuz mu?
Değerlendirme sonunda Hayır şeklindeki cevaplarınızı bir daha gözden geçiriniz 
ve ilgili açıklamaları tekrar ediniz. 
2. ÇALIŞMA
a. Aşağıdaki cümleleri ögelerine ayırınız.
b. Aşağıdaki cümlelerin anlamına, yüklemin türüne, ögelerin dizilişine ve ya­
pısına göre çeşitlerini karşılarına yazınız.
Cümleler
Çeşitleri
a. Buraya bir iki saat mesafede bir ""Zeyniler"" kasabası var.
b. Köyün 4-5 yıl öncesine kadar elektriği bile yoktu.
c. Eğer Bursa'da yaşıyorsanız ya da Bursa'ya geldiğinizde boş bir vak­
tiniz varsa gidin.
","8. Tema: Zaman ve Mekân Değerlendirme Formu Bu günlük yazma çalışma kapsamında aşağıda listelenen davranışlardan kazandı­ ğınız beceriler için Evet, kazanamadığınız beceriler için Hayır kutucuğuna (X) işareti koyarak kendinizi değerlendiriniz. Değerlendirme Ölçütleri Evet Hayır Yazma stratejilerini kullandınız mı? Yazınız günledli yaşamınızla mı ilgili? Yazınızın başına tarih attınız mı? Yazınızda atasözleri, deyimler ve özdeyişler kullandınız mı? Yazı planına uydunuz mu? Yazınızda uygun geçiş ve bağlantı ifadeleri kullandınız mı? Yazınızda başlık kullandınız mı? Yazınızı dil bilgisi, imla, noktalama ve anlatım bozukluğu bakımından gözden geçirdiniz mi? Yazınızı çevrenizdeki kişilerle ya da sosyal medyada paylaştınız mı? Yazınızda farklı cümle türleri kullandınız mı? Yazınızda cümleleri ögelerine uygun olarak kurdunuz mu? Değerlendirme sonunda Hayır şeklindeki cevaplarınızı bir daha gözden geçiriniz ve ilgili açıklamaları tekrar ediniz. 2. ÇALIŞMA a. Aşağıdaki cümleleri ögelerine ayırınız. b. Aşağıdaki cümlelerin anlamına, yüklemin türüne, ögelerin dizilişine ve ya­ pısına göre çeşitlerini karşılarına yazınız. Cümleler Çeşitleri a. Buraya bir iki saat mesafede bir ""Zeyniler"" kasabası var. b. Köyün 4-5 yıl öncesine kadar elektriği bile yoktu. c. Eğer Bursa'da yaşıyorsanız ya da Bursa'ya geldiğinizde boş bir vak­ tiniz varsa gidin.",,,,
page_228,228,"228
Türkçe 8. Sınıf
DİNLEME / İZLEME
­
www.eba.gov.tr adresinden “Başkent Ankara” adlı videoyu seçici, yaratıcı,
eleştirel, empati kurarak, not alarak gibi yöntem ve tekniklerinden birini
uygulayarak izleyiniz. İzleme etkinliği gerçekleştirdikten sonra aşağıdaki
çalışmaları yapınız.
İzlediğiniz videoda anlamını bilmediğiniz 
sözcüklerin anlamını “Türkçe Sözlük”ten 
öğreniniz.
Videonun konusu nedir?
Videonun 
konusuyla 
ilgili 
önceden 
bildikleriniz nelerdir?
Videonun ana düşüncesi nedir?
Videoda anlatılan şehirle ilgili dikkat çe­
kici özellikler nelerdir?
Bu izleme etkinliğinde neler öğrendiniz?
İzlediklerinizle ilgili düşünceleriniz nel­
erdir?
İzlediğiniz medya metninin hazırlanış 
amacı nedir? 
","Türkçe 8. Sınıf DİNLEME / İZLEME ­ www.eba.gov.tr adresinden “Başkent Ankara” adlı videoyu seçici, yaratıcı, eleştirel, empati kurarak, not alarak gibi yöntem ve tekniklerinden birini uygulayarak izleyiniz. İzleme etkinliği gerçekleştirdikten sonra aşağıdaki çalışmaları yapınız. İzlediğiniz videoda anlamını bilmediğiniz sözcüklerin anlamını “Türkçe Sözlük”ten öğreniniz. Videonun konusu nedir? Videonun konusuyla ilgili önceden bildikleriniz nelerdir? Videonun ana düşüncesi nedir? Videoda anlatılan şehirle ilgili dikkat çe­ kici özellikler nelerdir? Bu izleme etkinliğinde neler öğrendiniz? İzlediklerinizle ilgili düşünceleriniz nel­ erdir? İzlediğiniz medya metninin hazırlanış amacı nedir?",,,,
page_229,229,"229
8. Tema: Zaman ve Mekân
KONUŞMA
­
şınız.  
b. Hazırladığınız konuşmayı aşağıda boş bırakılan yere yazınız.
...................................................................................................................................
...................................................................................................................................
...................................................................................................................................
...................................................................................................................................
...................................................................................................................................
...................................................................................................................................
...................................................................................................................................
...................................................................................................................................
c. Yaptığınız konuşmayı aşağıdaki “Değerlendirme Formu”na göre değerlendi­
riniz. Bu hazırlıklı konuşma çalışması kapsamında aşağıda listelenen davranışlardan 
kazandığınız beceriler için Evet, kazanamadığınız beceriler için Hayır kutucuğuna 
(X) işareti koyarak kendinizi değerlendiriniz.
Değerlendirme Ölçütleri
Evet
Hayır
Konuşma stratejilerini uyguladım. 
Konuşmamda beden dilini etkili bir şekilde kullandım.
Sözcükleri anlamlarına uygun kullandım.
Konuşmamda yabancı dillerden alınmış, dilimize henüz 
yerleşmemiş sözcüklerin Türkçelerini kullandım.
Konuşmamda uygun geçiş ve bağlantı ifadelerini kullandım.
Hazırladığım konuşmayı videoya 
       çekerek genel ağda    
paylaştım.
Değerlendirme sonunda Hayır şeklindeki cevaplarınızı bir daha gözden geçiriniz 
ve ilgili açıklamaları tekrar ediniz. 
","8. Tema: Zaman ve Mekân KONUŞMA ­ şınız. b. Hazırladığınız konuşmayı aşağıda boş bırakılan yere yazınız. ................................................................................................................................... ................................................................................................................................... ................................................................................................................................... ................................................................................................................................... ................................................................................................................................... ................................................................................................................................... ................................................................................................................................... ................................................................................................................................... c. Yaptığınız konuşmayı aşağıdaki “Değerlendirme Formu”na göre değerlendi­ riniz. Bu hazırlıklı konuşma çalışması kapsamında aşağıda listelenen davranışlardan kazandığınız beceriler için Evet, kazanamadığınız beceriler için Hayır kutucuğuna (X) işareti koyarak kendinizi değerlendiriniz. Değerlendirme Ölçütleri Evet Hayır Konuşma stratejilerini uyguladım. Konuşmamda beden dilini etkili bir şekilde kullandım. Sözcükleri anlamlarına uygun kullandım. Konuşmamda yabancı dillerden alınmış, dilimize henüz yerleşmemiş sözcüklerin Türkçelerini kullandım. Konuşmamda uygun geçiş ve bağlantı ifadelerini kullandım. Hazırladığım konuşmayı videoya çekerek genel ağda paylaştım. Değerlendirme sonunda Hayır şeklindeki cevaplarınızı bir daha gözden geçiriniz ve ilgili açıklamaları tekrar ediniz.",,,,
page_230,230,"230
Türkçe 8. Sınıf
1.
Hayatta her şey ölçü ile ve bir karara göre
yapılır. Bundan dolayı her şeyin bir ölçüsü
ve zamanı vardır. Bunlara dikkat etmemiz
gerekir. Her şeyin uygun bir zamanı vardır.
Bu zamanı bilmek, kollamak gerekmektedir.
Bu açıklamayı karşılayan atasözü aşağı­
dakilerden hangisidir?
A) Aç aman bilmez, çocuk zaman bilmez.
B) Terazi var, tartı var; her şeyin bir vakti
var.
C) Su akarken testiyi doldurmalı.
D) Er kalkan işine, geç kalkan düşüne
2.
Bütün gece bir saat tıkır tıkır işledi
Düşündüm bütün gece
Kurulmuş bir saat gibi.
Elimde seçkin bir sözcük demetiyle,
Düşündüm gelip arasam seni.
Bütün gece bir saat tıkır tıkır işledi.
Bu dizeleri söyleyen kişinin ruh hâlini
en iyi yansıtan ifade aşağıdakilerden
hangisidir?
A) Mutlu
B) Ümitsiz
C) Endişeli
D) Meraklı
3.
Anılardır bir batığın koruyan gövdesini,
Acı verseler bile.
O saat, o çarpık saat duyuracak sesini
Düşümde, gerçeğimde
Sevgiyle kurarak kendi kendini.
Bu dizelerde durum anlamı bildiren kaç
tane fiilimsi kullanılmıştır?
A) 1
B) 2
C) 3
D) 4
4.
Saat çalar, zaman yürür,
Ben susarım, otururum;
Saat çalar, zaman yürür.
Geçen günler, aylar, yıllar
Ve yüzyıllar, ben dururum;
Geçer günler, aylar, yıllar…
Bu metne en uygun   başlık aşağıdaki- 
lerden hangisi olabilir?
A) Geçen Zaman
B) Vakitsizlik
C) Boş Zamanlar
D) Zamana Uymak
5.
Orda da geçiyor günler…
Duyar gibiyim, orda da,
– Her an ömrüm tükenirken –
Orda belki bir adada
Geçiyor özlenen günler.
Bu dizelerin sahibi aşağıdakilerden han­
gisini dile getirmektedir?
A) Ömrü boyunca geçim sıkıntısı çektiğini
B) Hayatın koşuşturmasından kendisine
zaman ayıramadığını
C) Çevresinde sevdiği herkesi kaybettiğini
D) Yaşlandıkça geçmişe özlem duyduğunu
8. TEMA
ÖLÇME VE DEĞERLENDİRME SORULARI
HAYAT BOYU ÖĞRENME
","Türkçe 8. Sınıf 1. Hayatta her şey ölçü ile ve bir karara göre yapılır. Bundan dolayı her şeyin bir ölçüsü ve zamanı vardır. Bunlara dikkat etmemiz gerekir. Her şeyin uygun bir zamanı vardır. Bu zamanı bilmek, kollamak gerekmektedir. Bu açıklamayı karşılayan atasözü aşağı­ dakilerden hangisidir? A) Aç aman bilmez, çocuk zaman bilmez. B) Terazi var, tartı var; her şeyin bir vakti var. C) Su akarken testiyi doldurmalı. D) Er kalkan işine, geç kalkan düşüne 2. Bütün gece bir saat tıkır tıkır işledi Düşündüm bütün gece Kurulmuş bir saat gibi. Elimde seçkin bir sözcük demetiyle, Düşündüm gelip arasam seni. Bütün gece bir saat tıkır tıkır işledi. Bu dizeleri söyleyen kişinin ruh hâlini en iyi yansıtan ifade aşağıdakilerden hangisidir? A) Mutlu B) Ümitsiz C) Endişeli D) Meraklı 3. Anılardır bir batığın koruyan gövdesini, Acı verseler bile. O saat, o çarpık saat duyuracak sesini Düşümde, gerçeğimde Sevgiyle kurarak kendi kendini. Bu dizelerde durum anlamı bildiren kaç tane fiilimsi kullanılmıştır? A) 1 B) 2 C) 3 D) 4 4. Saat çalar, zaman yürür, Ben susarım, otururum; Saat çalar, zaman yürür. Geçen günler, aylar, yıllar Ve yüzyıllar, ben dururum; Geçer günler, aylar, yıllar… Bu metne en uygun başlık aşağıdaki- lerden hangisi olabilir? A) Geçen Zaman B) Vakitsizlik C) Boş Zamanlar D) Zamana Uymak 5. Orda da geçiyor günler… Duyar gibiyim, orda da, – Her an ömrüm tükenirken – Orda belki bir adada Geçiyor özlenen günler. Bu dizelerin sahibi aşağıdakilerden han­ gisini dile getirmektedir? A) Ömrü boyunca geçim sıkıntısı çektiğini B) Hayatın koşuşturmasından kendisine zaman ayıramadığını C) Çevresinde sevdiği herkesi kaybettiğini D) Yaşlandıkça geçmişe özlem duyduğunu 8. TEMA ÖLÇME VE DEĞERLENDİRME SORULARI HAYAT BOYU ÖĞRENME",,,,
page_231,231,"231
8. Tema: Zaman ve Mekân
6.
Çok sevdim bir zamanlar, seviyorum yine de
Varolduğumu düşünmeyi, ürpererek...
Karanlık bir odada küçük bir çocuk gibi
Yağmurdan ve yalnızlıktan ürkek
Bu dizelerin anlatımında aşağıdakilerin
hangisi ağır basmaktadır?
A) Kişileştirme
B) Benzetme
C) Abartma
D) Karşıtlık
7.
Ders anlatmak üzere tahtaya çıktı.
Bu cümlede kullanılan “üzere” ifadesinin
cümleye kattığı anlam aşağıdakilerden
hangisidir?
A) Neden-sonuç
B) Koşula bağlılık
C) Amaç-sonuç
D) Karşılıklı yapma
8.
“Biz okumasını sevmeyen bir milletiz.”
Cümlesindeki anlatım bozukluğunu ne­
deni aşağıdakilerden hangisidir?
A) Ek eylemin ortak kullanılması
B) Özne-yüklem uyumsuzluğu
C) İyelik ekinin gereksiz kullanılması
D) Nesne-yüklem uyumsuzluğu
9.
Mekân canlı bir varlık gibidir. Kurulur; bu
onun için bir doğuştur. Değiştirilir; bu onun
için bir yenilenmedir. Yıkılır; bu onun için
ölümdür. Tüm bunlar olurken bir hafızanın
varlığından da bahsetmemiz gerekir. Mekâ­
nın hafızasından. Çay içtiğimiz bir yeri her­
hangi bir yerden ayıran temel unsur; oradaki
yaşanmışlığımızdır. Bu bakımdan, mekânın
hafızası onda biriktirdiğimiz anlamla alaka­
lıdır.
Bu parçada vurgulanmak istenen aşağıda­
kilerden hangisidir?
A) İnsanlar kendileri için farklı mekânlar
üretebilir.
B) Mekânlar insanlar için haytalarını sür­
dürdükleri bir yurttur.
C) Mekânlar, insanlar için farklı anlamlar
içerir.
D) İnsanlar, mekânlar üzerinde kendini son­
suz güce sahip hisseder.
10. Başımda saçlarım kardı
Deli rüzgârlarım vardı
Ovalar bana çok dardı
Benim meskenim dağlardır dağlar
Bu dizlerde geçen “dağ” sözcüğü aşağıda-
kilerden hangisini sembolize eder?
A) Özgürlüğü ve mücadeleyi
B) Tabiat güzelliklerini
C) Yaşanılacak diyarı
D) Uygarlığın gelişmesinin sebebi
HAYAT BOYU ÖĞRENME
","8. Tema: Zaman ve Mekân 6. Çok sevdim bir zamanlar, seviyorum yine de Varolduğumu düşünmeyi, ürpererek... Karanlık bir odada küçük bir çocuk gibi Yağmurdan ve yalnızlıktan ürkek Bu dizelerin anlatımında aşağıdakilerin hangisi ağır basmaktadır? A) Kişileştirme B) Benzetme C) Abartma D) Karşıtlık 7. Ders anlatmak üzere tahtaya çıktı. Bu cümlede kullanılan “üzere” ifadesinin cümleye kattığı anlam aşağıdakilerden hangisidir? A) Neden-sonuç B) Koşula bağlılık C) Amaç-sonuç D) Karşılıklı yapma 8. “Biz okumasını sevmeyen bir milletiz.” Cümlesindeki anlatım bozukluğunu ne­ deni aşağıdakilerden hangisidir? A) Ek eylemin ortak kullanılması B) Özne-yüklem uyumsuzluğu C) İyelik ekinin gereksiz kullanılması D) Nesne-yüklem uyumsuzluğu 9. Mekân canlı bir varlık gibidir. Kurulur; bu onun için bir doğuştur. Değiştirilir; bu onun için bir yenilenmedir. Yıkılır; bu onun için ölümdür. Tüm bunlar olurken bir hafızanın varlığından da bahsetmemiz gerekir. Mekâ­ nın hafızasından. Çay içtiğimiz bir yeri her­ hangi bir yerden ayıran temel unsur; oradaki yaşanmışlığımızdır. Bu bakımdan, mekânın hafızası onda biriktirdiğimiz anlamla alaka­ lıdır. Bu parçada vurgulanmak istenen aşağıda­ kilerden hangisidir? A) İnsanlar kendileri için farklı mekânlar üretebilir. B) Mekânlar insanlar için haytalarını sür­ dürdükleri bir yurttur. C) Mekânlar, insanlar için farklı anlamlar içerir. D) İnsanlar, mekânlar üzerinde kendini son­ suz güce sahip hisseder. 10. Başımda saçlarım kardı Deli rüzgârlarım vardı Ovalar bana çok dardı Benim meskenim dağlardır dağlar Bu dizlerde geçen “dağ” sözcüğü aşağıda- kilerden hangisini sembolize eder? A) Özgürlüğü ve mücadeleyi B) Tabiat güzelliklerini C) Yaşanılacak diyarı D) Uygarlığın gelişmesinin sebebi HAYAT BOYU ÖĞRENME",,,,
page_232,232,"232
Türkçe 8. Sınıf
CEVAP ANAHTARI
1. TEMA
1
2
3
4
5
6
7
8
9
10
A
B
C
D
B
C
D
C
B
C
2. TEMA
1
2
3
4
5
6
7
8
9
10
C
B
A
C
D
D
D
B
D
B
4. TEMA
1
2
3
4
5
6
7
8
9
C
D
C
B
B
C
B
A
B
3. TEMA
1
2
3
4
5
6
7
C
A
C
B
D
B
A
11
12
13
A
A
B
11
12
C
A
DOĞRU SAYISI
YANLIŞ SAYISI
DOĞRU SAYISI
YANLIŞ SAYISI
DOĞRU SAYISI
YANLIŞ SAYISI
DOĞRU SAYISI
YANLIŞ SAYISI
10
11
C
B
12
13
A
A
14
A
",Türkçe 8. Sınıf CEVAP ANAHTARI 1. TEMA 1 2 3 4 5 6 7 8 9 10 A B C D B C D C B C 2. TEMA 1 2 3 4 5 6 7 8 9 10 C B A C D D D B D B 4. TEMA 1 2 3 4 5 6 7 8 9 C D C B B C B A B 3. TEMA 1 2 3 4 5 6 7 C A C B D B A 11 12 13 A A B 11 12 C A DOĞRU SAYISI YANLIŞ SAYISI DOĞRU SAYISI YANLIŞ SAYISI DOĞRU SAYISI YANLIŞ SAYISI DOĞRU SAYISI YANLIŞ SAYISI 10 11 C B 12 13 A A 14 A,,,,
page_233,233,"233
Türkçe 8. Sınıf
7. TEMA
1
2
3
4
5
6
7
8
9
10
B
C
B
C
C
C
D
C
C
B
5. TEMA
1
2
3
4
5
6
7
8
9
C
A
C
B
C
A
D
A
D
6. TEMA
1
2
3
4
5
6
7
8
9
A
C
D
C
B
D
D
D
A
8. TEMA
1
2
3
4
5
6
7
8
9
10
B
C
A
A
D
B
C
C
C
A
11
12
13
A
C
A
DOĞRU SAYISI
YANLIŞ SAYISI
DOĞRU SAYISI
YANLIŞ SAYISI
DOĞRU SAYISI
YANLIŞ SAYISI
DOĞRU SAYISI
YANLIŞ SAYISI
",Türkçe 8. Sınıf 7. TEMA 1 2 3 4 5 6 7 8 9 10 B C B C C C D C C B 5. TEMA 1 2 3 4 5 6 7 8 9 C A C B C A D A D 6. TEMA 1 2 3 4 5 6 7 8 9 A C D C B D D D A 8. TEMA 1 2 3 4 5 6 7 8 9 10 B C A A D B C C C A 11 12 13 A C A DOĞRU SAYISI YANLIŞ SAYISI DOĞRU SAYISI YANLIŞ SAYISI DOĞRU SAYISI YANLIŞ SAYISI DOĞRU SAYISI YANLIŞ SAYISI,,,,
page_234,234,"234
Türkçe 8. Sınıf
Abbas CILGA, Gülümseyen Sokak, Özyürek Yayınevi, İstanbul, 2012.
Aka GÜNDÜZ, Çocuk Kitabı, Resimli Ay, İstanbul, 1928.
Arif Nihat ASYA Kökler ve Dallar, Ötüken Neşriyat, İstanbul, 2015.
Balıkhane Nazırı Ali Rıza Bey, Bir Zamanlar İstanbul, haz.: Niyazi Ahmet Ba­
noğlu, Tercüman, İstanbul,1995.
Bedri Rahmi Eyuboğlu, Karadut 69, Ada Kitapevi, İstanbul, 1979
Behiç AK, Bina, Mitos Boyut, İstanbul, 2013
Doğa Bilimleri Ansiklopedisi, haz.: AngelaBoglione, Luigi Miano, Liliana Piz­
zorni, Başkan Yayınları, İstanbul, 1979.
Doğan CÜCELOĞLU, İletişim Donanımları, Remzi Kitapevi, İstanbul, 2016.
Ignácz KÚNOS, Türk Halk Edebiyatı, Akçağ Yayınları, Ankara, 2019.
La Fontaine Bütün Masallar, çev.: Sabahattin Eyupoğlu, Cem Yayınları, İstan­
bul, 1984.
La Fontaine’den Masallar, çev.:Nazım Hikmet, Adam Yayınları, İstanbul, 1987.
Nasrettin Hoca, haz. Pertev Naili Boratav, Kırmızı Yayınları, İstanbul, 2006.
Üstün DÖKMEN, Selam, Sistem Yayıncılık, İstanbul, 2002.
Yakup Kadri Karaosmanoğlu, Ergenekon-Millî Mücadele Yazıları, İletişim Ya­
yınları, İstanbul, 2018.
Yaşar Kemal, Sait Faik’ten Çocuklara Hikâyeler haz. Raşit Çavaş, Türkiye İş 
Bankası Yayınları, 2012.
Yaşar KEMAL, Sarı Sıcak, Yapı Kredi Yayınları, İstanbul, 2014.
Ziya Osman Saba, Bütün Öyküleri, Can Yayınları, İstanbul, 2018.
Ziya Osman SABA, Bütün Şiirleri, Can Yayınları, İstanbul, 2014.
Zülfü LİVANELİ, Sanat Uzun Hayat Kısa, haz.: Zafer Köse Remzi Kitapevi, 
İstanbul, 2010.
KAYNAKÇA
","Türkçe 8. Sınıf Abbas CILGA, Gülümseyen Sokak, Özyürek Yayınevi, İstanbul, 2012. Aka GÜNDÜZ, Çocuk Kitabı, Resimli Ay, İstanbul, 1928. Arif Nihat ASYA Kökler ve Dallar, Ötüken Neşriyat, İstanbul, 2015. Balıkhane Nazırı Ali Rıza Bey, Bir Zamanlar İstanbul, haz.: Niyazi Ahmet Ba­ noğlu, Tercüman, İstanbul,1995. Bedri Rahmi Eyuboğlu, Karadut 69, Ada Kitapevi, İstanbul, 1979 Behiç AK, Bina, Mitos Boyut, İstanbul, 2013 Doğa Bilimleri Ansiklopedisi, haz.: AngelaBoglione, Luigi Miano, Liliana Piz­ zorni, Başkan Yayınları, İstanbul, 1979. Doğan CÜCELOĞLU, İletişim Donanımları, Remzi Kitapevi, İstanbul, 2016. Ignácz KÚNOS, Türk Halk Edebiyatı, Akçağ Yayınları, Ankara, 2019. La Fontaine Bütün Masallar, çev.: Sabahattin Eyupoğlu, Cem Yayınları, İstan­ bul, 1984. La Fontaine’den Masallar, çev.:Nazım Hikmet, Adam Yayınları, İstanbul, 1987. Nasrettin Hoca, haz. Pertev Naili Boratav, Kırmızı Yayınları, İstanbul, 2006. Üstün DÖKMEN, Selam, Sistem Yayıncılık, İstanbul, 2002. Yakup Kadri Karaosmanoğlu, Ergenekon-Millî Mücadele Yazıları, İletişim Ya­ yınları, İstanbul, 2018. Yaşar Kemal, Sait Faik’ten Çocuklara Hikâyeler haz. Raşit Çavaş, Türkiye İş Bankası Yayınları, 2012. Yaşar KEMAL, Sarı Sıcak, Yapı Kredi Yayınları, İstanbul, 2014. Ziya Osman Saba, Bütün Öyküleri, Can Yayınları, İstanbul, 2018. Ziya Osman SABA, Bütün Şiirleri, Can Yayınları, İstanbul, 2014. Zülfü LİVANELİ, Sanat Uzun Hayat Kısa, haz.: Zafer Köse Remzi Kitapevi, İstanbul, 2010. KAYNAKÇA",,,,
page_235,235,"235
Türkçe 8. Sınıf
www.eba.gov.tr
https://www.sabah.com.tr
www. yesilgazete.org
http://istanbul.meb.gov.tr/dergi/dergi10/#/0
https://eortak.dtm.gov.tr/eortak/login/getPage.htm?page=SBBUPKilavuz.htm
http://incircekirdegidergisi.weebly.com/derg304-pdf.html
GÖRSEL KAYNAKÇA
21, 53, 54, 75, 106, 131,132 ve 178. sayfalardaki görseller Fatih Sağlam ve Er-han 
Dündar tarafından bu kitap için çizilmiştir. 48. sayfa: https://www.misircar-
sisi.org.tr, 133. sayfa: https://www.tccb.gov.tr/muzekosk/ 138-139. sayfalar: http://
istanbul.meb.gov.tr/dergi/dergi10/#/0, 
217-218. 
sayfalar: 
http://incircekirdegi-
dergisi.weebly.com/derg304-pdf.html adreslerinden alınmıştır. Diğer görseller 
yayınevi arşivi ve https://www.shutterstock.com adresinden telif ücreti ödenerek 
kullanılmıştır.
GENEL AĞ KAYNAKÇA
","Türkçe 8. Sınıf www.eba.gov.tr https://www.sabah.com.tr www. yesilgazete.org http://istanbul.meb.gov.tr/dergi/dergi10/#/0 https://eortak.dtm.gov.tr/eortak/login/getPage.htm?page=SBBUPKilavuz.htm http://incircekirdegidergisi.weebly.com/derg304-pdf.html GÖRSEL KAYNAKÇA 21, 53, 54, 75, 106, 131,132 ve 178. sayfalardaki görseller Fatih Sağlam ve Er-han Dündar tarafından bu kitap için çizilmiştir. 48. sayfa: https://www.misircar- sisi.org.tr, 133. sayfa: https://www.tccb.gov.tr/muzekosk/ 138-139. sayfalar: http:// istanbul.meb.gov.tr/dergi/dergi10/#/0, 217-218. sayfalar: http://incircekirdegi- dergisi.weebly.com/derg304-pdf.html adreslerinden alınmıştır. Diğer görseller yayınevi arşivi ve https://www.shutterstock.com adresinden telif ücreti ödenerek kullanılmıştır. GENEL AĞ KAYNAKÇA",,,,
